"date","name","amount","status","category","parent category","excluded","tags","type","account","account mask","note","recurring"
"2023-05-01","Rent Payment","1325","posted","Rent","Housing","false","","regular","Checking","3456","","true"
"2023-05-10","Nyct Paygo","3","posted","Train","Transportation","false","","regular","Secondary CC","7291","","false"
"2023-05-10","Nyct Paygo","2.9","posted","Train","Transportation","false","","regular","Primary CC","4832","","false"
"2023-05-10","Devocion","7.34","posted","Cafés","Food & Drink","false","","regular","Primary CC","4832","","false"
"2023-05-10","Trader Joe's","11.55","posted","Groceries","Food & Drink","false","","regular","Primary CC","4832","","false"
"2023-05-10","Other Merchant","20.13","posted","Other","Other","false","","regular","Primary CC","4832","","false"
"2023-05-11","Nyct Paygo","3","posted","Train","Transportation","false","","regular","Secondary CC","7291","","false"
"2023-05-11","Metropolitan Tra","3","posted","Train","Transportation","false","","regular","Secondary CC","7291","","false"
"2023-05-12","Other Grocery","62.27","posted","Groceries","Food & Drink","false","","regular","Secondary CC","7291","","false"
"2023-05-12","Lark Cafe","-105.92","posted","Tips","Income","true","","income","Checking","3456","","false"
"2023-05-13","Keep The Change Transfer","-0.42","posted","Savings","Transfer","true","","internal transfer","Checking","3456","","false"
"2023-05-13","Other Shop","54.81","posted","Shops","Shopping","false","","regular","Secondary CC","7291","","false"
"2023-05-13","Cleaners","20","posted","Laundry","Personal Care","false","","regular","Debit","3456","","false"
"2023-05-13","Other Shop","53.81","posted","Shops","Shopping","false","","regular","Primary CC","4832","","false"
"2023-05-14","Symbioun Payroll","-2536.8","posted","Payroll","Income","true","","income","Checking","3456","","true"
"2023-05-15","Nyct Paygo","2.9","posted","Train","Transportation","false","","regular","Secondary CC","7291","","false"
"2023-05-16","Mta*Nyct Paygo","2.9","posted","Train","Transportation","false","","regular","Primary CC","4832","","false"
"2023-05-16","Amazon","5.88","posted","Shops","Shopping","false","","regular","Secondary CC","7291","","false"
"2023-05-17","Square Payroll","-385.13","posted","Side Income","Income","true","","income","Checking","3456","","true"
"2023-05-17","Five Guys","14.99","posted","Fast Food","Food & Drink","false","","regular","Primary CC","4832","","false"
"2023-05-17","Nyct Paygo","3","posted","Train","Transportation","false","","regular","Secondary CC","7291","","false"
"2023-05-17","Devocion","5.08","posted","Cafés","Food & Drink","false","","regular","Primary CC","4832","","false"
"2023-05-17","Other Merchant","36.84","posted","Other","Other","false","","regular","Primary CC","4832","","false"
"2023-05-17","Nyct Paygo","2.9","posted","Train","Transportation","false","","regular","Secondary CC","7291","","false"
"2023-05-17","Other Bar","46.06","posted","Bars","Food & Drink","false","","regular","Secondary CC","7291","","false"
"2023-05-17","Chick-Fil-A","9.28","posted","Fast Food","Food & Drink","false","","regular","Debit","3456","","false"
"2023-05-17","T-Mobile","15","posted","Phone","Utilities","false","","regular","Primary CC","4832","","false"
"2023-05-17","Other Restaurant","15.42","posted","Restaurants","Food & Drink","false","","regular","Primary CC","4832","","false"
"2023-05-18","Other Fast Food","11.31","posted","Fast Food","Food & Drink","false","","regular","Debit","3456","","false"
"2023-05-18","Nyct Paygo","2.9","posted","Train","Transportation","false","","regular","Secondary CC","7291","","false"
"2023-05-18","Panera Bread","17.9","posted","Fast Food","Food & Drink","false","","regular","Primary CC","4832","","false"
"2023-05-19","Lyft","11.83","posted","Uber","Transportation","false","","regular","Secondary CC","7291","","false"
"2023-05-19","Nyct Paygo","2.9","posted","Train","Transportation","false","","regular","Secondary CC","7291","","false"
"2023-05-19","Nyct Paygo","2.9","posted","Train","Transportation","false","","regular","Primary CC","4832","","false"
"2023-05-19","Nyct Paygo","3","posted","Train","Transportation","false","","regular","Secondary CC","7291","","false"
"2023-05-20","Conductor Inc Deposit","-776.6","posted","Side Income","Income","true","","income","Checking","3456","","false"
"2023-05-20","Nyct Paygo","2.9","posted","Train","Transportation","false","","regular","Secondary CC","7291","","false"
"2023-05-20","Trader Joe's","17.94","posted","Groceries","Food & Drink","false","","regular","Primary CC","4832","","false"
"2023-05-20","Metropolitan Tra","3","posted","Train","Transportation","false","","regular","Secondary CC","7291","","false"
"2023-05-20","Mta*Nyct Paygo","2.9","posted","Train","Transportation","false","","regular","Secondary CC","7291","","false"
"2023-05-21","Nyct Paygo","3","posted","Train","Transportation","false","","regular","Primary CC","4832","","false"
"2023-05-21","Laundromat","8.5","posted","Laundry","Personal Care","false","","regular","Debit","3456","","false"
"2023-05-22","Chipotle","14.01","posted","Fast Food","Food & Drink","false","","regular","Debit","3456","","false"
"2023-05-22","Food Bazaar","5","posted","Groceries","Food & Drink","false","","regular","Secondary CC","7291","","false"
"2023-05-23","Other Shop","7.78","posted","Shops","Shopping","false","","regular","Primary CC","4832","","false"
"2023-05-23","Other Fast Food","12.6","posted","Fast Food","Food & Drink","false","","regular","Primary CC","4832","","false"
"2023-05-23","Nyct Paygo","2.9","posted","Train","Transportation","false","","regular","Secondary CC","7291","","false"
"2023-05-24","McDonald's","16.56","posted","Fast Food","Food & Drink","false","","regular","Secondary CC","7291","","false"
"2023-05-24","Joe Coffee","8.46","posted","Cafés","Food & Drink","false","","regular","Secondary CC","7291","","false"
"2023-05-25","Nyct Paygo","2.9","posted","Train","Transportation","false","","regular","Secondary CC","7291","","false"
"2023-05-25","Apple.com/bill","6.99","posted","Subscriptions","Entertainment","false","","regular","Primary CC","4832","","true"
"2023-05-25","Lyft","13.65","posted","Uber","Transportation","false","","regular","Secondary CC","7291","","false"
"2023-05-25","Duane Reade","7.14","posted","Other","Other","false","","regular","Primary CC","4832","","false"
"2023-05-25","Chick-Fil-A","11.92","posted","Fast Food","Food & Drink","false","","regular","Secondary CC","7291","","false"
"2023-05-25","Sweetgreen","11.21","posted","Fast Food","Food & Drink","false","","regular","Secondary CC","7291","","false"
"2023-05-25","Nyct Paygo","2.9","posted","Train","Transportation","false","","regular","Secondary CC","7291","","false"
"2023-05-25","Nyct Paygo","3","posted","Train","Transportation","false","","regular","Secondary CC","7291","","false"
"2023-05-26","Nyct Paygo","2.9","posted","Train","Transportation","false","","regular","Secondary CC","7291","","false"
"2023-05-26","Nyct Paygo","3","posted","Train","Transportation","false","","regular","Secondary CC","7291","","false"
"2023-05-26","McDonald's","5.87","posted","Fast Food","Food & Drink","false","","regular","Secondary CC","7291","","false"
"2023-05-26","Metropolitan Tra","2.9","posted","Train","Transportation","false","","regular","Secondary CC","7291","","false"
"2023-05-26","Nyct Paygo","2.9","posted","Train","Transportation","false","","regular","Secondary CC","7291","","false"
"2023-05-27","Lyft","18.27","posted","Uber","Transportation","false","","regular","Primary CC","4832","","false"
"2023-05-27","Venmo Cashout","73.76","posted","Transfer","Transfer","true","","internal transfer","Checking","3456","","false"
"2023-05-27","Other Merchant","11.86","posted","Other","Other","false","","regular","Primary CC","4832","","false"
"2023-05-27","Regal Cinema","19.05","posted","Entertainment","Entertainment","false","","regular","Primary CC","4832","","false"
"2023-05-28","Con Edison","67.12","posted","Gas & Electric","Utilities","false","","regular","Primary CC","4832","","false"
"2023-05-28","Symbioun Payroll","-2551.5","posted","Payroll","Income","true","","income","Checking","3456","","true"
"2023-05-28","Duane Reade","29.17","posted","Other","Other","false","","regular","Primary CC","4832","","false"
"2023-05-28","Devocion","6.87","posted","Cafés","Food & Drink","false","","regular","Secondary CC","7291","","false"
"2023-05-29","Nyct Paygo","2.9","posted","Train","Transportation","false","","regular","Secondary CC","7291","","false"
"2023-05-29","Nyct Paygo","3","posted","Train","Transportation","false","","regular","Secondary CC","7291","","false"
"2023-05-30","Nyct Paygo","3","posted","Train","Transportation","false","","regular","Secondary CC","7291","","false"
"2023-05-30","McDonald's","13.38","posted","Fast Food","Food & Drink","false","","regular","Secondary CC","7291","","false"
"2023-05-30","Keep The Change Transfer","-0.76","posted","Savings","Transfer","true","","internal transfer","Checking","3456","","false"
"2023-05-30","Other Café","3.12","posted","Cafés","Food & Drink","false","","regular","Primary CC","4832","","false"
"2023-05-30","Other Entertainment","27.84","posted","Entertainment","Entertainment","false","","regular","Secondary CC","7291","","false"
"2023-05-30","Whole Foods","27.16","posted","Groceries","Food & Drink","false","","regular","Secondary CC","7291","","false"
"2023-05-30","Navient Student Loan","280","posted","Student Loan","Debt","false","","regular","Checking","3456","","true"
"2023-05-31","Nyct Paygo","2.9","posted","Train","Transportation","false","","regular","Secondary CC","7291","","false"
"2023-05-31","Costco","39.3","posted","Groceries","Food & Drink","false","","regular","Primary CC","4832","","false"
"2023-05-31","Venmo Cashout","52.64","posted","Transfer","Transfer","true","","internal transfer","Checking","3456","","false"
"2023-05-31","Mta*Nyct Paygo","2.9","posted","Train","Transportation","false","","regular","Secondary CC","7291","","false"
"2023-05-31","Keep The Change Transfer","-0.56","posted","Savings","Transfer","true","","internal transfer","Checking","3456","","false"
"2023-05-31","Nyct Paygo","2.9","posted","Train","Transportation","false","","regular","Secondary CC","7291","","false"
"2023-05-31","Square Payroll","-421.51","posted","Side Income","Income","true","","income","Checking","3456","","true"
"2023-05-31","Other Merchant","35.1","posted","Other","Other","false","","regular","Primary CC","4832","","false"
"2023-06-01","Panera Bread","8.81","posted","Fast Food","Food & Drink","false","","regular","Primary CC","4832","","false"
"2023-06-01","Rent Payment","1325","posted","Rent","Housing","false","","regular","Checking","3456","","true"
"2023-06-01","Other Restaurant","33.81","posted","Restaurants","Food & Drink","false","","regular","Venmo","9012","","false"
"2023-06-01","Nyct Paygo","2.9","posted","Train","Transportation","false","","regular","Secondary CC","7291","","false"
"2023-06-03","Other Merchant","38.58","posted","Other","Other","false","","regular","Secondary CC","7291","","false"
"2023-06-03","Lark Cafe","-220.07","posted","Tips","Income","true","","income","Checking","3456","","false"
"2023-06-03","Whole Foods","16.71","posted","Groceries","Food & Drink","false","","regular","Primary CC","4832","","false"
"2023-06-03","Nyct Paygo","2.9","posted","Train","Transportation","false","","regular","Secondary CC","7291","","false"
"2023-06-03","Other Merchant","24.75","posted","Other","Other","false","","regular","Secondary CC","7291","","false"
"2023-06-03","Other Clothing","11.67","posted","Clothing","Shopping","false","","regular","Secondary CC","7291","","false"
"2023-06-03","Mta*Nyct Paygo","2.9","posted","Train","Transportation","false","","regular","Secondary CC","7291","","false"
"2023-06-03","Land To Sea","14.71","posted","Cafés","Food & Drink","false","","regular","Primary CC","4832","","false"
"2023-06-03","Chipotle","7.51","posted","Fast Food","Food & Drink","false","","regular","Primary CC","4832","","false"
"2023-06-04","Credit Card Payment","-1013.2","posted","Credit Card Payment","Transfer","true","","internal transfer","Checking","3456","","true"
"2023-06-04","Nyct Paygo","2.9","posted","Train","Transportation","false","","regular","Secondary CC","7291","","false"
"2023-06-04","Other Fast Food","8.76","posted","Fast Food","Food & Drink","false","","regular","Secondary CC","7291","","false"
"2023-06-04","Chipotle","12.42","posted","Fast Food","Food & Drink","false","","regular","Primary CC","4832","","false"
"2023-06-04","Joe Coffee","5.76","posted","Cafés","Food & Drink","false","","regular","Primary CC","4832","","false"
"2023-06-05","Other Fast Food","18.82","posted","Fast Food","Food & Drink","false","","regular","Primary CC","4832","","false"
"2023-06-05","Other Restaurant","20.38","posted","Restaurants","Food & Drink","false","","regular","Debit","3456","","false"
"2023-06-05","Other Merchant","97.4","posted","Other","Other","false","","regular","Debit","3456","","false"
"2023-06-05","Metropolitan Tra","2.9","posted","Train","Transportation","false","","regular","Secondary CC","7291","","false"
"2023-06-06","Sushi Katsuei","39.32","posted","Restaurants","Food & Drink","false","","regular","Primary CC","4832","","false"
"2023-06-06","Sweetgreen","13.12","posted","Fast Food","Food & Drink","false","","regular","Primary CC","4832","","false"
"2023-06-06","Nyct Paygo","2.9","posted","Train","Transportation","false","","regular","Secondary CC","7291","","false"
"2023-06-06","Amazon","16.78","posted","Shops","Shopping","false","","regular","Primary CC","4832","","false"
"2023-06-06","Nyct Paygo","2.9","posted","Train","Transportation","false","","regular","Secondary CC","7291","","false"
"2023-06-07","Nyct Paygo","3","posted","Train","Transportation","false","","regular","Secondary CC","7291","","false"
"2023-06-07","Nyct Paygo","2.9","posted","Train","Transportation","false","","regular","Secondary CC","7291","","false"
"2023-06-07","Mta*Nyct Paygo","2.9","posted","Train","Transportation","false","","regular","Secondary CC","7291","","false"
"2023-06-07","Mta*Nyct Paygo","2.9","posted","Train","Transportation","false","","regular","Secondary CC","7291","","false"
"2023-06-07","Nyct Paygo","2.9","posted","Train","Transportation","false","","regular","Secondary CC","7291","","false"
"2023-06-07","Interest Payment","-3.56","posted","Interest","Income","true","","income","Savings","6789","","true"
"2023-06-07","Other Fast Food","10.9","posted","Fast Food","Food & Drink","false","","regular","Secondary CC","7291","","false"
"2023-06-07","Nyct Paygo","2.9","posted","Train","Transportation","false","","regular","Secondary CC","7291","","false"
"2023-06-07","T-Mobile","15","posted","Phone","Utilities","false","","regular","Primary CC","4832","","false"
"2023-06-07","Nyct Paygo","3","posted","Train","Transportation","false","","regular","Secondary CC","7291","","false"
"2023-06-07","Café Regular","5.88","posted","Cafés","Food & Drink","false","","regular","Secondary CC","7291","","false"
"2023-06-07","Bowlero","20.88","posted","Entertainment","Entertainment","false","","regular","Secondary CC","7291","","false"
"2023-06-07","Trader Joe's","19.41","posted","Groceries","Food & Drink","false","","regular","Primary CC","4832","","false"
"2023-06-08","Uniqlo","50.61","posted","Clothing","Shopping","false","","regular","Secondary CC","7291","","false"
"2023-06-08","Nyct Paygo","2.9","posted","Train","Transportation","false","","regular","Secondary CC","7291","","false"
"2023-06-08","Nyct Paygo","2.9","posted","Train","Transportation","false","","regular","Secondary CC","7291","","false"
"2023-06-08","Uber","53.56","posted","Uber","Transportation","false","","regular","Primary CC","4832","","false"
"2023-06-09","Metropolitan Tra","3","posted","Train","Transportation","false","","regular","Secondary CC","7291","","false"
"2023-06-09","Food Bazaar","56.61","posted","Groceries","Food & Drink","false","","regular","Debit","3456","","false"
"2023-06-09","Nyct Paygo","2.9","posted","Train","Transportation","false","","regular","Secondary CC","7291","","false"
"2023-06-09","Other Clothing","82","posted","Clothing","Shopping","false","","regular","Primary CC","4832","","false"
"2023-06-10","Other Grocery","66.97","posted","Groceries","Food & Drink","false","","regular","Secondary CC","7291","","false"
"2023-06-11","Sey Coffee","6.65","posted","Cafés","Food & Drink","false","","regular","Secondary CC","7291","","false"
"2023-06-11","Other Bar","56.3","posted","Bars","Food & Drink","false","","regular","Primary CC","4832","","false"
"2023-06-11","Symbioun Payroll","-2551.98","posted","Payroll","Income","true","","income","Checking","3456","","true"
"2023-06-11","Other Entertainment","26.28","posted","Entertainment","Entertainment","false","","regular","Primary CC","4832","","false"
"2023-06-11","Mta*Nyct Paygo","3","posted","Train","Transportation","false","","regular","Secondary CC","7291","","false"
"2023-06-11","Whole Foods","5.8","posted","Groceries","Food & Drink","false","","regular","Primary CC","4832","","false"
"2023-06-12","Target","35.81","posted","Groceries","Food & Drink","false","","regular","Primary CC","4832","","false"
"2023-06-12","Nyct Paygo","2.9","posted","Train","Transportation","false","","regular","Secondary CC","7291","","false"
"2023-06-12","Panera Bread","9.78","posted","Fast Food","Food & Drink","false","","regular","Primary CC","4832","","false"
"2023-06-12","Skinny Dennis","19.22","posted","Bars","Food & Drink","false","","regular","Secondary CC","7291","","false"
"2023-06-12","Uniqlo","41.37","posted","Clothing","Shopping","false","","regular","Debit","3456","","false"
"2023-06-12","Mint Mobile","15","posted","Phone","Utilities","false","","regular","Primary CC","4832","","false"
"2023-06-12","Target","30.72","posted","Groceries","Food & Drink","false","","regular","Secondary CC","7291","","false"
"2023-06-13","Nyct Paygo","2.9","posted","Train","Transportation","false","","regular","Primary CC","4832","","false"
"2023-06-13","McDonald's","10.39","posted","Fast Food","Food & Drink","false","","regular","Primary CC","4832","","false"
"2023-06-13","Mta*Nyct Paygo","2.9","posted","Train","Transportation","false","","regular","Secondary CC","7291","","false"
"2023-06-14","Metropolitan Tra","3","posted","Train","Transportation","false","","regular","Secondary CC","7291","","false"
"2023-06-14","Square Payroll","-343.24","posted","Side Income","Income","true","","income","Checking","3456","","true"
"2023-06-14","Nyct Paygo","2.9","posted","Train","Transportation","false","","regular","Secondary CC","7291","","false"
"2023-06-14","Nyct Paygo","2.9","posted","Train","Transportation","false","","regular","Secondary CC","7291","","false"
"2023-06-14","Other Clothing","29.16","posted","Clothing","Shopping","false","","regular","Secondary CC","7291","","false"
"2023-06-14","Lark Cafe","-182.9","posted","Tips","Income","true","","income","Checking","3456","","false"
"2023-06-14","Other Restaurant","63.33","posted","Restaurants","Food & Drink","false","","regular","Secondary CC","7291","","false"
"2023-06-15","Mta*Nyct Paygo","2.9","posted","Train","Transportation","false","","regular","Secondary CC","7291","","false"
"2023-06-15","Nyct Paygo","2.9","posted","Train","Transportation","false","","regular","Secondary CC","7291","","false"
"2023-06-15","Nyct Paygo","3","posted","Train","Transportation","false","","regular","Secondary CC","7291","","false"
"2023-06-16","Whole Foods","13.18","posted","Groceries","Food & Drink","false","","regular","Primary CC","4832","","false"
"2023-06-16","Nyct Paygo","2.9","posted","Train","Transportation","false","","regular","Secondary CC","7291","","false"
"2023-06-17","Other Fast Food","12.91","posted","Fast Food","Food & Drink","false","","regular","Primary CC","4832","","false"
"2023-06-17","Trader Joe's","31.29","posted","Groceries","Food & Drink","false","","regular","Debit","3456","","false"
"2023-06-17","Metropolitan Tra","2.9","posted","Train","Transportation","false","","regular","Secondary CC","7291","","false"
"2023-06-17","Nyct Paygo","2.9","posted","Train","Transportation","false","","regular","Secondary CC","7291","","false"
"2023-06-17","Trader Joe's","31","posted","Groceries","Food & Drink","false","","regular","Primary CC","4832","","false"
"2023-06-18","Sweetleaf","10.08","posted","Cafés","Food & Drink","false","","regular","Primary CC","4832","","false"
"2023-06-19","Conductor Inc Deposit","-742.67","posted","Side Income","Income","true","","income","Checking","3456","","false"
"2023-06-19","Sweetleaf","5.45","posted","Cafés","Food & Drink","false","","regular","Secondary CC","7291","","false"
"2023-06-19","Food Bazaar","37.94","posted","Groceries","Food & Drink","false","","regular","Primary CC","4832","","false"
"2023-06-19","Con Edison","34.93","posted","Gas & Electric","Utilities","false","","regular","Checking","3456","","false"
"2023-06-20","Spectrum","59.99","posted","Internet","Utilities","false","","regular","Primary CC","4832","","false"
"2023-06-20","Metropolitan Tra","3","posted","Train","Transportation","false","","regular","Secondary CC","7291","","false"
"2023-06-20","Keep The Change Transfer","-0.92","posted","Savings","Transfer","true","","internal transfer","Checking","3456","","false"
"2023-06-20","Nyct Paygo","2.9","posted","Train","Transportation","false","","regular","Secondary CC","7291","","false"
"2023-06-20","Win Son","41.57","posted","Restaurants","Food & Drink","false","","regular","Secondary CC","7291","","false"
"2023-06-20","Key Food","7.67","posted","Groceries","Food & Drink","false","","regular","Secondary CC","7291","","false"
"2023-06-21","Nyct Paygo","2.9","posted","Train","Transportation","false","","regular","Secondary CC","7291","","false"
"2023-06-21","Nyct Paygo","3","posted","Train","Transportation","false","","regular","Secondary CC","7291","","false"
"2023-06-21","Land To Sea","2.66","posted","Cafés","Food & Drink","false","","regular","Secondary CC","7291","","false"
"2023-06-21","Keep The Change Transfer","-0.29","posted","Savings","Transfer","true","","internal transfer","Checking","3456","","false"
"2023-06-22","Subway","23.57","posted","Fast Food","Food & Drink","false","","regular","Primary CC","4832","","false"
"2023-06-22","Blue Bottle","7.17","posted","Cafés","Food & Drink","false","","regular","Primary CC","4832","","false"
"2023-06-22","Walgreens","29.02","posted","Other","Other","false","","regular","Primary CC","4832","","false"
"2023-06-22","Other Restaurant","71.23","posted","Restaurants","Food & Drink","false","","regular","Debit","3456","","false"
"2023-06-22","Nyct Paygo","2.9","posted","Train","Transportation","false","","regular","Secondary CC","7291","","false"
"2023-06-22","AMC Theatres","10.71","posted","Entertainment","Entertainment","false","","regular","Secondary CC","7291","","false"
"2023-06-22","Duane Reade","44.52","posted","Pharmacy","Health","false","","regular","Secondary CC","7291","","false"
"2023-06-23","Win Son","33.22","posted","Restaurants","Food & Drink","false","","regular","Secondary CC","7291","","false"
"2023-06-24","Venmo Cashout","30.66","posted","Transfer","Transfer","true","","internal transfer","Checking","3456","","false"
"2023-06-24","Apple.com/bill","6.99","posted","Subscriptions","Entertainment","false","","regular","Primary CC","4832","","true"
"2023-06-24","Nyct Paygo","3","posted","Train","Transportation","false","","regular","Secondary CC","7291","","false"
"2023-06-24","Trader Joe's","36.42","posted","Groceries","Food & Drink","false","","regular","Primary CC","4832","","false"
"2023-06-25","Walgreens","28.61","posted","Other","Other","false","","regular","Debit","3456","","false"
"2023-06-25","Symbioun Payroll","-2531.26","posted","Payroll","Income","true","","income","Checking","3456","","true"
"2023-06-25","Nyct Paygo","2.9","posted","Train","Transportation","false","","regular","Secondary CC","7291","","false"
"2023-06-25","Costco","12.8","posted","Groceries","Food & Drink","false","","regular","Primary CC","4832","","false"
"2023-06-25","Other Restaurant","83.59","posted","Restaurants","Food & Drink","false","","regular","Debit","3456","","false"
"2023-06-25","Nyct Paygo","2.9","posted","Train","Transportation","false","","regular","Primary CC","4832","","false"
"2023-06-25","Nyct Paygo","3","posted","Train","Transportation","false","","regular","Secondary CC","7291","","false"
"2023-06-26","Other Entertainment","23.24","posted","Entertainment","Entertainment","false","","regular","Primary CC","4832","","false"
"2023-06-27","Nyct Paygo","3","posted","Train","Transportation","false","","regular","Secondary CC","7291","","false"
"2023-06-27","Nyct Paygo","2.9","posted","Train","Transportation","false","","regular","Secondary CC","7291","","false"
"2023-06-27","Nyct Paygo","2.9","posted","Train","Transportation","false","","regular","Secondary CC","7291","","false"
"2023-06-27","Nyct Paygo","3","posted","Train","Transportation","false","","regular","Secondary CC","7291","","false"
"2023-06-27","Nyct Paygo","2.9","posted","Train","Transportation","false","","regular","Secondary CC","7291","","false"
"2023-06-27","Nyct Paygo","2.9","posted","Train","Transportation","false","","regular","Secondary CC","7291","","false"
"2023-06-28","Amazon","143.73","posted","Other","Other","false","","regular","Secondary CC","7291","","false"
"2023-06-28","Nyct Paygo","2.9","posted","Train","Transportation","false","","regular","Secondary CC","7291","","false"
"2023-06-28","Other Fast Food","11.46","posted","Fast Food","Food & Drink","false","","regular","Primary CC","4832","","false"
"2023-06-28","Other Fast Food","10.31","posted","Fast Food","Food & Drink","false","","regular","Primary CC","4832","","false"
"2023-06-28","Nyct Paygo","3","posted","Train","Transportation","false","","regular","Secondary CC","7291","","false"
"2023-06-28","Square Payroll","-395.75","posted","Side Income","Income","true","","income","Checking","3456","","true"
"2023-06-29","Navient Student Loan","280","posted","Student Loan","Debt","false","","regular","Checking","3456","","true"
"2023-06-29","Other Restaurant","31.69","posted","Restaurants","Food & Drink","false","","regular","Venmo","9012","","false"
"2023-06-30","Nyct Paygo","2.9","posted","Train","Transportation","false","","regular","Secondary CC","7291","","false"
"2023-06-30","Con Edison","63.66","posted","Gas & Electric","Utilities","false","","regular","Checking","3456","","false"
"2023-06-30","Venmo Cashout","129.15","posted","Transfer","Transfer","true","","internal transfer","Checking","3456","","false"
"2023-06-30","Other Shop","24.91","posted","Shops","Shopping","false","","regular","Secondary CC","7291","","false"
"2023-06-30","Nyct Paygo","3","posted","Train","Transportation","false","","regular","Secondary CC","7291","","false"
"2023-06-30","Chick-Fil-A","7.4","posted","Fast Food","Food & Drink","false","","regular","Primary CC","4832","","false"
"2023-06-30","Mta*Nyct Paygo","2.9","posted","Train","Transportation","false","","regular","Secondary CC","7291","","false"
"2023-07-01","Rent Payment","1325","posted","Rent","Housing","false","","regular","Checking","3456","","true"
"2023-07-01","Nyct Paygo","3","posted","Train","Transportation","false","","regular","Secondary CC","7291","","false"
"2023-07-02","Mta*Nyct Paygo","3","posted","Train","Transportation","false","","regular","Primary CC","4832","","false"
"2023-07-03","Keep The Change Transfer","-0.95","posted","Savings","Transfer","true","","internal transfer","Checking","3456","","false"
"2023-07-03","Devocion","5.7","posted","Cafés","Food & Drink","false","","regular","Secondary CC","7291","","false"
"2023-07-03","Thai Villa","48.08","posted","Restaurants","Food & Drink","false","","regular","Primary CC","4832","","false"
"2023-07-03","Other Shop","38.02","posted","Shops","Shopping","false","","regular","Secondary CC","7291","","false"
"2023-07-03","Trader Joe's","27","posted","Groceries","Food & Drink","false","","regular","Secondary CC","7291","","false"
"2023-07-03","Nyct Paygo","2.9","posted","Train","Transportation","false","","regular","Secondary CC","7291","","false"
"2023-07-03","Nyct Paygo","2.9","posted","Train","Transportation","false","","regular","Secondary CC","7291","","false"
"2023-07-03","Devocion","8.4","posted","Cafés","Food & Drink","false","","regular","Primary CC","4832","","false"
"2023-07-04","Subway","16.29","posted","Fast Food","Food & Drink","false","","regular","Primary CC","4832","","false"
"2023-07-04","Mta*Nyct Paygo","2.9","posted","Train","Transportation","false","","regular","Secondary CC","7291","","false"
"2023-07-04","Nyct Paygo","2.9","posted","Train","Transportation","false","","regular","Secondary CC","7291","","false"
"2023-07-04","Credit Card Payment","-1471.67","posted","Credit Card Payment","Transfer","true","","internal transfer","Checking","3456","","true"
"2023-07-04","Amazon","39.54","posted","Other","Other","false","","regular","Debit","3456","","false"
"2023-07-04","Nyct Paygo","2.9","posted","Train","Transportation","false","","regular","Secondary CC","7291","","false"
"2023-07-05","Nyct Paygo","2.9","posted","Train","Transportation","false","","regular","Secondary CC","7291","","false"
"2023-07-05","Café Regular","9.84","posted","Cafés","Food & Drink","false","","regular","Primary CC","4832","","false"
"2023-07-05","Nyct Paygo","2.9","posted","Train","Transportation","false","","regular","Secondary CC","7291","","false"
"2023-07-06","Other Clothing","19.32","posted","Clothing","Shopping","false","","regular","Secondary CC","7291","","false"
"2023-07-06","Lark Cafe","-172.27","posted","Tips","Income","true","","income","Checking","3456","","false"
"2023-07-06","Nyct Paygo","2.9","posted","Train","Transportation","false","","regular","Primary CC","4832","","false"
"2023-07-06","Other Fast Food","23.23","posted","Fast Food","Food & Drink","false","","regular","Debit","3456","","false"
"2023-07-07","Mta*Nyct Paygo","2.9","posted","Train","Transportation","false","","regular","Secondary CC","7291","","false"
"2023-07-07","Interest Payment","-1.97","posted","Interest","Income","true","","income","Savings","6789","","true"
"2023-07-07","Nyct Paygo","3","posted","Train","Transportation","false","","regular","Secondary CC","7291","","false"
"2023-07-07","Nyct Paygo","2.9","posted","Train","Transportation","false","","regular","Secondary CC","7291","","false"
"2023-07-07","Other Café","10.21","posted","Cafés","Food & Drink","false","","regular","Primary CC","4832","","false"
"2023-07-07","Nyct Paygo","2.9","posted","Train","Transportation","false","","regular","Secondary CC","7291","","false"
"2023-07-08","Metropolitan Tra","2.9","posted","Train","Transportation","false","","regular","Secondary CC","7291","","false"
"2023-07-09","Amazon","26.69","posted","Other","Other","false","","regular","Primary CC","4832","","false"
"2023-07-09","Symbioun Payroll","-2547.6","posted","Payroll","Income","true","","income","Checking","3456","","true"
"2023-07-09","Other Merchant","35.75","posted","Other","Other","false","","regular","Secondary CC","7291","","false"
"2023-07-10","Nyct Paygo","2.9","posted","Train","Transportation","false","","regular","Secondary CC","7291","","false"
"2023-07-10","Nyct Paygo","3","posted","Train","Transportation","false","","regular","Primary CC","4832","","false"
"2023-07-11","Other Merchant","7.6","posted","Other","Other","false","","regular","Secondary CC","7291","","false"
"2023-07-11","Panera Bread","21.57","posted","Fast Food","Food & Drink","false","","regular","Primary CC","4832","","false"
"2023-07-11","Land To Sea","4.21","posted","Cafés","Food & Drink","false","","regular","Secondary CC","7291","","false"
"2023-07-11","Nyct Paygo","2.9","posted","Train","Transportation","false","","regular","Secondary CC","7291","","false"
"2023-07-11","Nyct Paygo","2.9","posted","Train","Transportation","false","","regular","Secondary CC","7291","","false"
"2023-07-11","Uber","9.75","posted","Uber","Transportation","false","","regular","Secondary CC","7291","","false"
"2023-07-11","Food Bazaar","35.71","posted","Groceries","Food & Drink","false","","regular","Primary CC","4832","","false"
"2023-07-12","Nyct Paygo","3","posted","Train","Transportation","false","","regular","Secondary CC","7291","","false"
"2023-07-12","Land To Sea","16.16","posted","Cafés","Food & Drink","false","","regular","Secondary CC","7291","","false"
"2023-07-12","Other Merchant","6.18","posted","Other","Other","false","","regular","Primary CC","4832","","false"
"2023-07-12","Nyct Paygo","2.9","posted","Train","Transportation","false","","regular","Secondary CC","7291","","false"
"2023-07-12","Nyct Paygo","2.9","posted","Train","Transportation","false","","regular","Primary CC","4832","","false"
"2023-07-12","Chick-Fil-A","8.64","posted","Fast Food","Food & Drink","false","","regular","Primary CC","4832","","false"
"2023-07-12","Square Payroll","-453.12","posted","Side Income","Income","true","","income","Checking","3456","","true"
"2023-07-12","Other Restaurant","47.11","posted","Restaurants","Food & Drink","false","","regular","Primary CC","4832","","false"
"2023-07-12","Nyct Paygo","2.9","posted","Train","Transportation","false","","regular","Primary CC","4832","","false"
"2023-07-12","Amazon","20.68","posted","Other","Other","false","","regular","Secondary CC","7291","","false"
"2023-07-13","Other Merchant","16.68","posted","Other","Other","false","","regular","Primary CC","4832","","false"
"2023-07-13","Duane Reade","12.18","posted","Other","Other","false","","regular","Primary CC","4832","","false"
"2023-07-13","Chipotle","15.28","posted","Fast Food","Food & Drink","false","","regular","Primary CC","4832","","false"
"2023-07-14","Nyct Paygo","2.9","posted","Train","Transportation","false","","regular","Secondary CC","7291","","false"
"2023-07-14","Mint Mobile","25","posted","Phone","Utilities","false","","regular","Primary CC","4832","","false"
"2023-07-14","Nyct Paygo","2.9","posted","Train","Transportation","false","","regular","Primary CC","4832","","false"
"2023-07-15","Shake Shack","13.78","posted","Fast Food","Food & Drink","false","","regular","Primary CC","4832","","false"
"2023-07-15","Whole Foods","97.8","posted","Groceries","Food & Drink","false","","regular","Secondary CC","7291","","false"
"2023-07-16","Mta*Nyct Paygo","2.9","posted","Train","Transportation","false","","regular","Secondary CC","7291","","false"
"2023-07-17","Café Regular","3.27","posted","Cafés","Food & Drink","false","","regular","Secondary CC","7291","","false"
"2023-07-17","Other Merchant","16.84","posted","Other","Other","false","","regular","Primary CC","4832","","false"
"2023-07-17","Venmo Cashout","110.53","posted","Transfer","Transfer","true","","internal transfer","Checking","3456","","false"
"2023-07-17","Sweetleaf","3.28","posted","Cafés","Food & Drink","false","","regular","Debit","3456","","false"
"2023-07-17","Chipotle","17.66","posted","Fast Food","Food & Drink","false","","regular","Secondary CC","7291","","false"
"2023-07-18","Paintbox","41.68","posted","Nails","Personal Care","false","","regular","Debit","3456","","false"
"2023-07-18","Land To Sea","9.2","posted","Cafés","Food & Drink","false","","regular","Primary CC","4832","","false"
"2023-07-18","Mta*Nyct Paygo","2.9","posted","Train","Transportation","false","","regular","Secondary CC","7291","","false"
"2023-07-18","Other Entertainment","6.15","posted","Entertainment","Entertainment","false","","regular","Primary CC","4832","","false"
"2023-07-19","Other Nails","50.81","posted","Nails","Personal Care","false","","regular","Primary CC","4832","","false"
"2023-07-19","Nyct Paygo","3","posted","Train","Transportation","false","","regular","Secondary CC","7291","","false"
"2023-07-19","Other Shop","17.37","posted","Shops","Shopping","false","","regular","Secondary CC","7291","","false"
"2023-07-19","Conductor Inc Deposit","-766.64","posted","Side Income","Income","true","","income","Checking","3456","","false"
"2023-07-19","Other Restaurant","25.03","posted","Restaurants","Food & Drink","false","","regular","Secondary CC","7291","","false"
"2023-07-20","Metropolitan Tra","2.9","posted","Train","Transportation","false","","regular","Secondary CC","7291","","false"
"2023-07-20","Nyct Paygo","2.9","posted","Train","Transportation","false","","regular","Secondary CC","7291","","false"
"2023-07-20","Nyct Paygo","2.9","posted","Train","Transportation","false","","regular","Secondary CC","7291","","false"
"2023-07-20","Nyct Paygo","2.9","posted","Train","Transportation","false","","regular","Secondary CC","7291","","false"
"2023-07-21","Nyct Paygo","2.9","posted","Train","Transportation","false","","regular","Secondary CC","7291","","false"
"2023-07-21","Trader Joe's","31.97","posted","Groceries","Food & Drink","false","","regular","Secondary CC","7291","","false"
"2023-07-21","Nyct Paygo","2.9","posted","Train","Transportation","false","","regular","Secondary CC","7291","","false"
"2023-07-21","Nyct Paygo","3","posted","Train","Transportation","false","","regular","Secondary CC","7291","","false"
"2023-07-21","Partners Coffee","11.41","posted","Cafés","Food & Drink","false","","regular","Primary CC","4832","","false"
"2023-07-21","Nyct Paygo","2.9","posted","Train","Transportation","false","","regular","Secondary CC","7291","","false"
"2023-07-22","Trader Joe's","27","posted","Groceries","Food & Drink","false","","regular","Secondary CC","7291","","false"
"2023-07-22","Nyct Paygo","2.9","posted","Train","Transportation","false","","regular","Secondary CC","7291","","false"
"2023-07-22","Uniqlo","49.1","posted","Clothing","Shopping","false","","regular","Secondary CC","7291","","false"
"2023-07-22","Trader Joe's","6.86","posted","Groceries","Food & Drink","false","","regular","Debit","3456","","false"
"2023-07-23","Nyct Paygo","3","posted","Train","Transportation","false","","regular","Secondary CC","7291","","false"
"2023-07-23","Other Restaurant","14.43","posted","Restaurants","Food & Drink","false","","regular","Secondary CC","7291","","false"
"2023-07-23","Trader Joe's","16.12","posted","Groceries","Food & Drink","false","","regular","Debit","3456","","false"
"2023-07-23","Symbioun Payroll","-2514.5","posted","Payroll","Income","true","","income","Checking","3456","","true"
"2023-07-24","Nyct Paygo","2.9","posted","Train","Transportation","false","","regular","Primary CC","4832","","false"
"2023-07-24","Nyct Paygo","2.9","posted","Train","Transportation","false","","regular","Secondary CC","7291","","false"
"2023-07-24","Nyct Paygo","2.9","posted","Train","Transportation","false","","regular","Secondary CC","7291","","false"
"2023-07-24","Apple.com/bill","6.99","posted","Subscriptions","Entertainment","false","","regular","Primary CC","4832","","true"
"2023-07-24","Lark Cafe","-169.25","posted","Tips","Income","true","","income","Checking","3456","","false"
"2023-07-24","Nyct Paygo","2.9","posted","Train","Transportation","false","","regular","Secondary CC","7291","","false"
"2023-07-24","Sweetgreen","15.11","posted","Fast Food","Food & Drink","false","","regular","Primary CC","4832","","false"
"2023-07-25","Nyct Paygo","2.9","posted","Train","Transportation","false","","regular","Secondary CC","7291","","false"
"2023-07-25","Keep The Change Transfer","-0.56","posted","Savings","Transfer","true","","internal transfer","Checking","3456","","false"
"2023-07-26","McDonald's","11.2","posted","Fast Food","Food & Drink","false","","regular","Secondary CC","7291","","false"
"2023-07-26","Nyct Paygo","2.9","posted","Train","Transportation","false","","regular","Secondary CC","7291","","false"
"2023-07-26","Square Payroll","-365.98","posted","Side Income","Income","true","","income","Checking","3456","","true"
"2023-07-27","Nyct Paygo","2.9","posted","Train","Transportation","false","","regular","Secondary CC","7291","","false"
"2023-07-27","McDonald's","12.63","posted","Fast Food","Food & Drink","false","","regular","Primary CC","4832","","false"
"2023-07-27","Other Grocery","37.34","posted","Groceries","Food & Drink","false","","regular","Primary CC","4832","","false"
"2023-07-27","Keep The Change Transfer","-0.88","posted","Savings","Transfer","true","","internal transfer","Checking","3456","","false"
"2023-07-27","Nail Salon","33.59","posted","Nails","Personal Care","false","","regular","Primary CC","4832","","false"
"2023-07-27","Mta*Nyct Paygo","3","posted","Train","Transportation","false","","regular","Secondary CC","7291","","false"
"2023-07-27","Panera Bread","9.18","posted","Fast Food","Food & Drink","false","","regular","Primary CC","4832","","false"
"2023-07-27","Lark Cafe","-123.39","posted","Tips","Income","true","","income","Checking","3456","","false"
"2023-07-27","Target","16.5","posted","Groceries","Food & Drink","false","","regular","Primary CC","4832","","false"
"2023-07-28","Regal Cinema","18.55","posted","Entertainment","Entertainment","false","","regular","Secondary CC","7291","","false"
"2023-07-28","Land To Sea","4.99","posted","Cafés","Food & Drink","false","","regular","Debit","3456","","false"
"2023-07-28","Other Fast Food","8.51","posted","Fast Food","Food & Drink","false","","regular","Primary CC","4832","","false"
"2023-07-29","Navient Student Loan","280","posted","Student Loan","Debt","false","","regular","Checking","3456","","true"
"2023-07-30","Other Restaurant","42.88","posted","Restaurants","Food & Drink","false","","regular","Secondary CC","7291","","false"
"2023-07-30","Sweetgreen","18.69","posted","Fast Food","Food & Drink","false","","regular","Secondary CC","7291","","false"
"2023-07-31","Other Bar","26.06","posted","Bars","Food & Drink","false","","regular","Venmo","9012","","false"
"2023-07-31","Metropolitan Tra","2.9","posted","Train","Transportation","false","","regular","Secondary CC","7291","","false"
"2023-07-31","Other Shop","16.24","posted","Shops","Shopping","false","","regular","Secondary CC","7291","","false"
"2023-07-31","Nyct Paygo","2.9","posted","Train","Transportation","false","","regular","Secondary CC","7291","","false"
"2023-07-31","Nyct Paygo","2.9","posted","Train","Transportation","false","","regular","Secondary CC","7291","","false"
"2023-07-31","Metropolitan Tra","3","posted","Train","Transportation","false","","regular","Secondary CC","7291","","false"
"2023-07-31","Nyct Paygo","2.9","posted","Train","Transportation","false","","regular","Secondary CC","7291","","false"
"2023-08-01","AMC Theatres","19.63","posted","Entertainment","Entertainment","false","","regular","Secondary CC","7291","","false"
"2023-08-01","Nyct Paygo","2.9","posted","Train","Transportation","false","","regular","Secondary CC","7291","","false"
"2023-08-01","Rent Payment","1325","posted","Rent","Housing","false","","regular","Checking","3456","","true"
"2023-08-01","Nyct Paygo","2.9","posted","Train","Transportation","false","","regular","Secondary CC","7291","","false"
"2023-08-01","Venmo Cashout","30.43","posted","Transfer","Transfer","true","","internal transfer","Checking","3456","","false"
"2023-08-01","Uber","18.39","posted","Uber","Transportation","false","","regular","Debit","3456","","false"
"2023-08-01","Five Guys","12.38","posted","Fast Food","Food & Drink","false","","regular","Primary CC","4832","","false"
"2023-08-01","Mta*Nyct Paygo","2.9","posted","Train","Transportation","false","","regular","Secondary CC","7291","","false"
"2023-08-01","Regal Cinema","30.35","posted","Entertainment","Entertainment","false","","regular","Secondary CC","7291","","false"
"2023-08-01","Walgreens","5.57","posted","Pharmacy","Health","false","","regular","Secondary CC","7291","","false"
"2023-08-01","Celsious","12","posted","Laundry","Personal Care","false","","regular","Primary CC","4832","","false"
"2023-08-02","Nail Salon","31.74","posted","Nails","Personal Care","false","","regular","Primary CC","4832","","false"
"2023-08-02","CVS","21","posted","Other","Other","false","","regular","Secondary CC","7291","","false"
"2023-08-02","Nyct Paygo","2.9","posted","Train","Transportation","false","","regular","Secondary CC","7291","","false"
"2023-08-02","Nyct Paygo","3","posted","Train","Transportation","false","","regular","Secondary CC","7291","","false"
"2023-08-02","Metropolitan Tra","2.9","posted","Train","Transportation","false","","regular","Secondary CC","7291","","false"
"2023-08-02","C-Town","30.01","posted","Groceries","Food & Drink","false","","regular","Primary CC","4832","","false"
"2023-08-03","Credit Card Payment","-1412.69","posted","Credit Card Payment","Transfer","true","","internal transfer","Checking","3456","","true"
"2023-08-03","Other Bar","39.19","posted","Bars","Food & Drink","false","","regular","Venmo","9012","","false"
"2023-08-03","Chipotle","20.08","posted","Fast Food","Food & Drink","false","","regular","Secondary CC","7291","","false"
"2023-08-03","Nyct Paygo","2.9","posted","Train","Transportation","false","","regular","Primary CC","4832","","false"
"2023-08-03","Nyct Paygo","2.9","posted","Train","Transportation","false","","regular","Secondary CC","7291","","false"
"2023-08-03","Nyct Paygo","2.9","posted","Train","Transportation","false","","regular","Primary CC","4832","","false"
"2023-08-03","Nyct Paygo","3","posted","Train","Transportation","false","","regular","Secondary CC","7291","","false"
"2023-08-03","Trader Joe's","31.86","posted","Groceries","Food & Drink","false","","regular","Primary CC","4832","","false"
"2023-08-04","Shake Shack","11.68","posted","Fast Food","Food & Drink","false","","regular","Primary CC","4832","","false"
"2023-08-04","Food Bazaar","18.16","posted","Groceries","Food & Drink","false","","regular","Primary CC","4832","","false"
"2023-08-04","Okonomi","18.28","posted","Restaurants","Food & Drink","false","","regular","Debit","3456","","false"
"2023-08-04","Nyct Paygo","2.9","posted","Train","Transportation","false","","regular","Secondary CC","7291","","false"
"2023-08-04","Other Bar","55.87","posted","Bars","Food & Drink","false","","regular","Venmo","9012","","false"
"2023-08-04","Other Restaurant","24.45","posted","Restaurants","Food & Drink","false","","regular","Primary CC","4832","","false"
"2023-08-04","Other Entertainment","35.56","posted","Entertainment","Entertainment","false","","regular","Primary CC","4832","","false"
"2023-08-05","Mta*Nyct Paygo","2.9","posted","Train","Transportation","false","","regular","Secondary CC","7291","","false"
"2023-08-05","Nyct Paygo","2.9","posted","Train","Transportation","false","","regular","Secondary CC","7291","","false"
"2023-08-05","Keep The Change Transfer","-0.16","posted","Savings","Transfer","true","","internal transfer","Checking","3456","","false"
"2023-08-05","Other Restaurant","40.92","posted","Restaurants","Food & Drink","false","","regular","Debit","3456","","false"
"2023-08-05","Nyct Paygo","3","posted","Train","Transportation","false","","regular","Secondary CC","7291","","false"
"2023-08-06","Interest Payment","-3.8","posted","Interest","Income","true","","income","Savings","6789","","true"
"2023-08-06","Symbioun Payroll","-2594.24","posted","Payroll","Income","true","","income","Checking","3456","","true"
"2023-08-06","Other Restaurant","42.31","posted","Restaurants","Food & Drink","false","","regular","Primary CC","4832","","false"
"2023-08-06","Nyct Paygo","3","posted","Train","Transportation","false","","regular","Secondary CC","7291","","false"
"2023-08-06","Amazon","10.93","posted","Other","Other","false","","regular","Secondary CC","7291","","false"
"2023-08-07","Other Café","7.92","posted","Cafés","Food & Drink","false","","regular","Primary CC","4832","","false"
"2023-08-07","Shake Shack","20.69","posted","Fast Food","Food & Drink","false","","regular","Secondary CC","7291","","false"
"2023-08-07","Nyct Paygo","2.9","posted","Train","Transportation","false","","regular","Secondary CC","7291","","false"
"2023-08-07","Nyct Paygo","2.9","posted","Train","Transportation","false","","regular","Secondary CC","7291","","false"
"2023-08-07","Trader Joe's","13.98","posted","Groceries","Food & Drink","false","","regular","Secondary CC","7291","","false"
"2023-08-08","Nyct Paygo","3","posted","Train","Transportation","false","","regular","Secondary CC","7291","","false"
"2023-08-08","Other Restaurant","29.47","posted","Restaurants","Food & Drink","false","","regular","Secondary CC","7291","","false"
"2023-08-09","Venmo Cashout","147.85","posted","Transfer","Transfer","true","","internal transfer","Checking","3456","","false"
"2023-08-09","Mta*Nyct Paygo","2.9","posted","Train","Transportation","false","","regular","Secondary CC","7291","","false"
"2023-08-09","Square Payroll","-402.41","posted","Side Income","Income","true","","income","Checking","3456","","true"
"2023-08-09","Nyct Paygo","2.9","posted","Train","Transportation","false","","regular","Secondary CC","7291","","false"
"2023-08-09","Nyct Paygo","2.9","posted","Train","Transportation","false","","regular","Secondary CC","7291","","false"
"2023-08-09","Nyct Paygo","2.9","posted","Train","Transportation","false","","regular","Secondary CC","7291","","false"
"2023-08-10","Nyct Paygo","2.9","posted","Train","Transportation","false","","regular","Secondary CC","7291","","false"
"2023-08-10","Nyct Paygo","2.9","posted","Train","Transportation","false","","regular","Secondary CC","7291","","false"
"2023-08-10","Joe Coffee","8.64","posted","Cafés","Food & Drink","false","","regular","Primary CC","4832","","false"
"2023-08-10","Lark Cafe","-186.82","posted","Tips","Income","true","","income","Checking","3456","","false"
"2023-08-12","Amazon","200","posted","Shops","Shopping","false","","regular","Debit","3456","","false"
"2023-08-12","Other Grocery","106.89","posted","Groceries","Food & Drink","false","","regular","Primary CC","4832","","false"
"2023-08-12","Other Restaurant","52.33","posted","Restaurants","Food & Drink","false","","regular","Primary CC","4832","","false"
"2023-08-12","Mta*Nyct Paygo","2.9","posted","Train","Transportation","false","","regular","Secondary CC","7291","","false"
"2023-08-12","C-Town","36.62","posted","Groceries","Food & Drink","false","","regular","Secondary CC","7291","","false"
"2023-08-12","Trader Joe's","39.35","posted","Groceries","Food & Drink","false","","regular","Secondary CC","7291","","false"
"2023-08-13","Uniqlo","10","posted","Clothing","Shopping","false","","regular","Primary CC","4832","","false"
"2023-08-13","Via","6","posted","Uber","Transportation","false","","regular","Primary CC","4832","","false"
"2023-08-13","Sushi Katsuei","53.22","posted","Restaurants","Food & Drink","false","","regular","Primary CC","4832","","false"
"2023-08-14","Nyct Paygo","2.9","posted","Train","Transportation","false","","regular","Secondary CC","7291","","false"
"2023-08-14","Other Grocery","26.34","posted","Groceries","Food & Drink","false","","regular","Primary CC","4832","","false"
"2023-08-14","Blue Bottle","4.89","posted","Cafés","Food & Drink","false","","regular","Primary CC","4832","","false"
"2023-08-15","Uniqlo","65.5","posted","Clothing","Shopping","false","","regular","Secondary CC","7291","","false"
"2023-08-15","Keep The Change Transfer","-0.35","posted","Savings","Transfer","true","","internal transfer","Checking","3456","","false"
"2023-08-15","Other Restaurant","40.37","posted","Restaurants","Food & Drink","false","","regular","Secondary CC","7291","","false"
"2023-08-15","Nyct Paygo","3","posted","Train","Transportation","false","","regular","Secondary CC","7291","","false"
"2023-08-15","Costco","51.82","posted","Groceries","Food & Drink","false","","regular","Debit","3456","","false"
"2023-08-15","Nyct Paygo","2.9","posted","Train","Transportation","false","","regular","Secondary CC","7291","","false"
"2023-08-15","Other Restaurant","12.48","posted","Restaurants","Food & Drink","false","","regular","Primary CC","4832","","false"
"2023-08-16","Metropolitan Tra","2.9","posted","Train","Transportation","false","","regular","Secondary CC","7291","","false"
"2023-08-16","Nyct Paygo","3","posted","Train","Transportation","false","","regular","Primary CC","4832","","false"
"2023-08-16","Nyct Paygo","2.9","posted","Train","Transportation","false","","regular","Secondary CC","7291","","false"
"2023-08-16","Mta*Nyct Paygo","3","posted","Train","Transportation","false","","regular","Secondary CC","7291","","false"
"2023-08-16","Land To Sea","7.69","posted","Cafés","Food & Drink","false","","regular","Primary CC","4832","","false"
"2023-08-16","Sweetgreen","11.71","posted","Fast Food","Food & Drink","false","","regular","Secondary CC","7291","","false"
"2023-08-17","Mta*Nyct Paygo","3","posted","Train","Transportation","false","","regular","Secondary CC","7291","","false"
"2023-08-17","Nyct Paygo","2.9","posted","Train","Transportation","false","","regular","Secondary CC","7291","","false"
"2023-08-18","Mta*Nyct Paygo","3","posted","Train","Transportation","false","","regular","Secondary CC","7291","","false"
"2023-08-18","Nyct Paygo","3","posted","Train","Transportation","false","","regular","Secondary CC","7291","","false"
"2023-08-18","Other Restaurant","68.52","posted","Restaurants","Food & Drink","false","","regular","Debit","3456","","false"
"2023-08-18","Conductor Inc Deposit","-801.66","posted","Side Income","Income","true","","income","Checking","3456","","false"
"2023-08-19","Cleaners","15","posted","Laundry","Personal Care","false","","regular","Secondary CC","7291","","false"
"2023-08-20","Other Fast Food","13.74","posted","Fast Food","Food & Drink","false","","regular","Primary CC","4832","","false"
"2023-08-20","Keep The Change Transfer","-0.61","posted","Savings","Transfer","true","","internal transfer","Checking","3456","","false"
"2023-08-20","Symbioun Payroll","-2537.25","posted","Payroll","Income","true","","income","Checking","3456","","true"
"2023-08-20","Skinny Dennis","25.56","posted","Bars","Food & Drink","false","","regular","Secondary CC","7291","","false"
"2023-08-20","Nyct Paygo","3","posted","Train","Transportation","false","","regular","Secondary CC","7291","","false"
"2023-08-20","Other Shop","157.69","posted","Shops","Shopping","false","","regular","Primary CC","4832","","false"
"2023-08-21","Nyct Paygo","2.9","posted","Train","Transportation","false","","regular","Secondary CC","7291","","false"
"2023-08-21","Nyct Paygo","3","posted","Train","Transportation","false","","regular","Secondary CC","7291","","false"
"2023-08-21","C-Town","9.65","posted","Groceries","Food & Drink","false","","regular","Primary CC","4832","","false"
"2023-08-21","Other Café","6.81","posted","Cafés","Food & Drink","false","","regular","Primary CC","4832","","false"
"2023-08-21","Amazon","38.8","posted","Shops","Shopping","false","","regular","Secondary CC","7291","","false"
"2023-08-21","Metropolitan Tra","2.9","posted","Train","Transportation","false","","regular","Secondary CC","7291","","false"
"2023-08-21","Nyct Paygo","2.9","posted","Train","Transportation","false","","regular","Secondary CC","7291","","false"
"2023-08-22","Nyct Paygo","3","posted","Train","Transportation","false","","regular","Secondary CC","7291","","false"
"2023-08-22","Cleaners","8.5","posted","Laundry","Personal Care","false","","regular","Debit","3456","","false"
"2023-08-22","Metropolitan Tra","3","posted","Train","Transportation","false","","regular","Secondary CC","7291","","false"
"2023-08-23","Panera Bread","15.86","posted","Fast Food","Food & Drink","false","","regular","Secondary CC","7291","","false"
"2023-08-23","Apple.com/bill","6.99","posted","Subscriptions","Entertainment","false","","regular","Primary CC","4832","","true"
"2023-08-23","Other Grocery","26.95","posted","Groceries","Food & Drink","false","","regular","Secondary CC","7291","","false"
"2023-08-23","Other Grocery","18.47","posted","Groceries","Food & Drink","false","","regular","Primary CC","4832","","false"
"2023-08-23","Nyct Paygo","2.9","posted","Train","Transportation","false","","regular","Secondary CC","7291","","false"
"2023-08-23","Square Payroll","-466.1","posted","Side Income","Income","true","","income","Checking","3456","","true"
"2023-08-23","Nyct Paygo","2.9","posted","Train","Transportation","false","","regular","Secondary CC","7291","","false"
"2023-08-23","Nyct Paygo","2.9","posted","Train","Transportation","false","","regular","Secondary CC","7291","","false"
"2023-08-24","Trader Joe's","46.02","posted","Groceries","Food & Drink","false","","regular","Secondary CC","7291","","false"
"2023-08-24","Other Shop","14.66","posted","Shops","Shopping","false","","regular","Primary CC","4832","","false"
"2023-08-24","Venmo Cashout","146.23","posted","Transfer","Transfer","true","","internal transfer","Checking","3456","","false"
"2023-08-25","Nyct Paygo","2.9","posted","Train","Transportation","false","","regular","Secondary CC","7291","","false"
"2023-08-25","Other Café","5.54","posted","Cafés","Food & Drink","false","","regular","Debit","3456","","false"
"2023-08-25","Amazon","11.73","posted","Other","Other","false","","regular","Secondary CC","7291","","false"
"2023-08-25","Nyct Paygo","2.9","posted","Train","Transportation","false","","regular","Secondary CC","7291","","false"
"2023-08-25","Other Entertainment","17.75","posted","Entertainment","Entertainment","false","","regular","Primary CC","4832","","false"
"2023-08-25","Café Regular","7.56","posted","Cafés","Food & Drink","false","","regular","Secondary CC","7291","","false"
"2023-08-26","Nyct Paygo","3","posted","Train","Transportation","false","","regular","Secondary CC","7291","","false"
"2023-08-26","Con Edison","47.5","posted","Gas & Electric","Utilities","false","","regular","Primary CC","4832","","false"
"2023-08-26","Other Clothing","32.23","posted","Clothing","Shopping","false","","regular","Secondary CC","7291","","false"
"2023-08-27","Con Edison","71.45","posted","Gas & Electric","Utilities","false","","regular","Checking","3456","","false"
"2023-08-27","Keep The Change Transfer","-0.2","posted","Savings","Transfer","true","","internal transfer","Checking","3456","","false"
"2023-08-27","Nyct Paygo","2.9","posted","Train","Transportation","false","","regular","Secondary CC","7291","","false"
"2023-08-27","Other Entertainment","16.09","posted","Entertainment","Entertainment","false","","regular","Primary CC","4832","","false"
"2023-08-27","Chick-Fil-A","8.69","posted","Fast Food","Food & Drink","false","","regular","Primary CC","4832","","false"
"2023-08-28","Other Restaurant","19.99","posted","Restaurants","Food & Drink","false","","regular","Primary CC","4832","","false"
"2023-08-28","Other Bar","28.85","posted","Bars","Food & Drink","false","","regular","Primary CC","4832","","false"
"2023-08-28","Other Merchant","27.02","posted","Other","Other","false","","regular","Primary CC","4832","","false"
"2023-08-28","Other Merchant","6.56","posted","Other","Other","false","","regular","Secondary CC","7291","","false"
"2023-08-28","Key Food","18.57","posted","Groceries","Food & Drink","false","","regular","Primary CC","4832","","false"
"2023-08-28","Navient Student Loan","280","posted","Student Loan","Debt","false","","regular","Checking","3456","","true"
"2023-08-28","Other Shop","14.21","posted","Shops","Shopping","false","","regular","Primary CC","4832","","false"
"2023-08-28","Nyct Paygo","2.9","posted","Train","Transportation","false","","regular","Secondary CC","7291","","false"
"2023-08-28","Nyct Paygo","2.9","posted","Train","Transportation","false","","regular","Secondary CC","7291","","false"
"2023-08-28","C-Town","19.87","posted","Groceries","Food & Drink","false","","regular","Primary CC","4832","","false"
"2023-08-28","Mta*Nyct Paygo","2.9","posted","Train","Transportation","false","","regular","Secondary CC","7291","","false"
"2023-08-29","Other Clothing","30.81","posted","Clothing","Shopping","false","","regular","Primary CC","4832","","false"
"2023-08-29","Mta*Nyct Paygo","2.9","posted","Train","Transportation","false","","regular","Secondary CC","7291","","false"
"2023-08-29","Target","26.16","posted","Groceries","Food & Drink","false","","regular","Debit","3456","","false"
"2023-08-29","Nyct Paygo","3","posted","Train","Transportation","false","","regular","Secondary CC","7291","","false"
"2023-08-29","Nyct Paygo","3","posted","Train","Transportation","false","","regular","Secondary CC","7291","","false"
"2023-08-30","Partners Coffee","6.25","posted","Cafés","Food & Drink","false","","regular","Secondary CC","7291","","false"
"2023-08-30","Food Bazaar","20.44","posted","Groceries","Food & Drink","false","","regular","Primary CC","4832","","false"
"2023-08-30","Whole Foods","41.94","posted","Groceries","Food & Drink","false","","regular","Secondary CC","7291","","false"
"2023-08-30","Nyct Paygo","2.9","posted","Train","Transportation","false","","regular","Secondary CC","7291","","false"
"2023-08-30","Other Entertainment","12.79","posted","Entertainment","Entertainment","false","","regular","Debit","3456","","false"
"2023-08-30","Nyct Paygo","2.9","posted","Train","Transportation","false","","regular","Primary CC","4832","","false"
"2023-08-30","Nyct Paygo","2.9","posted","Train","Transportation","false","","regular","Secondary CC","7291","","false"
"2023-08-31","Other Restaurant","18.05","posted","Restaurants","Food & Drink","false","","regular","Secondary CC","7291","","false"
"2023-08-31","Other Fast Food","11.43","posted","Fast Food","Food & Drink","false","","regular","Secondary CC","7291","","false"
"2023-08-31","Lark Cafe","-161.49","posted","Tips","Income","true","","income","Checking","3456","","false"
"2023-08-31","Spotify","20.85","posted","Entertainment","Entertainment","false","","regular","Secondary CC","7291","","false"
"2023-08-31","Trader Joe's","12.5","posted","Groceries","Food & Drink","false","","regular","Secondary CC","7291","","false"
"2023-09-01","Other Merchant","25.51","posted","Other","Other","false","","regular","Secondary CC","7291","","false"
"2023-09-01","Rent Payment","1325","posted","Rent","Housing","false","","regular","Checking","3456","","true"
"2023-09-01","Nyct Paygo","2.9","posted","Train","Transportation","false","","regular","Secondary CC","7291","","false"
"2023-09-01","Land To Sea","4.47","posted","Cafés","Food & Drink","false","","regular","Primary CC","4832","","false"
"2023-09-02","Credit Card Payment","-1321.23","posted","Credit Card Payment","Transfer","true","","internal transfer","Checking","3456","","true"
"2023-09-02","Other Café","7.1","posted","Cafés","Food & Drink","false","","regular","Primary CC","4832","","false"
"2023-09-02","Zara","26.07","posted","Clothing","Shopping","false","","regular","Primary CC","4832","","false"
"2023-09-02","Nyct Paygo","3","posted","Train","Transportation","false","","regular","Secondary CC","7291","","false"
"2023-09-03","Celsious","20","posted","Laundry","Personal Care","false","","regular","Debit","3456","","false"
"2023-09-03","Metropolitan Tra","2.9","posted","Train","Transportation","false","","regular","Secondary CC","7291","","false"
"2023-09-03","C-Town","9.49","posted","Groceries","Food & Drink","false","","regular","Primary CC","4832","","false"
"2023-09-03","Trader Joe's","17.72","posted","Groceries","Food & Drink","false","","regular","Secondary CC","7291","","false"
"2023-09-03","Symbioun Payroll","-2587.72","posted","Payroll","Income","true","","income","Checking","3456","","true"
"2023-09-03","Other Restaurant","18.39","posted","Restaurants","Food & Drink","false","","regular","Primary CC","4832","","false"
"2023-09-03","McDonald's","12.53","posted","Fast Food","Food & Drink","false","","regular","Primary CC","4832","","false"
"2023-09-04","Nyct Paygo","2.9","posted","Train","Transportation","false","","regular","Secondary CC","7291","","false"
"2023-09-04","Nyct Paygo","2.9","posted","Train","Transportation","false","","regular","Secondary CC","7291","","false"
"2023-09-04","Mta*Nyct Paygo","2.9","posted","Train","Transportation","false","","regular","Secondary CC","7291","","false"
"2023-09-04","Nyct Paygo","3","posted","Train","Transportation","false","","regular","Secondary CC","7291","","false"
"2023-09-04","Five Guys","9.51","posted","Fast Food","Food & Drink","false","","regular","Primary CC","4832","","false"
"2023-09-05","Nyct Paygo","2.9","posted","Train","Transportation","false","","regular","Primary CC","4832","","false"
"2023-09-05","Interest Payment","-4.31","posted","Interest","Income","true","","income","Savings","6789","","true"
"2023-09-06","Square Payroll","-418.96","posted","Side Income","Income","true","","income","Checking","3456","","true"
"2023-09-06","Misc Purchase","32.88","posted","Other","Other","false","","regular","Primary CC","4832","","false"
"2023-09-06","Chipotle","10.05","posted","Fast Food","Food & Drink","false","","regular","Secondary CC","7291","","false"
"2023-09-07","Nyct Paygo","2.9","posted","Train","Transportation","false","","regular","Secondary CC","7291","","false"
"2023-09-07","Joe Coffee","7.78","posted","Cafés","Food & Drink","false","","regular","Primary CC","4832","","false"
"2023-09-07","Sey Coffee","2.92","posted","Cafés","Food & Drink","false","","regular","Primary CC","4832","","false"
"2023-09-08","Nyct Paygo","2.9","posted","Train","Transportation","false","","regular","Secondary CC","7291","","false"
"2023-09-08","Nyct Paygo","2.9","posted","Train","Transportation","false","","regular","Secondary CC","7291","","false"
"2023-09-08","Devocion","4.33","posted","Cafés","Food & Drink","false","","regular","Primary CC","4832","","false"
"2023-09-08","Mta*Nyct Paygo","3","posted","Train","Transportation","false","","regular","Secondary CC","7291","","false"
"2023-09-08","Nyct Paygo","2.9","posted","Train","Transportation","false","","regular","Primary CC","4832","","false"
"2023-09-09","Other Restaurant","30.67","posted","Restaurants","Food & Drink","false","","regular","Secondary CC","7291","","false"
"2023-09-09","Other Entertainment","28.47","posted","Entertainment","Entertainment","false","","regular","Secondary CC","7291","","false"
"2023-09-09","Uber","12","posted","Uber","Transportation","false","","regular","Primary CC","4832","","false"
"2023-09-09","Lark Cafe","-192.71","posted","Tips","Income","true","","income","Checking","3456","","false"
"2023-09-09","Nyct Paygo","3","posted","Train","Transportation","false","","regular","Secondary CC","7291","","false"
"2023-09-09","Nyct Paygo","3","posted","Train","Transportation","false","","regular","Secondary CC","7291","","false"
"2023-09-10","Keep The Change Transfer","-0.1","posted","Savings","Transfer","true","","internal transfer","Checking","3456","","false"
"2023-09-10","Whole Foods","16.23","posted","Groceries","Food & Drink","false","","regular","Debit","3456","","false"
"2023-09-11","Nyct Paygo","2.9","posted","Train","Transportation","false","","regular","Secondary CC","7291","","false"
"2023-09-11","Nyct Paygo","2.9","posted","Train","Transportation","false","","regular","Secondary CC","7291","","false"
"2023-09-12","Spotify","32.06","posted","Entertainment","Entertainment","false","","regular","Secondary CC","7291","","false"
"2023-09-12","Other Shop","80.84","posted","Shops","Shopping","false","","regular","Primary CC","4832","","false"
"2023-09-12","Nyct Paygo","2.9","posted","Train","Transportation","false","","regular","Secondary CC","7291","","false"
"2023-09-13","Devocion","6.12","posted","Cafés","Food & Drink","false","","regular","Secondary CC","7291","","false"
"2023-09-13","Nyct Paygo","3","posted","Train","Transportation","false","","regular","Secondary CC","7291","","false"
"2023-09-13","Regal Cinema","7.8","posted","Entertainment","Entertainment","false","","regular","Primary CC","4832","","false"
"2023-09-13","Sey Coffee","5.1","posted","Cafés","Food & Drink","false","","regular","Primary CC","4832","","false"
"2023-09-13","Nyct Paygo","2.9","posted","Train","Transportation","false","","regular","Secondary CC","7291","","false"
"2023-09-13","Nyct Paygo","2.9","posted","Train","Transportation","false","","regular","Secondary CC","7291","","false"
"2023-09-14","Other Café","9.61","posted","Cafés","Food & Drink","false","","regular","Primary CC","4832","","false"
"2023-09-14","Nyct Paygo","2.9","posted","Train","Transportation","false","","regular","Secondary CC","7291","","false"
"2023-09-14","Nyct Paygo","3","posted","Train","Transportation","false","","regular","Secondary CC","7291","","false"
"2023-09-14","Venmo Cashout","40.56","posted","Transfer","Transfer","true","","internal transfer","Checking","3456","","false"
"2023-09-14","Lyft","23.35","posted","Uber","Transportation","false","","regular","Primary CC","4832","","false"
"2023-09-14","Other Merchant","9.03","posted","Other","Other","false","","regular","Secondary CC","7291","","false"
"2023-09-15","Los Tacos","43.43","posted","Restaurants","Food & Drink","false","","regular","Primary CC","4832","","false"
"2023-09-15","CVS","22.37","posted","Pharmacy","Health","false","","regular","Primary CC","4832","","false"
"2023-09-15","Nyct Paygo","2.9","posted","Train","Transportation","false","","regular","Secondary CC","7291","","false"
"2023-09-15","Walgreens","11.86","posted","Pharmacy","Health","false","","regular","Primary CC","4832","","false"
"2023-09-15","Nyct Paygo","2.9","posted","Train","Transportation","false","","regular","Secondary CC","7291","","false"
"2023-09-16","Trader Joe's","16.73","posted","Groceries","Food & Drink","false","","regular","Primary CC","4832","","false"
"2023-09-16","Other Restaurant","20.4","posted","Restaurants","Food & Drink","false","","regular","Primary CC","4832","","false"
"2023-09-16","Con Edison","37.58","posted","Gas & Electric","Utilities","false","","regular","Primary CC","4832","","false"
"2023-09-17","Conductor Inc Deposit","-817.94","posted","Side Income","Income","true","","income","Checking","3456","","false"
"2023-09-17","Café Regular","8.21","posted","Cafés","Food & Drink","false","","regular","Primary CC","4832","","false"
"2023-09-17","Symbioun Payroll","-2556.76","posted","Payroll","Income","true","","income","Checking","3456","","true"
"2023-09-17","Okonomi","48.55","posted","Restaurants","Food & Drink","false","","regular","Primary CC","4832","","false"
"2023-09-17","Other Entertainment","45.49","posted","Entertainment","Entertainment","false","","regular","Debit","3456","","false"
"2023-09-17","Key Food","65.44","posted","Groceries","Food & Drink","false","","regular","Secondary CC","7291","","false"
"2023-09-18","Devocion","2.5","posted","Cafés","Food & Drink","false","","regular","Primary CC","4832","","false"
"2023-09-18","Thai Villa","21.56","posted","Restaurants","Food & Drink","false","","regular","Secondary CC","7291","","false"
"2023-09-18","Mta*Nyct Paygo","2.9","posted","Train","Transportation","false","","regular","Secondary CC","7291","","false"
"2023-09-18","The Levee","34.05","posted","Bars","Food & Drink","false","","regular","Primary CC","4832","","false"
"2023-09-18","Keep The Change Transfer","-0.99","posted","Savings","Transfer","true","","internal transfer","Checking","3456","","false"
"2023-09-18","Mint Mobile","15","posted","Phone","Utilities","false","","regular","Secondary CC","7291","","false"
"2023-09-19","Café Regular","7.29","posted","Cafés","Food & Drink","false","","regular","Primary CC","4832","","false"
"2023-09-19","Nyct Paygo","3","posted","Train","Transportation","false","","regular","Secondary CC","7291","","false"
"2023-09-19","Other Merchant","7.39","posted","Other","Other","false","","regular","Debit","3456","","false"
"2023-09-19","Other Café","7.23","posted","Cafés","Food & Drink","false","","regular","Primary CC","4832","","false"
"2023-09-19","Lyft","23.16","posted","Uber","Transportation","false","","regular","Primary CC","4832","","false"
"2023-09-19","Trader Joe's","30.92","posted","Groceries","Food & Drink","false","","regular","Primary CC","4832","","false"
"2023-09-19","Other Fast Food","15.52","posted","Fast Food","Food & Drink","false","","regular","Secondary CC","7291","","false"
"2023-09-19","Other Restaurant","20.63","posted","Restaurants","Food & Drink","false","","regular","Secondary CC","7291","","false"
"2023-09-19","Other Bar","18.51","posted","Bars","Food & Drink","false","","regular","Primary CC","4832","","false"
"2023-09-20","Mta*Nyct Paygo","2.9","posted","Train","Transportation","false","","regular","Secondary CC","7291","","false"
"2023-09-20","Mta*Nyct Paygo","3","posted","Train","Transportation","false","","regular","Secondary CC","7291","","false"
"2023-09-20","Sey Coffee","6.57","posted","Cafés","Food & Drink","false","","regular","Secondary CC","7291","","false"
"2023-09-20","Trader Joe's","28.04","posted","Groceries","Food & Drink","false","","regular","Primary CC","4832","","false"
"2023-09-20","Nyct Paygo","2.9","posted","Train","Transportation","false","","regular","Secondary CC","7291","","false"
"2023-09-20","Nyct Paygo","2.9","posted","Train","Transportation","false","","regular","Secondary CC","7291","","false"
"2023-09-20","Keep The Change Transfer","-0.15","posted","Savings","Transfer","true","","internal transfer","Checking","3456","","false"
"2023-09-20","Square Payroll","-403.78","posted","Side Income","Income","true","","income","Checking","3456","","true"
"2023-09-20","Sey Coffee","5.1","posted","Cafés","Food & Drink","false","","regular","Primary CC","4832","","false"
"2023-09-20","Nyct Paygo","2.9","posted","Train","Transportation","false","","regular","Secondary CC","7291","","false"
"2023-09-21","Nyct Paygo","2.9","posted","Train","Transportation","false","","regular","Secondary CC","7291","","false"
"2023-09-21","Lyft","24.51","posted","Uber","Transportation","false","","regular","Primary CC","4832","","false"
"2023-09-21","Other Restaurant","24.81","posted","Restaurants","Food & Drink","false","","regular","Debit","3456","","false"
"2023-09-22","Other Fast Food","11.44","posted","Fast Food","Food & Drink","false","","regular","Primary CC","4832","","false"
"2023-09-22","Amazon","10.24","posted","Other","Other","false","","regular","Primary CC","4832","","false"
"2023-09-22","Union Pool","17.83","posted","Bars","Food & Drink","false","","regular","Primary CC","4832","","false"
"2023-09-22","Apple.com/bill","6.99","posted","Subscriptions","Entertainment","false","","regular","Primary CC","4832","","true"
"2023-09-22","Other Entertainment","37.36","posted","Entertainment","Entertainment","false","","regular","Secondary CC","7291","","false"
"2023-09-23","Venmo Cashout","31.91","posted","Transfer","Transfer","true","","internal transfer","Checking","3456","","false"
"2023-09-23","Metropolitan Tra","2.9","posted","Train","Transportation","false","","regular","Secondary CC","7291","","false"
"2023-09-23","Nyct Paygo","2.9","posted","Train","Transportation","false","","regular","Primary CC","4832","","false"
"2023-09-23","Whole Foods","32.32","posted","Groceries","Food & Drink","false","","regular","Secondary CC","7291","","false"
"2023-09-23","Nyct Paygo","3","posted","Train","Transportation","false","","regular","Secondary CC","7291","","false"
"2023-09-23","Starbucks","7.9","posted","Cafés","Food & Drink","false","","regular","Primary CC","4832","","false"
"2023-09-24","Uber","19.01","posted","Uber","Transportation","false","","regular","Primary CC","4832","","false"
"2023-09-24","Other Restaurant","47.59","posted","Restaurants","Food & Drink","false","","regular","Venmo","9012","","false"
"2023-09-24","Target","13.1","posted","Groceries","Food & Drink","false","","regular","Secondary CC","7291","","false"
"2023-09-25","Nyct Paygo","2.9","posted","Train","Transportation","false","","regular","Secondary CC","7291","","false"
"2023-09-25","Other Bar","11.68","posted","Bars","Food & Drink","false","","regular","Secondary CC","7291","","false"
"2023-09-25","Land To Sea","6.69","posted","Cafés","Food & Drink","false","","regular","Secondary CC","7291","","false"
"2023-09-25","Metropolitan Tra","2.9","posted","Train","Transportation","false","","regular","Secondary CC","7291","","false"
"2023-09-26","Nyct Paygo","2.9","posted","Train","Transportation","false","","regular","Secondary CC","7291","","false"
"2023-09-26","Nyct Paygo","2.9","posted","Train","Transportation","false","","regular","Secondary CC","7291","","false"
"2023-09-26","Nyct Paygo","2.9","posted","Train","Transportation","false","","regular","Secondary CC","7291","","false"
"2023-09-26","Nyct Paygo","2.9","posted","Train","Transportation","false","","regular","Secondary CC","7291","","false"
"2023-09-26","Nyct Paygo","2.9","posted","Train","Transportation","false","","regular","Secondary CC","7291","","false"
"2023-09-27","Uber","14.01","posted","Uber","Transportation","false","","regular","Primary CC","4832","","false"
"2023-09-27","Nyct Paygo","2.9","posted","Train","Transportation","false","","regular","Secondary CC","7291","","false"
"2023-09-27","Navient Student Loan","280","posted","Student Loan","Debt","false","","regular","Checking","3456","","true"
"2023-09-27","Nyct Paygo","2.9","posted","Train","Transportation","false","","regular","Secondary CC","7291","","false"
"2023-09-27","Target","28.19","posted","Groceries","Food & Drink","false","","regular","Debit","3456","","false"
"2023-09-27","Chipotle","11.33","posted","Fast Food","Food & Drink","false","","regular","Secondary CC","7291","","false"
"2023-09-27","Nyct Paygo","2.9","posted","Train","Transportation","false","","regular","Secondary CC","7291","","false"
"2023-09-27","Other Merchant","6.61","posted","Other","Other","false","","regular","Secondary CC","7291","","false"
"2023-09-28","Uniqlo","19.47","posted","Shops","Shopping","false","","regular","Secondary CC","7291","","false"
"2023-09-28","Con Edison","66.02","posted","Gas & Electric","Utilities","false","","regular","Primary CC","4832","","false"
"2023-09-29","Nyct Paygo","2.9","posted","Train","Transportation","false","","regular","Secondary CC","7291","","false"
"2023-09-29","Land To Sea","10.01","posted","Cafés","Food & Drink","false","","regular","Secondary CC","7291","","false"
"2023-09-29","Other Fast Food","20.47","posted","Fast Food","Food & Drink","false","","regular","Secondary CC","7291","","false"
"2023-09-29","Other Shop","23.96","posted","Shops","Shopping","false","","regular","Primary CC","4832","","false"
"2023-09-30","Mta*Nyct Paygo","3","posted","Train","Transportation","false","","regular","Secondary CC","7291","","false"
"2023-09-30","Mta*Nyct Paygo","3","posted","Train","Transportation","false","","regular","Secondary CC","7291","","false"
"2023-09-30","Panera Bread","15.13","posted","Fast Food","Food & Drink","false","","regular","Primary CC","4832","","false"
"2023-09-30","Whole Foods","135.22","posted","Groceries","Food & Drink","false","","regular","Secondary CC","7291","","false"
"2023-10-01","Lark Cafe","-168.03","posted","Tips","Income","true","","income","Checking","3456","","false"
"2023-10-01","Symbioun Payroll","-2567.3","posted","Payroll","Income","true","","income","Checking","3456","","true"
"2023-10-01","Skinny Dennis","34.2","posted","Bars","Food & Drink","false","","regular","Secondary CC","7291","","false"
"2023-10-01","Metropolitan Tra","2.9","posted","Train","Transportation","false","","regular","Secondary CC","7291","","false"
"2023-10-01","Rent Payment","1325","posted","Rent","Housing","false","","regular","Checking","3456","","true"
"2023-10-01","Nyct Paygo","2.9","posted","Train","Transportation","false","","regular","Secondary CC","7291","","false"
"2023-10-01","The Levee","17.63","posted","Bars","Food & Drink","false","","regular","Secondary CC","7291","","false"
"2023-10-02","Paintbox","58.75","posted","Nails","Personal Care","false","","regular","Primary CC","4832","","false"
"2023-10-02","Sweetgreen","11.16","posted","Fast Food","Food & Drink","false","","regular","Primary CC","4832","","false"
"2023-10-02","Mta*Nyct Paygo","3","posted","Train","Transportation","false","","regular","Secondary CC","7291","","false"
"2023-10-02","Credit Card Payment","-904.88","posted","Credit Card Payment","Transfer","true","","internal transfer","Checking","3456","","true"
"2023-10-02","Nyct Paygo","2.9","posted","Train","Transportation","false","","regular","Secondary CC","7291","","false"
"2023-10-02","Other Shop","71.5","posted","Shops","Shopping","false","","regular","Secondary CC","7291","","false"
"2023-10-02","Other Café","5.93","posted","Cafés","Food & Drink","false","","regular","Debit","3456","","false"
"2023-10-03","Metropolitan Tra","3","posted","Train","Transportation","false","","regular","Secondary CC","7291","","false"
"2023-10-03","Walgreens","16.31","posted","Pharmacy","Health","false","","regular","Primary CC","4832","","false"
"2023-10-03","Uber","49.77","posted","Uber","Transportation","false","","regular","Debit","3456","","false"
"2023-10-03","Nyct Paygo","2.9","posted","Train","Transportation","false","","regular","Secondary CC","7291","","false"
"2023-10-03","Nyct Paygo","2.9","posted","Train","Transportation","false","","regular","Secondary CC","7291","","false"
"2023-10-03","Other Fast Food","9.86","posted","Fast Food","Food & Drink","false","","regular","Primary CC","4832","","false"
"2023-10-03","Mta*Nyct Paygo","2.9","posted","Train","Transportation","false","","regular","Secondary CC","7291","","false"
"2023-10-03","Trader Joe's","27.68","posted","Groceries","Food & Drink","false","","regular","Primary CC","4832","","false"
"2023-10-04","Nyct Paygo","3","posted","Train","Transportation","false","","regular","Secondary CC","7291","","false"
"2023-10-04","Nyct Paygo","2.9","posted","Train","Transportation","false","","regular","Secondary CC","7291","","false"
"2023-10-04","Square Payroll","-415.2","posted","Side Income","Income","true","","income","Checking","3456","","true"
"2023-10-04","Nyct Paygo","3","posted","Train","Transportation","false","","regular","Secondary CC","7291","","false"
"2023-10-05","Duane Reade","7.46","posted","Other","Other","false","","regular","Primary CC","4832","","false"
"2023-10-05","Other Fast Food","23.55","posted","Fast Food","Food & Drink","false","","regular","Primary CC","4832","","false"
"2023-10-05","Interest Payment","-3.01","posted","Interest","Income","true","","income","Savings","6789","","true"
"2023-10-05","Amazon","78.36","posted","Shops","Shopping","false","","regular","Secondary CC","7291","","false"
"2023-10-05","Nyct Paygo","3","posted","Train","Transportation","false","","regular","Secondary CC","7291","","false"
"2023-10-05","Devocion","3.94","posted","Cafés","Food & Drink","false","","regular","Primary CC","4832","","false"
"2023-10-05","Nyct Paygo","2.9","posted","Train","Transportation","false","","regular","Secondary CC","7291","","false"
"2023-10-06","Amazon","132.75","posted","Shops","Shopping","false","","regular","Debit","3456","","false"
"2023-10-06","Other Entertainment","18.56","posted","Entertainment","Entertainment","false","","regular","Primary CC","4832","","false"
"2023-10-06","Land To Sea","6.55","posted","Cafés","Food & Drink","false","","regular","Primary CC","4832","","false"
"2023-10-06","Trader Joe's","43.01","posted","Groceries","Food & Drink","false","","regular","Secondary CC","7291","","false"
"2023-10-06","Nyct Paygo","2.9","posted","Train","Transportation","false","","regular","Secondary CC","7291","","false"
"2023-10-06","Other Merchant","41.44","posted","Other","Other","false","","regular","Secondary CC","7291","","false"
"2023-10-07","Other Grocery","22.3","posted","Groceries","Food & Drink","false","","regular","Primary CC","4832","","false"
"2023-10-08","Other Merchant","6.88","posted","Other","Other","false","","regular","Primary CC","4832","","false"
"2023-10-08","Mta*Nyct Paygo","2.9","posted","Train","Transportation","false","","regular","Secondary CC","7291","","false"
"2023-10-08","Other Clothing","44.17","posted","Clothing","Shopping","false","","regular","Primary CC","4832","","false"
"2023-10-09","Nyct Paygo","2.9","posted","Train","Transportation","false","","regular","Secondary CC","7291","","false"
"2023-10-10","Other Café","9.26","posted","Cafés","Food & Drink","false","","regular","Primary CC","4832","","false"
"2023-10-10","Metropolitan Tra","2.9","posted","Train","Transportation","false","","regular","Secondary CC","7291","","false"
"2023-10-10","Chipotle","15.1","posted","Fast Food","Food & Drink","false","","regular","Secondary CC","7291","","false"
"2023-10-10","Sweetgreen","13.18","posted","Fast Food","Food & Drink","false","","regular","Secondary CC","7291","","false"
"2023-10-11","Skinny Dennis","12.21","posted","Bars","Food & Drink","false","","regular","Venmo","9012","","false"
"2023-10-12","Other Clothing","26.24","posted","Clothing","Shopping","false","","regular","Debit","3456","","false"
"2023-10-12","Okonomi","32.58","posted","Restaurants","Food & Drink","false","","regular","Secondary CC","7291","","false"
"2023-10-12","Nyct Paygo","2.9","posted","Train","Transportation","false","","regular","Secondary CC","7291","","false"
"2023-10-12","Chick-Fil-A","9.84","posted","Fast Food","Food & Drink","false","","regular","Primary CC","4832","","false"
"2023-10-12","Nyct Paygo","2.9","posted","Train","Transportation","false","","regular","Secondary CC","7291","","false"
"2023-10-12","Venmo Cashout","147.85","posted","Transfer","Transfer","true","","internal transfer","Checking","3456","","false"
"2023-10-12","Other Merchant","11.12","posted","Other","Other","false","","regular","Debit","3456","","false"
"2023-10-12","Mta*Nyct Paygo","2.9","posted","Train","Transportation","false","","regular","Secondary CC","7291","","false"
"2023-10-12","Mta*Nyct Paygo","2.9","posted","Train","Transportation","false","","regular","Secondary CC","7291","","false"
"2023-10-13","Shake Shack","7.66","posted","Fast Food","Food & Drink","false","","regular","Debit","3456","","false"
"2023-10-13","Laundromat","12","posted","Laundry","Personal Care","false","","regular","Debit","3456","","false"
"2023-10-13","Nyct Paygo","2.9","posted","Train","Transportation","false","","regular","Secondary CC","7291","","false"
"2023-10-13","Nyct Paygo","3","posted","Train","Transportation","false","","regular","Secondary CC","7291","","false"
"2023-10-14","Con Edison","76.14","posted","Gas & Electric","Utilities","false","","regular","Primary CC","4832","","false"
"2023-10-14","Other Café","3.44","posted","Cafés","Food & Drink","false","","regular","Primary CC","4832","","false"
"2023-10-14","Other Café","4.64","posted","Cafés","Food & Drink","false","","regular","Primary CC","4832","","false"
"2023-10-14","Metropolitan Tra","2.9","posted","Train","Transportation","false","","regular","Secondary CC","7291","","false"
"2023-10-14","C-Town","34.22","posted","Groceries","Food & Drink","false","","regular","Primary CC","4832","","false"
"2023-10-15","Whole Foods","17.5","posted","Groceries","Food & Drink","false","","regular","Primary CC","4832","","false"
"2023-10-15","Symbioun Payroll","-2546.22","posted","Payroll","Income","true","","income","Checking","3456","","true"
"2023-10-15","Other Shop","55.35","posted","Shops","Shopping","false","","regular","Primary CC","4832","","false"
"2023-10-16","Thai Villa","45.02","posted","Restaurants","Food & Drink","false","","regular","Secondary CC","7291","","false"
"2023-10-16","Nyct Paygo","2.9","posted","Train","Transportation","false","","regular","Secondary CC","7291","","false"
"2023-10-16","Starbucks","4.47","posted","Cafés","Food & Drink","false","","regular","Secondary CC","7291","","false"
"2023-10-16","Metropolitan Tra","2.9","posted","Train","Transportation","false","","regular","Secondary CC","7291","","false"
"2023-10-17","Nyct Paygo","2.9","posted","Train","Transportation","false","","regular","Secondary CC","7291","","false"
"2023-10-17","Conductor Inc Deposit","-889.02","posted","Side Income","Income","true","","income","Checking","3456","","false"
"2023-10-18","Other Café","6.27","posted","Cafés","Food & Drink","false","","regular","Secondary CC","7291","","false"
"2023-10-18","Whole Foods","22.41","posted","Groceries","Food & Drink","false","","regular","Secondary CC","7291","","false"
"2023-10-18","Keep The Change Transfer","-0.63","posted","Savings","Transfer","true","","internal transfer","Checking","3456","","false"
"2023-10-18","Square Payroll","-387.97","posted","Side Income","Income","true","","income","Checking","3456","","true"
"2023-10-18","Nyct Paygo","2.9","posted","Train","Transportation","false","","regular","Secondary CC","7291","","false"
"2023-10-18","Land To Sea","7.52","posted","Cafés","Food & Drink","false","","regular","Primary CC","4832","","false"
"2023-10-18","Nyct Paygo","2.9","posted","Train","Transportation","false","","regular","Secondary CC","7291","","false"
"2023-10-18","Metropolitan Tra","2.9","posted","Train","Transportation","false","","regular","Secondary CC","7291","","false"
"2023-10-18","Con Edison","45.03","posted","Gas & Electric","Utilities","false","","regular","Primary CC","4832","","false"
"2023-10-18","Other Merchant","11.37","posted","Other","Other","false","","regular","Primary CC","4832","","false"
"2023-10-19","Whole Foods","30.53","posted","Groceries","Food & Drink","false","","regular","Debit","3456","","false"
"2023-10-19","Nyct Paygo","2.9","posted","Train","Transportation","false","","regular","Secondary CC","7291","","false"
"2023-10-19","Nyct Paygo","3","posted","Train","Transportation","false","","regular","Secondary CC","7291","","false"
"2023-10-19","Uber","24.09","posted","Uber","Transportation","false","","regular","Secondary CC","7291","","false"
"2023-10-19","Keep The Change Transfer","-0.48","posted","Savings","Transfer","true","","internal transfer","Checking","3456","","false"
"2023-10-19","Lark Cafe","-120.92","posted","Tips","Income","true","","income","Checking","3456","","false"
"2023-10-20","Nyct Paygo","2.9","posted","Train","Transportation","false","","regular","Secondary CC","7291","","false"
"2023-10-20","Other Grocery","35.31","posted","Groceries","Food & Drink","false","","regular","Primary CC","4832","","false"
"2023-10-20","Shake Shack","9.03","posted","Fast Food","Food & Drink","false","","regular","Secondary CC","7291","","false"
"2023-10-21","Other Restaurant","27.43","posted","Restaurants","Food & Drink","false","","regular","Secondary CC","7291","","false"
"2023-10-21","Sweetgreen","10.5","posted","Fast Food","Food & Drink","false","","regular","Debit","3456","","false"
"2023-10-21","Venmo Cashout","84.19","posted","Transfer","Transfer","true","","internal transfer","Checking","3456","","false"
"2023-10-21","Whole Foods","33.06","posted","Groceries","Food & Drink","false","","regular","Secondary CC","7291","","false"
"2023-10-21","Spectrum","59.99","posted","Internet","Utilities","false","","regular","Primary CC","4832","","false"
"2023-10-22","Other Fast Food","9.86","posted","Fast Food","Food & Drink","false","","regular","Primary CC","4832","","false"
"2023-10-22","Land To Sea","18","posted","Cafés","Food & Drink","false","","regular","Primary CC","4832","","false"
"2023-10-22","Spectrum","59.99","posted","Internet","Utilities","false","","regular","Primary CC","4832","","false"
"2023-10-22","Apple.com/bill","6.99","posted","Subscriptions","Entertainment","false","","regular","Primary CC","4832","","true"
"2023-10-22","Other Bar","38.27","posted","Bars","Food & Drink","false","","regular","Primary CC","4832","","false"
"2023-10-22","Nyct Paygo","2.9","posted","Train","Transportation","false","","regular","Secondary CC","7291","","false"
"2023-10-22","Misc Purchase","8.8","posted","Other","Other","false","","regular","Primary CC","4832","","false"
"2023-10-23","Mta*Nyct Paygo","2.9","posted","Train","Transportation","false","","regular","Secondary CC","7291","","false"
"2023-10-23","Nail Salon","40.6","posted","Nails","Personal Care","false","","regular","Debit","3456","","false"
"2023-10-23","Nyct Paygo","3","posted","Train","Transportation","false","","regular","Secondary CC","7291","","false"
"2023-10-23","Paintbox","40.29","posted","Nails","Personal Care","false","","regular","Primary CC","4832","","false"
"2023-10-24","Key Food","25.9","posted","Groceries","Food & Drink","false","","regular","Debit","3456","","false"
"2023-10-24","Uniqlo","16.11","posted","Clothing","Shopping","false","","regular","Secondary CC","7291","","false"
"2023-10-24","Mta*Nyct Paygo","2.9","posted","Train","Transportation","false","","regular","Secondary CC","7291","","false"
"2023-10-24","Other Restaurant","16.33","posted","Restaurants","Food & Drink","false","","regular","Primary CC","4832","","false"
"2023-10-24","Nyct Paygo","2.9","posted","Train","Transportation","false","","regular","Secondary CC","7291","","false"
"2023-10-24","Nyct Paygo","2.9","posted","Train","Transportation","false","","regular","Secondary CC","7291","","false"
"2023-10-24","Other Fast Food","35","posted","Fast Food","Food & Drink","false","","regular","Secondary CC","7291","","false"
"2023-10-24","Nyct Paygo","2.9","posted","Train","Transportation","false","","regular","Secondary CC","7291","","false"
"2023-10-25","Mta*Nyct Paygo","3","posted","Train","Transportation","false","","regular","Secondary CC","7291","","false"
"2023-10-25","Nyct Paygo","2.9","posted","Train","Transportation","false","","regular","Secondary CC","7291","","false"
"2023-10-26","Nyct Paygo","3","posted","Train","Transportation","false","","regular","Secondary CC","7291","","false"
"2023-10-27","Mta*Nyct Paygo","2.9","posted","Train","Transportation","false","","regular","Secondary CC","7291","","false"
"2023-10-27","Other Restaurant","41.5","posted","Restaurants","Food & Drink","false","","regular","Debit","3456","","false"
"2023-10-27","Nyct Paygo","3","posted","Train","Transportation","false","","regular","Secondary CC","7291","","false"
"2023-10-27","Nyct Paygo","3","posted","Train","Transportation","false","","regular","Primary CC","4832","","false"
"2023-10-27","Mta*Nyct Paygo","2.9","posted","Train","Transportation","false","","regular","Secondary CC","7291","","false"
"2023-10-27","Navient Student Loan","280","posted","Student Loan","Debt","false","","regular","Checking","3456","","true"
"2023-10-28","Subway","7.48","posted","Fast Food","Food & Drink","false","","regular","Primary CC","4832","","false"
"2023-10-28","Café Regular","2.5","posted","Cafés","Food & Drink","false","","regular","Debit","3456","","false"
"2023-10-29","AMC Theatres","30.82","posted","Entertainment","Entertainment","false","","regular","Primary CC","4832","","false"
"2023-10-29","Symbioun Payroll","-2560.16","posted","Payroll","Income","true","","income","Checking","3456","","true"
"2023-10-29","Trader Joe's","56.65","posted","Groceries","Food & Drink","false","","regular","Primary CC","4832","","false"
"2023-10-30","Keep The Change Transfer","-0.47","posted","Savings","Transfer","true","","internal transfer","Checking","3456","","false"
"2023-10-30","Other Restaurant","17.54","posted","Restaurants","Food & Drink","false","","regular","Secondary CC","7291","","false"
"2023-10-31","Key Food","18.5","posted","Groceries","Food & Drink","false","","regular","Secondary CC","7291","","false"
"2023-10-31","Panera Bread","9.59","posted","Fast Food","Food & Drink","false","","regular","Secondary CC","7291","","false"
"2023-10-31","Mta*Nyct Paygo","2.9","posted","Train","Transportation","false","","regular","Secondary CC","7291","","false"
"2023-10-31","Nyct Paygo","2.9","posted","Train","Transportation","false","","regular","Secondary CC","7291","","false"
"2023-11-01","Duane Reade","35.77","posted","Pharmacy","Health","false","","regular","Primary CC","4832","","false"
"2023-11-01","Square Payroll","-438.99","posted","Side Income","Income","true","","income","Checking","3456","","true"
"2023-11-01","Land To Sea","7.88","posted","Cafés","Food & Drink","false","","regular","Primary CC","4832","","false"
"2023-11-01","Lark Cafe","-145.27","posted","Tips","Income","true","","income","Checking","3456","","false"
"2023-11-01","Nyct Paygo","2.9","posted","Train","Transportation","false","","regular","Secondary CC","7291","","false"
"2023-11-01","Nyct Paygo","2.9","posted","Train","Transportation","false","","regular","Secondary CC","7291","","false"
"2023-11-01","Credit Card Payment","-1129.67","posted","Credit Card Payment","Transfer","true","","internal transfer","Checking","3456","","true"
"2023-11-01","Rent Payment","1325","posted","Rent","Housing","false","","regular","Checking","3456","","true"
"2023-11-02","Nyct Paygo","3","posted","Train","Transportation","false","","regular","Secondary CC","7291","","false"
"2023-11-02","Paintbox","60.27","posted","Nails","Personal Care","false","","regular","Debit","3456","","false"
"2023-11-02","Metropolitan Tra","3","posted","Train","Transportation","false","","regular","Secondary CC","7291","","false"
"2023-11-03","Uber","19.79","posted","Uber","Transportation","false","","regular","Primary CC","4832","","false"
"2023-11-03","Nyct Paygo","2.9","posted","Train","Transportation","false","","regular","Secondary CC","7291","","false"
"2023-11-03","Nyct Paygo","3","posted","Train","Transportation","false","","regular","Secondary CC","7291","","false"
"2023-11-04","Interest Payment","-3.46","posted","Interest","Income","true","","income","Savings","6789","","true"
"2023-11-04","Nyct Paygo","3","posted","Train","Transportation","false","","regular","Secondary CC","7291","","false"
"2023-11-04","C-Town","59.27","posted","Groceries","Food & Drink","false","","regular","Primary CC","4832","","false"
"2023-11-04","Nyct Paygo","2.9","posted","Train","Transportation","false","","regular","Secondary CC","7291","","false"
"2023-11-04","Sweetleaf","7.99","posted","Cafés","Food & Drink","false","","regular","Debit","3456","","false"
"2023-11-04","Other Café","4.11","posted","Cafés","Food & Drink","false","","regular","Secondary CC","7291","","false"
"2023-11-04","Uber","23.3","posted","Uber","Transportation","false","","regular","Debit","3456","","false"
"2023-11-04","Laundromat","8.5","posted","Laundry","Personal Care","false","","regular","Debit","3456","","false"
"2023-11-04","Nyct Paygo","2.9","posted","Train","Transportation","false","","regular","Secondary CC","7291","","false"
"2023-11-04","CVS","32.87","posted","Other","Other","false","","regular","Primary CC","4832","","false"
"2023-11-05","Panera Bread","15.14","posted","Fast Food","Food & Drink","false","","regular","Secondary CC","7291","","false"
"2023-11-05","Amazon","28.57","posted","Shops","Shopping","false","","regular","Primary CC","4832","","false"
"2023-11-05","Other Shop","66.01","posted","Shops","Shopping","false","","regular","Primary CC","4832","","false"
"2023-11-05","The Levee","12.16","posted","Bars","Food & Drink","false","","regular","Venmo","9012","","false"
"2023-11-05","Nyct Paygo","2.9","posted","Train","Transportation","false","","regular","Secondary CC","7291","","false"
"2023-11-05","Land To Sea","2.5","posted","Cafés","Food & Drink","false","","regular","Primary CC","4832","","false"
"2023-11-06","Nyct Paygo","2.9","posted","Train","Transportation","false","","regular","Secondary CC","7291","","false"
"2023-11-06","Nyct Paygo","3","posted","Train","Transportation","false","","regular","Secondary CC","7291","","false"
"2023-11-06","Other Bar","25.68","posted","Bars","Food & Drink","false","","regular","Secondary CC","7291","","false"
"2023-11-06","Joe Coffee","4.4","posted","Cafés","Food & Drink","false","","regular","Primary CC","4832","","false"
"2023-11-07","Cleaners","8.5","posted","Laundry","Personal Care","false","","regular","Debit","3456","","false"
"2023-11-07","Five Guys","17.93","posted","Fast Food","Food & Drink","false","","regular","Secondary CC","7291","","false"
"2023-11-07","Nyct Paygo","2.9","posted","Train","Transportation","false","","regular","Secondary CC","7291","","false"
"2023-11-08","Nyct Paygo","2.9","posted","Train","Transportation","false","","regular","Secondary CC","7291","","false"
"2023-11-08","Nyct Paygo","2.9","posted","Train","Transportation","false","","regular","Secondary CC","7291","","false"
"2023-11-08","Nyct Paygo","2.9","posted","Train","Transportation","false","","regular","Secondary CC","7291","","false"
"2023-11-08","Panera Bread","10.9","posted","Fast Food","Food & Drink","false","","regular","Secondary CC","7291","","false"
"2023-11-08","Nyct Paygo","2.9","posted","Train","Transportation","false","","regular","Secondary CC","7291","","false"
"2023-11-09","Venmo Cashout","61.67","posted","Transfer","Transfer","true","","internal transfer","Checking","3456","","false"
"2023-11-09","Nyct Paygo","2.9","posted","Train","Transportation","false","","regular","Secondary CC","7291","","false"
"2023-11-09","Nyct Paygo","3","posted","Train","Transportation","false","","regular","Primary CC","4832","","false"
"2023-11-09","Lark Cafe","-191.81","posted","Tips","Income","true","","income","Checking","3456","","false"
"2023-11-09","Nyct Paygo","2.9","posted","Train","Transportation","false","","regular","Primary CC","4832","","false"
"2023-11-09","Spectrum","49.99","posted","Internet","Utilities","false","","regular","Checking","3456","","false"
"2023-11-10","Lyft","43.12","posted","Uber","Transportation","false","","regular","Primary CC","4832","","false"
"2023-11-10","Shake Shack","7.81","posted","Fast Food","Food & Drink","false","","regular","Secondary CC","7291","","false"
"2023-11-10","Mta*Nyct Paygo","2.9","posted","Train","Transportation","false","","regular","Secondary CC","7291","","false"
"2023-11-11","Other Grocery","59.45","posted","Groceries","Food & Drink","false","","regular","Secondary CC","7291","","false"
"2023-11-11","Other Fast Food","8.88","posted","Fast Food","Food & Drink","false","","regular","Primary CC","4832","","false"
"2023-11-11","Sushi Katsuei","32.98","posted","Restaurants","Food & Drink","false","","regular","Primary CC","4832","","false"
"2023-11-11","Nyct Paygo","2.9","posted","Train","Transportation","false","","regular","Secondary CC","7291","","false"
"2023-11-11","Food Bazaar","14.63","posted","Groceries","Food & Drink","false","","regular","Primary CC","4832","","false"
"2023-11-11","Spotify","20.05","posted","Entertainment","Entertainment","false","","regular","Secondary CC","7291","","false"
"2023-11-12","Mta*Nyct Paygo","2.9","posted","Train","Transportation","false","","regular","Secondary CC","7291","","false"
"2023-11-12","Symbioun Payroll","-2569.01","posted","Payroll","Income","true","","income","Checking","3456","","true"
"2023-11-12","C-Town","10.91","posted","Groceries","Food & Drink","false","","regular","Primary CC","4832","","false"
"2023-11-12","Nyct Paygo","2.9","posted","Train","Transportation","false","","regular","Secondary CC","7291","","false"
"2023-11-12","Nyct Paygo","2.9","posted","Train","Transportation","false","","regular","Primary CC","4832","","false"
"2023-11-13","Sweetleaf","12.29","posted","Cafés","Food & Drink","false","","regular","Primary CC","4832","","false"
"2023-11-13","Keep The Change Transfer","-0.88","posted","Savings","Transfer","true","","internal transfer","Checking","3456","","false"
"2023-11-13","Nyct Paygo","3","posted","Train","Transportation","false","","regular","Secondary CC","7291","","false"
"2023-11-13","Nyct Paygo","3","posted","Train","Transportation","false","","regular","Secondary CC","7291","","false"
"2023-11-13","Nyct Paygo","3","posted","Train","Transportation","false","","regular","Secondary CC","7291","","false"
"2023-11-13","Mta*Nyct Paygo","2.9","posted","Train","Transportation","false","","regular","Secondary CC","7291","","false"
"2023-11-14","Keep The Change Transfer","-0.93","posted","Savings","Transfer","true","","internal transfer","Checking","3456","","false"
"2023-11-14","Uber","25.71","posted","Uber","Transportation","false","","regular","Primary CC","4832","","false"
"2023-11-14","Land To Sea","12.3","posted","Cafés","Food & Drink","false","","regular","Debit","3456","","false"
"2023-11-15","Diner","82.28","posted","Restaurants","Food & Drink","false","","regular","Primary CC","4832","","false"
"2023-11-15","Nyct Paygo","2.9","posted","Train","Transportation","false","","regular","Secondary CC","7291","","false"
"2023-11-15","Celsious","12","posted","Laundry","Personal Care","false","","regular","Secondary CC","7291","","false"
"2023-11-15","Mta*Nyct Paygo","2.9","posted","Train","Transportation","false","","regular","Secondary CC","7291","","false"
"2023-11-15","Nyct Paygo","2.9","posted","Train","Transportation","false","","regular","Secondary CC","7291","","false"
"2023-11-15","Amazon","7.72","posted","Other","Other","false","","regular","Primary CC","4832","","false"
"2023-11-15","Square Payroll","-388.02","posted","Side Income","Income","true","","income","Checking","3456","","true"
"2023-11-15","Nyct Paygo","2.9","posted","Train","Transportation","false","","regular","Secondary CC","7291","","false"
"2023-11-16","Nyct Paygo","2.9","posted","Train","Transportation","false","","regular","Secondary CC","7291","","false"
"2023-11-16","Conductor Inc Deposit","-773.13","posted","Side Income","Income","true","","income","Checking","3456","","false"
"2023-11-16","Whole Foods","26.19","posted","Groceries","Food & Drink","false","","regular","Primary CC","4832","","false"
"2023-11-16","Nyct Paygo","2.9","posted","Train","Transportation","false","","regular","Secondary CC","7291","","false"
"2023-11-16","Devocion","4.55","posted","Cafés","Food & Drink","false","","regular","Primary CC","4832","","false"
"2023-11-17","Nyct Paygo","2.9","posted","Train","Transportation","false","","regular","Secondary CC","7291","","false"
"2023-11-17","Nyct Paygo","2.9","posted","Train","Transportation","false","","regular","Secondary CC","7291","","false"
"2023-11-17","Mta*Nyct Paygo","2.9","posted","Train","Transportation","false","","regular","Secondary CC","7291","","false"
"2023-11-17","Nyct Paygo","2.9","posted","Train","Transportation","false","","regular","Secondary CC","7291","","false"
"2023-11-17","Nyct Paygo","2.9","posted","Train","Transportation","false","","regular","Secondary CC","7291","","false"
"2023-11-18","Nyct Paygo","2.9","posted","Train","Transportation","false","","regular","Secondary CC","7291","","false"
"2023-11-18","Mta*Nyct Paygo","3","posted","Train","Transportation","false","","regular","Secondary CC","7291","","false"
"2023-11-18","Key Food","13.66","posted","Groceries","Food & Drink","false","","regular","Primary CC","4832","","false"
"2023-11-18","AMC Theatres","5","posted","Entertainment","Entertainment","false","","regular","Secondary CC","7291","","false"
"2023-11-19","Keep The Change Transfer","-0.49","posted","Savings","Transfer","true","","internal transfer","Checking","3456","","false"
"2023-11-19","Trader Joe's","14.22","posted","Groceries","Food & Drink","false","","regular","Primary CC","4832","","false"
"2023-11-19","Nyct Paygo","2.9","posted","Train","Transportation","false","","regular","Secondary CC","7291","","false"
"2023-11-19","Other Fast Food","9.27","posted","Fast Food","Food & Drink","false","","regular","Secondary CC","7291","","false"
"2023-11-19","Spotify","38.37","posted","Entertainment","Entertainment","false","","regular","Debit","3456","","false"
"2023-11-20","Other Restaurant","75.76","posted","Restaurants","Food & Drink","false","","regular","Secondary CC","7291","","false"
"2023-11-20","Nyct Paygo","2.9","posted","Train","Transportation","false","","regular","Secondary CC","7291","","false"
"2023-11-20","Nyct Paygo","2.9","posted","Train","Transportation","false","","regular","Secondary CC","7291","","false"
"2023-11-20","Land To Sea","8.11","posted","Cafés","Food & Drink","false","","regular","Secondary CC","7291","","false"
"2023-11-20","Mta*Nyct Paygo","3","posted","Train","Transportation","false","","regular","Secondary CC","7291","","false"
"2023-11-21","Apple.com/bill","6.99","posted","Subscriptions","Entertainment","false","","regular","Primary CC","4832","","true"
"2023-11-21","Other Fast Food","9.39","posted","Fast Food","Food & Drink","false","","regular","Primary CC","4832","","false"
"2023-11-21","Nyct Paygo","3","posted","Train","Transportation","false","","regular","Secondary CC","7291","","false"
"2023-11-21","Other Café","3.97","posted","Cafés","Food & Drink","false","","regular","Primary CC","4832","","false"
"2023-11-21","Metropolitan Tra","2.9","posted","Train","Transportation","false","","regular","Secondary CC","7291","","false"
"2023-11-21","Nyct Paygo","2.9","posted","Train","Transportation","false","","regular","Secondary CC","7291","","false"
"2023-11-22","CVS","30.29","posted","Other","Other","false","","regular","Primary CC","4832","","false"
"2023-11-22","Devocion","8.93","posted","Cafés","Food & Drink","false","","regular","Primary CC","4832","","false"
"2023-11-23","Other Café","3.29","posted","Cafés","Food & Drink","false","","regular","Secondary CC","7291","","false"
"2023-11-23","Cleaners","12","posted","Laundry","Personal Care","false","","regular","Debit","3456","","false"
"2023-11-23","Mta*Nyct Paygo","2.9","posted","Train","Transportation","false","","regular","Secondary CC","7291","","false"
"2023-11-24","Rite Aid","9.17","posted","Pharmacy","Health","false","","regular","Primary CC","4832","","false"
"2023-11-25","Other Fast Food","17.4","posted","Fast Food","Food & Drink","false","","regular","Primary CC","4832","","false"
"2023-11-25","T-Mobile","30","posted","Phone","Utilities","false","","regular","Primary CC","4832","","false"
"2023-11-25","Other Merchant","94.89","posted","Other","Other","false","","regular","Primary CC","4832","","false"
"2023-11-26","Symbioun Payroll","-2569.29","posted","Payroll","Income","true","","income","Checking","3456","","true"
"2023-11-26","Metropolitan Tra","2.9","posted","Train","Transportation","false","","regular","Secondary CC","7291","","false"
"2023-11-26","Navient Student Loan","280","posted","Student Loan","Debt","false","","regular","Checking","3456","","true"
"2023-11-26","Nyct Paygo","3","posted","Train","Transportation","false","","regular","Secondary CC","7291","","false"
"2023-11-26","Amazon","38.92","posted","Shops","Shopping","false","","regular","Secondary CC","7291","","false"
"2023-11-26","Venmo Cashout","87.8","posted","Transfer","Transfer","true","","internal transfer","Checking","3456","","false"
"2023-11-27","Mta*Nyct Paygo","2.9","posted","Train","Transportation","false","","regular","Secondary CC","7291","","false"
"2023-11-27","Union Pool","22.32","posted","Bars","Food & Drink","false","","regular","Venmo","9012","","false"
"2023-11-27","Joe Coffee","3.38","posted","Cafés","Food & Drink","false","","regular","Primary CC","4832","","false"
"2023-11-27","Other Grocery","10.67","posted","Groceries","Food & Drink","false","","regular","Secondary CC","7291","","false"
"2023-11-27","Panera Bread","13.7","posted","Fast Food","Food & Drink","false","","regular","Secondary CC","7291","","false"
"2023-11-27","Target","10.69","posted","Shops","Shopping","false","","regular","Primary CC","4832","","false"
"2023-11-27","Other Fast Food","8.83","posted","Fast Food","Food & Drink","false","","regular","Secondary CC","7291","","false"
"2023-11-27","Spritzenhaus","18.91","posted","Bars","Food & Drink","false","","regular","Venmo","9012","","false"
"2023-11-28","CVS","13.73","posted","Pharmacy","Health","false","","regular","Secondary CC","7291","","false"
"2023-11-29","Trader Joe's","24.78","posted","Groceries","Food & Drink","false","","regular","Debit","3456","","false"
"2023-11-29","Nyct Paygo","3","posted","Train","Transportation","false","","regular","Secondary CC","7291","","false"
"2023-11-29","Key Food","24.4","posted","Groceries","Food & Drink","false","","regular","Secondary CC","7291","","false"
"2023-11-29","Mta*Nyct Paygo","2.9","posted","Train","Transportation","false","","regular","Secondary CC","7291","","false"
"2023-11-29","Square Payroll","-341.22","posted","Side Income","Income","true","","income","Checking","3456","","true"
"2023-11-29","Uniqlo","8.44","posted","Shops","Shopping","false","","regular","Primary CC","4832","","false"
"2023-11-29","Mta*Nyct Paygo","2.9","posted","Train","Transportation","false","","regular","Secondary CC","7291","","false"
"2023-11-29","Walgreens","10.63","posted","Pharmacy","Health","false","","regular","Debit","3456","","false"
"2023-11-30","Joe Coffee","6.73","posted","Cafés","Food & Drink","false","","regular","Secondary CC","7291","","false"
"2023-11-30","Nyct Paygo","2.9","posted","Train","Transportation","false","","regular","Secondary CC","7291","","false"
"2023-11-30","Other Restaurant","17.73","posted","Restaurants","Food & Drink","false","","regular","Primary CC","4832","","false"
"2023-12-01","Credit Card Payment","-1589.46","posted","Credit Card Payment","Transfer","true","","internal transfer","Checking","3456","","true"
"2023-12-01","Rent Payment","1325","posted","Rent","Housing","false","","regular","Checking","3456","","true"
"2023-12-01","CVS","9.4","posted","Other","Other","false","","regular","Primary CC","4832","","false"
"2023-12-02","T-Mobile","25","posted","Phone","Utilities","false","","regular","Primary CC","4832","","false"
"2023-12-02","Other Shop","12.27","posted","Shops","Shopping","false","","regular","Primary CC","4832","","false"
"2023-12-02","Trader Joe's","18.08","posted","Groceries","Food & Drink","false","","regular","Secondary CC","7291","","false"
"2023-12-02","Nyct Paygo","2.9","posted","Train","Transportation","false","","regular","Secondary CC","7291","","false"
"2023-12-03","Lark Cafe","-198.6","posted","Tips","Income","true","","income","Checking","3456","","false"
"2023-12-04","Joe Coffee","6.53","posted","Cafés","Food & Drink","false","","regular","Primary CC","4832","","false"
"2023-12-04","Nyct Paygo","3","posted","Train","Transportation","false","","regular","Secondary CC","7291","","false"
"2023-12-04","Mta*Nyct Paygo","2.9","posted","Train","Transportation","false","","regular","Secondary CC","7291","","false"
"2023-12-04","Interest Payment","-4.69","posted","Interest","Income","true","","income","Savings","6789","","true"
"2023-12-04","Sweetgreen","16.84","posted","Fast Food","Food & Drink","false","","regular","Primary CC","4832","","false"
"2023-12-05","Nyct Paygo","2.9","posted","Train","Transportation","false","","regular","Secondary CC","7291","","false"
"2023-12-05","Muji","27.37","posted","Shops","Shopping","false","","regular","Primary CC","4832","","false"
"2023-12-05","Nyct Paygo","2.9","posted","Train","Transportation","false","","regular","Secondary CC","7291","","false"
"2023-12-05","C-Town","10.82","posted","Groceries","Food & Drink","false","","regular","Secondary CC","7291","","false"
"2023-12-05","Chipotle","13.94","posted","Fast Food","Food & Drink","false","","regular","Primary CC","4832","","false"
"2023-12-05","Metropolitan Tra","2.9","posted","Train","Transportation","false","","regular","Primary CC","4832","","false"
"2023-12-05","Mta*Nyct Paygo","3","posted","Train","Transportation","false","","regular","Primary CC","4832","","false"
"2023-12-05","Other Clothing","29.76","posted","Clothing","Shopping","false","","regular","Primary CC","4832","","false"
"2023-12-05","Nyct Paygo","3","posted","Train","Transportation","false","","regular","Secondary CC","7291","","false"
"2023-12-06","Mint Mobile","15","posted","Phone","Utilities","false","","regular","Primary CC","4832","","false"
"2023-12-06","Chick-Fil-A","7.93","posted","Fast Food","Food & Drink","false","","regular","Primary CC","4832","","false"
"2023-12-06","Lyft","12.98","posted","Uber","Transportation","false","","regular","Primary CC","4832","","false"
"2023-12-06","Nyct Paygo","2.9","posted","Train","Transportation","false","","regular","Secondary CC","7291","","false"
"2023-12-06","CVS","28.1","posted","Other","Other","false","","regular","Debit","3456","","false"
"2023-12-07","Other Restaurant","38.94","posted","Restaurants","Food & Drink","false","","regular","Debit","3456","","false"
"2023-12-07","Nyct Paygo","2.9","posted","Train","Transportation","false","","regular","Secondary CC","7291","","false"
"2023-12-07","Nyct Paygo","2.9","posted","Train","Transportation","false","","regular","Secondary CC","7291","","false"
"2023-12-08","Mta*Nyct Paygo","3","posted","Train","Transportation","false","","regular","Secondary CC","7291","","false"
"2023-12-08","McDonald's","13.18","posted","Fast Food","Food & Drink","false","","regular","Secondary CC","7291","","false"
"2023-12-08","Keep The Change Transfer","-0.41","posted","Savings","Transfer","true","","internal transfer","Checking","3456","","false"
"2023-12-08","Other Merchant","24.07","posted","Other","Other","false","","regular","Secondary CC","7291","","false"
"2023-12-08","Diner","21.96","posted","Restaurants","Food & Drink","false","","regular","Primary CC","4832","","false"
"2023-12-08","Mta*Nyct Paygo","2.9","posted","Train","Transportation","false","","regular","Secondary CC","7291","","false"
"2023-12-08","Nyct Paygo","3","posted","Train","Transportation","false","","regular","Secondary CC","7291","","false"
"2023-12-09","Key Food","38.56","posted","Groceries","Food & Drink","false","","regular","Primary CC","4832","","false"
"2023-12-09","Muji","16.6","posted","Shops","Shopping","false","","regular","Primary CC","4832","","false"
"2023-12-09","Nyct Paygo","2.9","posted","Train","Transportation","false","","regular","Secondary CC","7291","","false"
"2023-12-10","Duane Reade","41.93","posted","Other","Other","false","","regular","Primary CC","4832","","false"
"2023-12-10","Symbioun Payroll","-2571.5","posted","Payroll","Income","true","","income","Checking","3456","","true"
"2023-12-11","Cleaners","12","posted","Laundry","Personal Care","false","","regular","Secondary CC","7291","","false"
"2023-12-11","Sushi Katsuei","90.65","posted","Restaurants","Food & Drink","false","","regular","Primary CC","4832","","false"
"2023-12-11","Nyct Paygo","2.9","posted","Train","Transportation","false","","regular","Secondary CC","7291","","false"
"2023-12-11","Mta*Nyct Paygo","2.9","posted","Train","Transportation","false","","regular","Secondary CC","7291","","false"
"2023-12-11","Joe Coffee","7.14","posted","Cafés","Food & Drink","false","","regular","Primary CC","4832","","false"
"2023-12-11","Trader Joe's","81.99","posted","Groceries","Food & Drink","false","","regular","Secondary CC","7291","","false"
"2023-12-12","Other Grocery","8.77","posted","Groceries","Food & Drink","false","","regular","Debit","3456","","false"
"2023-12-12","Laundromat","8.5","posted","Laundry","Personal Care","false","","regular","Debit","3456","","false"
"2023-12-12","Keep The Change Transfer","-0.16","posted","Savings","Transfer","true","","internal transfer","Checking","3456","","false"
"2023-12-12","Other Café","9.91","posted","Cafés","Food & Drink","false","","regular","Primary CC","4832","","false"
"2023-12-12","Nyct Paygo","2.9","posted","Train","Transportation","false","","regular","Secondary CC","7291","","false"
"2023-12-12","Trader Joe's","22.49","posted","Groceries","Food & Drink","false","","regular","Primary CC","4832","","false"
"2023-12-12","Con Edison","47.12","posted","Gas & Electric","Utilities","false","","regular","Primary CC","4832","","false"
"2023-12-12","C-Town","69.82","posted","Groceries","Food & Drink","false","","regular","Primary CC","4832","","false"
"2023-12-13","Nyct Paygo","2.9","posted","Train","Transportation","false","","regular","Secondary CC","7291","","false"
"2023-12-13","Nyct Paygo","3","posted","Train","Transportation","false","","regular","Secondary CC","7291","","false"
"2023-12-13","Square Payroll","-388.26","posted","Side Income","Income","true","","income","Checking","3456","","true"
"2023-12-13","Uber","14.08","posted","Uber","Transportation","false","","regular","Debit","3456","","false"
"2023-12-13","Other Shop","76.01","posted","Shops","Shopping","false","","regular","Primary CC","4832","","false"
"2023-12-14","Lark Cafe","-210.53","posted","Tips","Income","true","","income","Checking","3456","","false"
"2023-12-14","Other Merchant","14.76","posted","Other","Other","false","","regular","Primary CC","4832","","false"
"2023-12-14","Spectrum","49.99","posted","Internet","Utilities","false","","regular","Primary CC","4832","","false"
"2023-12-14","Costco","22.44","posted","Groceries","Food & Drink","false","","regular","Debit","3456","","false"
"2023-12-15","Nyct Paygo","2.9","posted","Train","Transportation","false","","regular","Secondary CC","7291","","false"
"2023-12-16","Conductor Inc Deposit","-838.73","posted","Side Income","Income","true","","income","Checking","3456","","false"
"2023-12-16","CVS","7.98","posted","Pharmacy","Health","false","","regular","Debit","3456","","false"
"2023-12-17","Lark Cafe","-113.01","posted","Tips","Income","true","","income","Checking","3456","","false"
"2023-12-17","Other Fast Food","7.83","posted","Fast Food","Food & Drink","false","","regular","Secondary CC","7291","","false"
"2023-12-17","Keep The Change Transfer","-0.95","posted","Savings","Transfer","true","","internal transfer","Checking","3456","","false"
"2023-12-17","Target","76.69","posted","Groceries","Food & Drink","false","","regular","Secondary CC","7291","","false"
"2023-12-17","Uber","21.46","posted","Uber","Transportation","false","","regular","Secondary CC","7291","","false"
"2023-12-17","Chick-Fil-A","11.49","posted","Fast Food","Food & Drink","false","","regular","Primary CC","4832","","false"
"2023-12-17","Cleaners","15","posted","Laundry","Personal Care","false","","regular","Debit","3456","","false"
"2023-12-18","Trader Joe's","56.31","posted","Groceries","Food & Drink","false","","regular","Primary CC","4832","","false"
"2023-12-18","Other Bar","25.14","posted","Bars","Food & Drink","false","","regular","Primary CC","4832","","false"
"2023-12-19","Metropolitan Tra","3","posted","Train","Transportation","false","","regular","Secondary CC","7291","","false"
"2023-12-19","Nyct Paygo","3","posted","Train","Transportation","false","","regular","Secondary CC","7291","","false"
"2023-12-19","Partners Coffee","8.58","posted","Cafés","Food & Drink","false","","regular","Primary CC","4832","","false"
"2023-12-19","Nyct Paygo","2.9","posted","Train","Transportation","false","","regular","Secondary CC","7291","","false"
"2023-12-20","Café Regular","9.7","posted","Cafés","Food & Drink","false","","regular","Secondary CC","7291","","false"
"2023-12-20","Sweetgreen","17.33","posted","Fast Food","Food & Drink","false","","regular","Primary CC","4832","","false"
"2023-12-20","Other Fast Food","10.98","posted","Fast Food","Food & Drink","false","","regular","Primary CC","4832","","false"
"2023-12-20","Nyct Paygo","2.9","posted","Train","Transportation","false","","regular","Secondary CC","7291","","false"
"2023-12-20","Mta*Nyct Paygo","3","posted","Train","Transportation","false","","regular","Secondary CC","7291","","false"
"2023-12-21","Nyct Paygo","2.9","posted","Train","Transportation","false","","regular","Secondary CC","7291","","false"
"2023-12-21","Apple.com/bill","6.99","posted","Subscriptions","Entertainment","false","","regular","Primary CC","4832","","true"
"2023-12-21","Thai Villa","67.86","posted","Restaurants","Food & Drink","false","","regular","Primary CC","4832","","false"
"2023-12-21","Other Restaurant","34.09","posted","Restaurants","Food & Drink","false","","regular","Primary CC","4832","","false"
"2023-12-22","Nyct Paygo","2.9","posted","Train","Transportation","false","","regular","Secondary CC","7291","","false"
"2023-12-22","Other Fast Food","21.71","posted","Fast Food","Food & Drink","false","","regular","Primary CC","4832","","false"
"2023-12-22","Nyct Paygo","2.9","posted","Train","Transportation","false","","regular","Secondary CC","7291","","false"
"2023-12-23","Other Entertainment","42.66","posted","Entertainment","Entertainment","false","","regular","Secondary CC","7291","","false"
"2023-12-23","Nyct Paygo","2.9","posted","Train","Transportation","false","","regular","Secondary CC","7291","","false"
"2023-12-23","Union Pool","57.36","posted","Bars","Food & Drink","false","","regular","Venmo","9012","","false"
"2023-12-23","Lyft","11.25","posted","Uber","Transportation","false","","regular","Primary CC","4832","","false"
"2023-12-24","Laundromat","20","posted","Laundry","Personal Care","false","","regular","Debit","3456","","false"
"2023-12-24","Nyct Paygo","2.9","posted","Train","Transportation","false","","regular","Secondary CC","7291","","false"
"2023-12-24","Nyct Paygo","3","posted","Train","Transportation","false","","regular","Secondary CC","7291","","false"
"2023-12-24","Los Tacos","36.19","posted","Restaurants","Food & Drink","false","","regular","Primary CC","4832","","false"
"2023-12-24","Symbioun Payroll","-2548.63","posted","Payroll","Income","true","","income","Checking","3456","","true"
"2023-12-24","Mta*Nyct Paygo","3","posted","Train","Transportation","false","","regular","Secondary CC","7291","","false"
"2023-12-24","Other Merchant","79.34","posted","Other","Other","false","","regular","Primary CC","4832","","false"
"2023-12-25","Other Bar","17.45","posted","Bars","Food & Drink","false","","regular","Venmo","9012","","false"
"2023-12-25","Nyct Paygo","2.9","posted","Train","Transportation","false","","regular","Secondary CC","7291","","false"
"2023-12-26","Mta*Nyct Paygo","2.9","posted","Train","Transportation","false","","regular","Secondary CC","7291","","false"
"2023-12-26","Blue Bottle","2.93","posted","Cafés","Food & Drink","false","","regular","Secondary CC","7291","","false"
"2023-12-26","Panera Bread","16.48","posted","Fast Food","Food & Drink","false","","regular","Primary CC","4832","","false"
"2023-12-26","Navient Student Loan","280","posted","Student Loan","Debt","false","","regular","Checking","3456","","true"
"2023-12-27","Other Restaurant","41.85","posted","Restaurants","Food & Drink","false","","regular","Venmo","9012","","false"
"2023-12-27","Joe Coffee","11.73","posted","Cafés","Food & Drink","false","","regular","Secondary CC","7291","","false"
"2023-12-27","Nyct Paygo","2.9","posted","Train","Transportation","false","","regular","Secondary CC","7291","","false"
"2023-12-27","Food Bazaar","20.06","posted","Groceries","Food & Drink","false","","regular","Primary CC","4832","","false"
"2023-12-27","Square Payroll","-371","posted","Side Income","Income","true","","income","Checking","3456","","true"
"2023-12-27","Venmo Cashout","112.92","posted","Transfer","Transfer","true","","internal transfer","Checking","3456","","false"
"2023-12-27","Venmo Cashout","107.82","posted","Transfer","Transfer","true","","internal transfer","Checking","3456","","false"
"2023-12-28","C-Town","37.48","posted","Groceries","Food & Drink","false","","regular","Primary CC","4832","","false"
"2023-12-28","Other Fast Food","14.28","posted","Fast Food","Food & Drink","false","","regular","Secondary CC","7291","","false"
"2023-12-28","Nyct Paygo","3","posted","Train","Transportation","false","","regular","Secondary CC","7291","","false"
"2023-12-28","Other Restaurant","84.79","posted","Restaurants","Food & Drink","false","","regular","Secondary CC","7291","","false"
"2023-12-28","Other Bar","34.22","posted","Bars","Food & Drink","false","","regular","Venmo","9012","","false"
"2023-12-28","Nyct Paygo","3","posted","Train","Transportation","false","","regular","Secondary CC","7291","","false"
"2023-12-28","Nyct Paygo","2.9","posted","Train","Transportation","false","","regular","Secondary CC","7291","","false"
"2023-12-29","C-Town","36.15","posted","Groceries","Food & Drink","false","","regular","Primary CC","4832","","false"
"2023-12-29","Win Son","24.14","posted","Restaurants","Food & Drink","false","","regular","Venmo","9012","","false"
"2023-12-29","Mta*Nyct Paygo","2.9","posted","Train","Transportation","false","","regular","Secondary CC","7291","","false"
"2023-12-29","Target","12.08","posted","Groceries","Food & Drink","false","","regular","Secondary CC","7291","","false"
"2023-12-29","Nyct Paygo","2.9","posted","Train","Transportation","false","","regular","Secondary CC","7291","","false"
"2023-12-29","Other Entertainment","28.25","posted","Entertainment","Entertainment","false","","regular","Debit","3456","","false"
"2023-12-30","Other Entertainment","47.17","posted","Entertainment","Entertainment","false","","regular","Secondary CC","7291","","false"
"2023-12-30","Uber","20.33","posted","Uber","Transportation","false","","regular","Debit","3456","","false"
"2023-12-30","Metropolitan Tra","2.9","posted","Train","Transportation","false","","regular","Secondary CC","7291","","false"
"2023-12-30","Metropolitan Tra","3","posted","Train","Transportation","false","","regular","Primary CC","4832","","false"
"2023-12-31","Mta*Nyct Paygo","2.9","posted","Train","Transportation","false","","regular","Secondary CC","7291","","false"
"2023-12-31","Credit Card Payment","-1424.39","posted","Credit Card Payment","Transfer","true","","internal transfer","Checking","3456","","true"
"2023-12-31","Other Restaurant","77.49","posted","Restaurants","Food & Drink","false","","regular","Primary CC","4832","","false"
"2024-01-01","Rent Payment","1325","posted","Rent","Housing","false","","regular","Checking","3456","","true"
"2024-01-01","Other Restaurant","80.96","posted","Restaurants","Food & Drink","false","","regular","Venmo","9012","","false"
"2024-01-01","Mta*Nyct Paygo","2.9","posted","Train","Transportation","false","","regular","Secondary CC","7291","","false"
"2024-01-01","Other Restaurant","30.23","posted","Restaurants","Food & Drink","false","","regular","Primary CC","4832","","false"
"2024-01-01","Nyct Paygo","2.9","posted","Train","Transportation","false","","regular","Secondary CC","7291","","false"
"2024-01-01","Nyct Paygo","3","posted","Train","Transportation","false","","regular","Secondary CC","7291","","false"
"2024-01-02","Nyct Paygo","2.9","posted","Train","Transportation","false","","regular","Secondary CC","7291","","false"
"2024-01-02","Nyct Paygo","2.9","posted","Train","Transportation","false","","regular","Secondary CC","7291","","false"
"2024-01-02","Other Restaurant","73.63","posted","Restaurants","Food & Drink","false","","regular","Primary CC","4832","","false"
"2024-01-02","Nyct Paygo","2.9","posted","Train","Transportation","false","","regular","Secondary CC","7291","","false"
"2024-01-03","Other Merchant","11.91","posted","Other","Other","false","","regular","Debit","3456","","false"
"2024-01-03","Other Bar","19","posted","Bars","Food & Drink","false","","regular","Secondary CC","7291","","false"
"2024-01-03","Devocion","3.4","posted","Cafés","Food & Drink","false","","regular","Secondary CC","7291","","false"
"2024-01-03","Interest Payment","-3.49","posted","Interest","Income","true","","income","Savings","6789","","true"
"2024-01-04","Devocion","5.26","posted","Cafés","Food & Drink","false","","regular","Primary CC","4832","","false"
"2024-01-04","McDonald's","15.15","posted","Fast Food","Food & Drink","false","","regular","Primary CC","4832","","false"
"2024-01-04","Sweetgreen","11.79","posted","Fast Food","Food & Drink","false","","regular","Primary CC","4832","","false"
"2024-01-05","Nail Salon","42.98","posted","Nails","Personal Care","false","","regular","Primary CC","4832","","false"
"2024-01-05","Other Grocery","18.53","posted","Groceries","Food & Drink","false","","regular","Primary CC","4832","","false"
"2024-01-05","Nyct Paygo","2.9","posted","Train","Transportation","false","","regular","Secondary CC","7291","","false"
"2024-01-05","Chipotle","11.45","posted","Fast Food","Food & Drink","false","","regular","Secondary CC","7291","","false"
"2024-01-05","Nyct Paygo","2.9","posted","Train","Transportation","false","","regular","Secondary CC","7291","","false"
"2024-01-06","Food Bazaar","21.54","posted","Groceries","Food & Drink","false","","regular","Primary CC","4832","","false"
"2024-01-06","Nyct Paygo","3","posted","Train","Transportation","false","","regular","Secondary CC","7291","","false"
"2024-01-06","CVS","22.57","posted","Other","Other","false","","regular","Primary CC","4832","","false"
"2024-01-06","Other Restaurant","21.11","posted","Restaurants","Food & Drink","false","","regular","Primary CC","4832","","false"
"2024-01-06","Trader Joe's","25.81","posted","Groceries","Food & Drink","false","","regular","Secondary CC","7291","","false"
"2024-01-07","Misc Purchase","37.06","posted","Other","Other","false","","regular","Primary CC","4832","","false"
"2024-01-07","Zara","54.12","posted","Clothing","Shopping","false","","regular","Primary CC","4832","","false"
"2024-01-07","Symbioun Payroll","-2546.39","posted","Payroll","Income","true","","income","Checking","3456","","true"
"2024-01-07","Nyct Paygo","2.9","posted","Train","Transportation","false","","regular","Secondary CC","7291","","false"
"2024-01-07","Cleaners","15","posted","Laundry","Personal Care","false","","regular","Debit","3456","","false"
"2024-01-07","Keep The Change Transfer","-0.89","posted","Savings","Transfer","true","","internal transfer","Checking","3456","","false"
"2024-01-08","Amazon","17.56","posted","Other","Other","false","","regular","Primary CC","4832","","false"
"2024-01-08","Other Shop","49.04","posted","Shops","Shopping","false","","regular","Debit","3456","","false"
"2024-01-08","Nyct Paygo","2.9","posted","Train","Transportation","false","","regular","Secondary CC","7291","","false"
"2024-01-08","Nyct Paygo","3","posted","Train","Transportation","false","","regular","Secondary CC","7291","","false"
"2024-01-08","Other Fast Food","23.78","posted","Fast Food","Food & Drink","false","","regular","Primary CC","4832","","false"
"2024-01-09","Metropolitan Tra","3","posted","Train","Transportation","false","","regular","Secondary CC","7291","","false"
"2024-01-09","Mta*Nyct Paygo","3","posted","Train","Transportation","false","","regular","Secondary CC","7291","","false"
"2024-01-09","Other Merchant","11.12","posted","Other","Other","false","","regular","Secondary CC","7291","","false"
"2024-01-09","Chipotle","24.82","posted","Fast Food","Food & Drink","false","","regular","Primary CC","4832","","false"
"2024-01-09","Land To Sea","9.5","posted","Cafés","Food & Drink","false","","regular","Secondary CC","7291","","false"
"2024-01-10","Nyct Paygo","3","posted","Train","Transportation","false","","regular","Secondary CC","7291","","false"
"2024-01-10","Via","14.26","posted","Uber","Transportation","false","","regular","Secondary CC","7291","","false"
"2024-01-10","Square Payroll","-391.56","posted","Side Income","Income","true","","income","Checking","3456","","true"
"2024-01-10","Lark Cafe","-157.59","posted","Tips","Income","true","","income","Checking","3456","","false"
"2024-01-10","Other Merchant","39.6","posted","Other","Other","false","","regular","Primary CC","4832","","false"
"2024-01-10","Nyct Paygo","2.9","posted","Train","Transportation","false","","regular","Secondary CC","7291","","false"
"2024-01-11","Nyct Paygo","2.9","posted","Train","Transportation","false","","regular","Secondary CC","7291","","false"
"2024-01-11","Nyct Paygo","2.9","posted","Train","Transportation","false","","regular","Primary CC","4832","","false"
"2024-01-11","Thai Villa","24.04","posted","Restaurants","Food & Drink","false","","regular","Secondary CC","7291","","false"
"2024-01-11","Key Food","16.46","posted","Groceries","Food & Drink","false","","regular","Primary CC","4832","","false"
"2024-01-11","Nyct Paygo","2.9","posted","Train","Transportation","false","","regular","Secondary CC","7291","","false"
"2024-01-11","Spectrum","49.99","posted","Internet","Utilities","false","","regular","Primary CC","4832","","false"
"2024-01-11","Other Bar","47.71","posted","Bars","Food & Drink","false","","regular","Venmo","9012","","false"
"2024-01-12","Nyct Paygo","3","posted","Train","Transportation","false","","regular","Secondary CC","7291","","false"
"2024-01-13","Nyct Paygo","2.9","posted","Train","Transportation","false","","regular","Secondary CC","7291","","false"
"2024-01-14","Sushi Katsuei","47.83","posted","Restaurants","Food & Drink","false","","regular","Debit","3456","","false"
"2024-01-14","Other Entertainment","16.91","posted","Entertainment","Entertainment","false","","regular","Primary CC","4832","","false"
"2024-01-15","Conductor Inc Deposit","-815.3","posted","Side Income","Income","true","","income","Checking","3456","","false"
"2024-01-15","Nyct Paygo","3","posted","Train","Transportation","false","","regular","Secondary CC","7291","","false"
"2024-01-15","C-Town","21.38","posted","Groceries","Food & Drink","false","","regular","Primary CC","4832","","false"
"2024-01-15","Mta*Nyct Paygo","3","posted","Train","Transportation","false","","regular","Secondary CC","7291","","false"
"2024-01-16","Other Clothing","64.31","posted","Clothing","Shopping","false","","regular","Primary CC","4832","","false"
"2024-01-16","Nyct Paygo","2.9","posted","Train","Transportation","false","","regular","Secondary CC","7291","","false"
"2024-01-16","Sweetleaf","3.23","posted","Cafés","Food & Drink","false","","regular","Secondary CC","7291","","false"
"2024-01-17","Nyct Paygo","2.9","posted","Train","Transportation","false","","regular","Secondary CC","7291","","false"
"2024-01-17","Mta*Nyct Paygo","2.9","posted","Train","Transportation","false","","regular","Secondary CC","7291","","false"
"2024-01-17","Other Café","2.67","posted","Cafés","Food & Drink","false","","regular","Primary CC","4832","","false"
"2024-01-17","Other Restaurant","32.4","posted","Restaurants","Food & Drink","false","","regular","Primary CC","4832","","false"
"2024-01-17","Café Regular","8.2","posted","Cafés","Food & Drink","false","","regular","Primary CC","4832","","false"
"2024-01-17","Nyct Paygo","3","posted","Train","Transportation","false","","regular","Secondary CC","7291","","false"
"2024-01-17","Café Regular","3.14","posted","Cafés","Food & Drink","false","","regular","Secondary CC","7291","","false"
"2024-01-17","Paintbox","25","posted","Nails","Personal Care","false","","regular","Primary CC","4832","","false"
"2024-01-18","Other Grocery","59.52","posted","Groceries","Food & Drink","false","","regular","Primary CC","4832","","false"
"2024-01-18","Land To Sea","8.17","posted","Cafés","Food & Drink","false","","regular","Secondary CC","7291","","false"
"2024-01-18","Other Fast Food","14.4","posted","Fast Food","Food & Drink","false","","regular","Secondary CC","7291","","false"
"2024-01-18","Land To Sea","4.58","posted","Cafés","Food & Drink","false","","regular","Secondary CC","7291","","false"
"2024-01-18","Trader Joe's","45.08","posted","Groceries","Food & Drink","false","","regular","Primary CC","4832","","false"
"2024-01-19","Metropolitan Tra","2.9","posted","Train","Transportation","false","","regular","Secondary CC","7291","","false"
"2024-01-19","Nyct Paygo","2.9","posted","Train","Transportation","false","","regular","Secondary CC","7291","","false"
"2024-01-20","Chick-Fil-A","20.82","posted","Fast Food","Food & Drink","false","","regular","Primary CC","4832","","false"
"2024-01-20","Nyct Paygo","2.9","posted","Train","Transportation","false","","regular","Secondary CC","7291","","false"
"2024-01-20","McDonald's","11.66","posted","Fast Food","Food & Drink","false","","regular","Secondary CC","7291","","false"
"2024-01-20","Metropolitan Tra","2.9","posted","Train","Transportation","false","","regular","Secondary CC","7291","","false"
"2024-01-20","Venmo Cashout","57.91","posted","Transfer","Transfer","true","","internal transfer","Checking","3456","","false"
"2024-01-20","Other Café","3.98","posted","Cafés","Food & Drink","false","","regular","Primary CC","4832","","false"
"2024-01-20","Apple.com/bill","6.99","posted","Subscriptions","Entertainment","false","","regular","Primary CC","4832","","true"
"2024-01-20","Zara","136.87","posted","Clothing","Shopping","false","","regular","Secondary CC","7291","","false"
"2024-01-21","Other Restaurant","43.97","posted","Restaurants","Food & Drink","false","","regular","Primary CC","4832","","false"
"2024-01-21","Other Grocery","50.8","posted","Groceries","Food & Drink","false","","regular","Primary CC","4832","","false"
"2024-01-21","Other Restaurant","37.85","posted","Restaurants","Food & Drink","false","","regular","Secondary CC","7291","","false"
"2024-01-21","Keep The Change Transfer","-0.27","posted","Savings","Transfer","true","","internal transfer","Checking","3456","","false"
"2024-01-21","Trader Joe's","67.37","posted","Groceries","Food & Drink","false","","regular","Debit","3456","","false"
"2024-01-21","Costco","22.53","posted","Groceries","Food & Drink","false","","regular","Primary CC","4832","","false"
"2024-01-21","Symbioun Payroll","-2524.12","posted","Payroll","Income","true","","income","Checking","3456","","true"
"2024-01-22","Uber","19.94","posted","Uber","Transportation","false","","regular","Secondary CC","7291","","false"
"2024-01-22","Nyct Paygo","3","posted","Train","Transportation","false","","regular","Secondary CC","7291","","false"
"2024-01-22","Other Café","6.79","posted","Cafés","Food & Drink","false","","regular","Primary CC","4832","","false"
"2024-01-22","Nyct Paygo","2.9","posted","Train","Transportation","false","","regular","Secondary CC","7291","","false"
"2024-01-22","Nyct Paygo","2.9","posted","Train","Transportation","false","","regular","Secondary CC","7291","","false"
"2024-01-23","Café Regular","3.45","posted","Cafés","Food & Drink","false","","regular","Primary CC","4832","","false"
"2024-01-23","Devocion","7.49","posted","Cafés","Food & Drink","false","","regular","Secondary CC","7291","","false"
"2024-01-23","Other Restaurant","34.72","posted","Restaurants","Food & Drink","false","","regular","Secondary CC","7291","","false"
"2024-01-23","Other Café","3.47","posted","Cafés","Food & Drink","false","","regular","Debit","3456","","false"
"2024-01-23","Venmo Cashout","76.61","posted","Transfer","Transfer","true","","internal transfer","Checking","3456","","false"
"2024-01-24","Square Payroll","-392.23","posted","Side Income","Income","true","","income","Checking","3456","","true"
"2024-01-24","Target","13.67","posted","Groceries","Food & Drink","false","","regular","Debit","3456","","false"
"2024-01-25","Nyct Paygo","3","posted","Train","Transportation","false","","regular","Secondary CC","7291","","false"
"2024-01-25","Lyft","11.16","posted","Uber","Transportation","false","","regular","Primary CC","4832","","false"
"2024-01-25","Navient Student Loan","280","posted","Student Loan","Debt","false","","regular","Checking","3456","","true"
"2024-01-25","Nyct Paygo","3","posted","Train","Transportation","false","","regular","Secondary CC","7291","","false"
"2024-01-25","Whole Foods","22.33","posted","Groceries","Food & Drink","false","","regular","Secondary CC","7291","","false"
"2024-01-26","Bowlero","16.98","posted","Entertainment","Entertainment","false","","regular","Primary CC","4832","","false"
"2024-01-26","Metropolitan Tra","2.9","posted","Train","Transportation","false","","regular","Secondary CC","7291","","false"
"2024-01-26","Panera Bread","10.32","posted","Fast Food","Food & Drink","false","","regular","Secondary CC","7291","","false"
"2024-01-26","Lark Cafe","-189.95","posted","Tips","Income","true","","income","Checking","3456","","false"
"2024-01-27","Nyct Paygo","2.9","posted","Train","Transportation","false","","regular","Secondary CC","7291","","false"
"2024-01-27","Sweetgreen","20.86","posted","Fast Food","Food & Drink","false","","regular","Primary CC","4832","","false"
"2024-01-27","Mta*Nyct Paygo","2.9","posted","Train","Transportation","false","","regular","Secondary CC","7291","","false"
"2024-01-27","Nyct Paygo","2.9","posted","Train","Transportation","false","","regular","Secondary CC","7291","","false"
"2024-01-27","Los Tacos","24.31","posted","Restaurants","Food & Drink","false","","regular","Primary CC","4832","","false"
"2024-01-28","Other Restaurant","33.81","posted","Restaurants","Food & Drink","false","","regular","Primary CC","4832","","false"
"2024-01-28","Partners Coffee","8.03","posted","Cafés","Food & Drink","false","","regular","Primary CC","4832","","false"
"2024-01-28","Land To Sea","5.68","posted","Cafés","Food & Drink","false","","regular","Primary CC","4832","","false"
"2024-01-28","Amazon","10.41","posted","Other","Other","false","","regular","Primary CC","4832","","false"
"2024-01-28","Nyct Paygo","2.9","posted","Train","Transportation","false","","regular","Secondary CC","7291","","false"
"2024-01-29","Sweetgreen","12.02","posted","Fast Food","Food & Drink","false","","regular","Secondary CC","7291","","false"
"2024-01-29","Other Merchant","39.23","posted","Other","Other","false","","regular","Secondary CC","7291","","false"
"2024-01-30","Other Entertainment","32.94","posted","Entertainment","Entertainment","false","","regular","Primary CC","4832","","false"
"2024-01-30","Credit Card Payment","-892.5","posted","Credit Card Payment","Transfer","true","","internal transfer","Checking","3456","","true"
"2024-01-30","Nyct Paygo","2.9","posted","Train","Transportation","false","","regular","Secondary CC","7291","","false"
"2024-01-30","Mta*Nyct Paygo","2.9","posted","Train","Transportation","false","","regular","Secondary CC","7291","","false"
"2024-01-30","Keep The Change Transfer","-0.33","posted","Savings","Transfer","true","","internal transfer","Checking","3456","","false"
"2024-01-30","Cleaners","12","posted","Laundry","Personal Care","false","","regular","Secondary CC","7291","","false"
"2024-01-30","Other Bar","17.62","posted","Bars","Food & Drink","false","","regular","Primary CC","4832","","false"
"2024-01-31","Food Bazaar","88.37","posted","Groceries","Food & Drink","false","","regular","Debit","3456","","false"
"2024-01-31","Nyct Paygo","3","posted","Train","Transportation","false","","regular","Secondary CC","7291","","false"
"2024-01-31","Nyct Paygo","2.9","posted","Train","Transportation","false","","regular","Secondary CC","7291","","false"
"2024-01-31","Mta*Nyct Paygo","3","posted","Train","Transportation","false","","regular","Secondary CC","7291","","false"
"2024-02-01","Nyct Paygo","2.9","posted","Train","Transportation","false","","regular","Secondary CC","7291","","false"
"2024-02-01","Rent Payment","1325","posted","Rent","Housing","false","","regular","Checking","3456","","true"
"2024-02-01","Nyct Paygo","3","posted","Train","Transportation","false","","regular","Secondary CC","7291","","false"
"2024-02-02","Interest Payment","-2.23","posted","Interest","Income","true","","income","Savings","6789","","true"
"2024-02-02","Laundromat","8.5","posted","Laundry","Personal Care","false","","regular","Primary CC","4832","","false"
"2024-02-02","Regal Cinema","31.02","posted","Entertainment","Entertainment","false","","regular","Primary CC","4832","","false"
"2024-02-02","Other Restaurant","36.66","posted","Restaurants","Food & Drink","false","","regular","Secondary CC","7291","","false"
"2024-02-02","Nyct Paygo","2.9","posted","Train","Transportation","false","","regular","Secondary CC","7291","","false"
"2024-02-03","Nyct Paygo","2.9","posted","Train","Transportation","false","","regular","Secondary CC","7291","","false"
"2024-02-03","Key Food","13.8","posted","Groceries","Food & Drink","false","","regular","Secondary CC","7291","","false"
"2024-02-03","Metropolitan Tra","3","posted","Train","Transportation","false","","regular","Secondary CC","7291","","false"
"2024-02-03","Starbucks","4.88","posted","Cafés","Food & Drink","false","","regular","Secondary CC","7291","","false"
"2024-02-03","Mta*Nyct Paygo","3","posted","Train","Transportation","false","","regular","Secondary CC","7291","","false"
"2024-02-03","Other Shop","45.07","posted","Shops","Shopping","false","","regular","Primary CC","4832","","false"
"2024-02-04","Nyct Paygo","2.9","posted","Train","Transportation","false","","regular","Secondary CC","7291","","false"
"2024-02-04","Nyct Paygo","2.9","posted","Train","Transportation","false","","regular","Secondary CC","7291","","false"
"2024-02-04","Metropolitan Tra","2.9","posted","Train","Transportation","false","","regular","Secondary CC","7291","","false"
"2024-02-04","Other Fast Food","17.88","posted","Fast Food","Food & Drink","false","","regular","Debit","3456","","false"
"2024-02-04","Symbioun Payroll","-2566.46","posted","Payroll","Income","true","","income","Checking","3456","","true"
"2024-02-04","Chipotle","5.33","posted","Fast Food","Food & Drink","false","","regular","Debit","3456","","false"
"2024-02-05","Nyct Paygo","2.9","posted","Train","Transportation","false","","regular","Secondary CC","7291","","false"
"2024-02-05","Nyct Paygo","2.9","posted","Train","Transportation","false","","regular","Secondary CC","7291","","false"
"2024-02-05","Nyct Paygo","2.9","posted","Train","Transportation","false","","regular","Secondary CC","7291","","false"
"2024-02-06","Trader Joe's","20.75","posted","Groceries","Food & Drink","false","","regular","Primary CC","4832","","false"
"2024-02-06","Other Restaurant","26.41","posted","Restaurants","Food & Drink","false","","regular","Debit","3456","","false"
"2024-02-06","Nyct Paygo","2.9","posted","Train","Transportation","false","","regular","Secondary CC","7291","","false"
"2024-02-07","Square Payroll","-435.92","posted","Side Income","Income","true","","income","Checking","3456","","true"
"2024-02-07","Other Merchant","10.65","posted","Other","Other","false","","regular","Secondary CC","7291","","false"
"2024-02-07","Nyct Paygo","2.9","posted","Train","Transportation","false","","regular","Secondary CC","7291","","false"
"2024-02-07","Amazon","15.4","posted","Other","Other","false","","regular","Primary CC","4832","","false"
"2024-02-07","Nyct Paygo","3","posted","Train","Transportation","false","","regular","Secondary CC","7291","","false"
"2024-02-07","Sushi Katsuei","29.05","posted","Restaurants","Food & Drink","false","","regular","Debit","3456","","false"
"2024-02-08","Nyct Paygo","3","posted","Train","Transportation","false","","regular","Primary CC","4832","","false"
"2024-02-08","Metropolitan Tra","2.9","posted","Train","Transportation","false","","regular","Secondary CC","7291","","false"
"2024-02-08","Other Restaurant","24.37","posted","Restaurants","Food & Drink","false","","regular","Primary CC","4832","","false"
"2024-02-08","Metropolitan Tra","3","posted","Train","Transportation","false","","regular","Secondary CC","7291","","false"
"2024-02-08","Subway","11.13","posted","Fast Food","Food & Drink","false","","regular","Secondary CC","7291","","false"
"2024-02-09","CVS","19.28","posted","Other","Other","false","","regular","Debit","3456","","false"
"2024-02-09","Nyct Paygo","2.9","posted","Train","Transportation","false","","regular","Secondary CC","7291","","false"
"2024-02-10","Nyct Paygo","3","posted","Train","Transportation","false","","regular","Secondary CC","7291","","false"
"2024-02-10","Nyct Paygo","3","posted","Train","Transportation","false","","regular","Secondary CC","7291","","false"
"2024-02-10","Netflix","12.44","posted","Entertainment","Entertainment","false","","regular","Primary CC","4832","","false"
"2024-02-10","Nyct Paygo","3","posted","Train","Transportation","false","","regular","Secondary CC","7291","","false"
"2024-02-10","Other Merchant","8.02","posted","Other","Other","false","","regular","Primary CC","4832","","false"
"2024-02-11","Other Grocery","44.56","posted","Groceries","Food & Drink","false","","regular","Secondary CC","7291","","false"
"2024-02-11","Misc Purchase","14.05","posted","Other","Other","false","","regular","Primary CC","4832","","false"
"2024-02-12","Nyct Paygo","3","posted","Train","Transportation","false","","regular","Secondary CC","7291","","false"
"2024-02-12","Metropolitan Tra","2.9","posted","Train","Transportation","false","","regular","Secondary CC","7291","","false"
"2024-02-12","Nyct Paygo","2.9","posted","Train","Transportation","false","","regular","Secondary CC","7291","","false"
"2024-02-12","Sweetleaf","6.94","posted","Cafés","Food & Drink","false","","regular","Primary CC","4832","","false"
"2024-02-12","Café Regular","7.13","posted","Cafés","Food & Drink","false","","regular","Secondary CC","7291","","false"
"2024-02-13","Nyct Paygo","3","posted","Train","Transportation","false","","regular","Secondary CC","7291","","false"
"2024-02-13","Nyct Paygo","3","posted","Train","Transportation","false","","regular","Secondary CC","7291","","false"
"2024-02-13","Sey Coffee","6.74","posted","Cafés","Food & Drink","false","","regular","Primary CC","4832","","false"
"2024-02-13","Nyct Paygo","2.9","posted","Train","Transportation","false","","regular","Secondary CC","7291","","false"
"2024-02-13","Other Shop","60.15","posted","Shops","Shopping","false","","regular","Primary CC","4832","","false"
"2024-02-13","Lyft","15.07","posted","Uber","Transportation","false","","regular","Primary CC","4832","","false"
"2024-02-14","Other Merchant","24.51","posted","Other","Other","false","","regular","Debit","3456","","false"
"2024-02-14","Conductor Inc Deposit","-864.8","posted","Side Income","Income","true","","income","Checking","3456","","false"
"2024-02-14","CVS","33.24","posted","Pharmacy","Health","false","","regular","Secondary CC","7291","","false"
"2024-02-14","Nyct Paygo","2.9","posted","Train","Transportation","false","","regular","Secondary CC","7291","","false"
"2024-02-14","Misc Purchase","25.5","posted","Other","Other","false","","regular","Primary CC","4832","","false"
"2024-02-14","Nyct Paygo","2.9","posted","Train","Transportation","false","","regular","Secondary CC","7291","","false"
"2024-02-14","Other Shop","27.42","posted","Shops","Shopping","false","","regular","Secondary CC","7291","","false"
"2024-02-15","Chick-Fil-A","13.34","posted","Fast Food","Food & Drink","false","","regular","Secondary CC","7291","","false"
"2024-02-15","Gap","44.7","posted","Clothing","Shopping","false","","regular","Secondary CC","7291","","false"
"2024-02-16","Sushi Katsuei","16.66","posted","Restaurants","Food & Drink","false","","regular","Primary CC","4832","","false"
"2024-02-16","Metropolitan Tra","2.9","posted","Train","Transportation","false","","regular","Secondary CC","7291","","false"
"2024-02-16","Target","14.73","posted","Groceries","Food & Drink","false","","regular","Primary CC","4832","","false"
"2024-02-17","Nyct Paygo","3","posted","Train","Transportation","false","","regular","Secondary CC","7291","","false"
"2024-02-17","Other Café","7.77","posted","Cafés","Food & Drink","false","","regular","Primary CC","4832","","false"
"2024-02-18","Other Grocery","46.76","posted","Groceries","Food & Drink","false","","regular","Debit","3456","","false"
"2024-02-18","Symbioun Payroll","-2577.65","posted","Payroll","Income","true","","income","Checking","3456","","true"
"2024-02-19","Con Edison","77.27","posted","Gas & Electric","Utilities","false","","regular","Primary CC","4832","","false"
"2024-02-19","Other Café","9.37","posted","Cafés","Food & Drink","false","","regular","Secondary CC","7291","","false"
"2024-02-19","Nyct Paygo","2.9","posted","Train","Transportation","false","","regular","Secondary CC","7291","","false"
"2024-02-19","Nyct Paygo","3","posted","Train","Transportation","false","","regular","Secondary CC","7291","","false"
"2024-02-19","Keep The Change Transfer","-0.43","posted","Savings","Transfer","true","","internal transfer","Checking","3456","","false"
"2024-02-19","Apple.com/bill","6.99","posted","Subscriptions","Entertainment","false","","regular","Primary CC","4832","","true"
"2024-02-20","Nyct Paygo","3","posted","Train","Transportation","false","","regular","Secondary CC","7291","","false"
"2024-02-20","Nyct Paygo","2.9","posted","Train","Transportation","false","","regular","Secondary CC","7291","","false"
"2024-02-20","Cleaners","12","posted","Laundry","Personal Care","false","","regular","Debit","3456","","false"
"2024-02-20","Sushi Katsuei","12","posted","Restaurants","Food & Drink","false","","regular","Primary CC","4832","","false"
"2024-02-20","Whole Foods","34.73","posted","Groceries","Food & Drink","false","","regular","Secondary CC","7291","","false"
"2024-02-20","Other Grocery","11.04","posted","Groceries","Food & Drink","false","","regular","Primary CC","4832","","false"
"2024-02-21","Nyct Paygo","2.9","posted","Train","Transportation","false","","regular","Secondary CC","7291","","false"
"2024-02-21","Nyct Paygo","2.9","posted","Train","Transportation","false","","regular","Secondary CC","7291","","false"
"2024-02-21","Square Payroll","-420.86","posted","Side Income","Income","true","","income","Checking","3456","","true"
"2024-02-22","Nyct Paygo","2.9","posted","Train","Transportation","false","","regular","Secondary CC","7291","","false"
"2024-02-22","Devocion","6.34","posted","Cafés","Food & Drink","false","","regular","Primary CC","4832","","false"
"2024-02-22","Nyct Paygo","2.9","posted","Train","Transportation","false","","regular","Secondary CC","7291","","false"
"2024-02-22","Nyct Paygo","2.9","posted","Train","Transportation","false","","regular","Secondary CC","7291","","false"
"2024-02-22","Laundromat","12","posted","Laundry","Personal Care","false","","regular","Debit","3456","","false"
"2024-02-22","Sweetgreen","15.7","posted","Fast Food","Food & Drink","false","","regular","Primary CC","4832","","false"
"2024-02-23","Mta*Nyct Paygo","2.9","posted","Train","Transportation","false","","regular","Secondary CC","7291","","false"
"2024-02-23","Sweetgreen","13.29","posted","Fast Food","Food & Drink","false","","regular","Secondary CC","7291","","false"
"2024-02-23","Devocion","3.84","posted","Cafés","Food & Drink","false","","regular","Secondary CC","7291","","false"
"2024-02-24","Navient Student Loan","280","posted","Student Loan","Debt","false","","regular","Checking","3456","","true"
"2024-02-24","Nyct Paygo","3","posted","Train","Transportation","false","","regular","Secondary CC","7291","","false"
"2024-02-24","Other Nails","35.11","posted","Nails","Personal Care","false","","regular","Primary CC","4832","","false"
"2024-02-25","Verizon Fios","59.99","posted","Internet","Utilities","false","","regular","Primary CC","4832","","false"
"2024-02-26","Other Café","6.05","posted","Cafés","Food & Drink","false","","regular","Primary CC","4832","","false"
"2024-02-26","Trader Joe's","49.33","posted","Groceries","Food & Drink","false","","regular","Primary CC","4832","","false"
"2024-02-26","Other Grocery","29.86","posted","Groceries","Food & Drink","false","","regular","Secondary CC","7291","","false"
"2024-02-26","Lark Cafe","-193.28","posted","Tips","Income","true","","income","Checking","3456","","false"
"2024-02-26","Venmo Cashout","83.97","posted","Transfer","Transfer","true","","internal transfer","Checking","3456","","false"
"2024-02-26","Keep The Change Transfer","-0.63","posted","Savings","Transfer","true","","internal transfer","Checking","3456","","false"
"2024-02-26","Mta*Nyct Paygo","2.9","posted","Train","Transportation","false","","regular","Secondary CC","7291","","false"
"2024-02-27","Mta*Nyct Paygo","2.9","posted","Train","Transportation","false","","regular","Secondary CC","7291","","false"
"2024-02-27","Nyct Paygo","3","posted","Train","Transportation","false","","regular","Primary CC","4832","","false"
"2024-02-27","Nyct Paygo","2.9","posted","Train","Transportation","false","","regular","Secondary CC","7291","","false"
"2024-02-27","Nyct Paygo","2.9","posted","Train","Transportation","false","","regular","Secondary CC","7291","","false"
"2024-02-27","Other Shop","163.95","posted","Shops","Shopping","false","","regular","Secondary CC","7291","","false"
"2024-02-28","Lark Cafe","-113.59","posted","Tips","Income","true","","income","Checking","3456","","false"
"2024-02-28","Sweetgreen","13.86","posted","Fast Food","Food & Drink","false","","regular","Primary CC","4832","","false"
"2024-02-28","Nyct Paygo","2.9","posted","Train","Transportation","false","","regular","Secondary CC","7291","","false"
"2024-02-28","Other Restaurant","42.88","posted","Restaurants","Food & Drink","false","","regular","Venmo","9012","","false"
"2024-02-28","Uniqlo","35.85","posted","Shops","Shopping","false","","regular","Secondary CC","7291","","false"
"2024-02-29","Nyct Paygo","3","posted","Train","Transportation","false","","regular","Secondary CC","7291","","false"
"2024-02-29","Mta*Nyct Paygo","3","posted","Train","Transportation","false","","regular","Secondary CC","7291","","false"
"2024-02-29","Nyct Paygo","2.9","posted","Train","Transportation","false","","regular","Secondary CC","7291","","false"
"2024-02-29","Credit Card Payment","-1188.88","posted","Credit Card Payment","Transfer","true","","internal transfer","Checking","3456","","true"
"2024-02-29","Shake Shack","16.31","posted","Fast Food","Food & Drink","false","","regular","Primary CC","4832","","false"
"2024-02-29","Costco","18.05","posted","Groceries","Food & Drink","false","","regular","Secondary CC","7291","","false"
"2024-03-01","Celsious","15","posted","Laundry","Personal Care","false","","regular","Secondary CC","7291","","false"
"2024-03-01","Venmo Cashout","119.06","posted","Transfer","Transfer","true","","internal transfer","Checking","3456","","false"
"2024-03-01","Rent Payment","1325","posted","Rent","Housing","false","","regular","Checking","3456","","true"
"2024-03-01","Sweetleaf","6.05","posted","Cafés","Food & Drink","false","","regular","Secondary CC","7291","","false"
"2024-03-02","Keep The Change Transfer","-0.74","posted","Savings","Transfer","true","","internal transfer","Checking","3456","","false"
"2024-03-02","Other Café","4.74","posted","Cafés","Food & Drink","false","","regular","Primary CC","4832","","false"
"2024-03-02","Other Fast Food","11.38","posted","Fast Food","Food & Drink","false","","regular","Primary CC","4832","","false"
"2024-03-02","Other Café","5.8","posted","Cafés","Food & Drink","false","","regular","Primary CC","4832","","false"
"2024-03-02","Key Food","21.87","posted","Groceries","Food & Drink","false","","regular","Primary CC","4832","","false"
"2024-03-02","Mint Mobile","25","posted","Phone","Utilities","false","","regular","Primary CC","4832","","false"
"2024-03-03","Symbioun Payroll","-2588.32","posted","Payroll","Income","true","","income","Checking","3456","","true"
"2024-03-03","Interest Payment","-2.7","posted","Interest","Income","true","","income","Savings","6789","","true"
"2024-03-03","Other Merchant","33.88","posted","Other","Other","false","","regular","Primary CC","4832","","false"
"2024-03-04","Other Café","4.86","posted","Cafés","Food & Drink","false","","regular","Debit","3456","","false"
"2024-03-04","Nyct Paygo","2.9","posted","Train","Transportation","false","","regular","Secondary CC","7291","","false"
"2024-03-04","Target","68.24","posted","Groceries","Food & Drink","false","","regular","Secondary CC","7291","","false"
"2024-03-04","Other Fast Food","13.94","posted","Fast Food","Food & Drink","false","","regular","Primary CC","4832","","false"
"2024-03-05","Nyct Paygo","2.9","posted","Train","Transportation","false","","regular","Secondary CC","7291","","false"
"2024-03-05","Okonomi","21.55","posted","Restaurants","Food & Drink","false","","regular","Secondary CC","7291","","false"
"2024-03-05","Panera Bread","13.19","posted","Fast Food","Food & Drink","false","","regular","Primary CC","4832","","false"
"2024-03-06","Nyct Paygo","2.9","posted","Train","Transportation","false","","regular","Secondary CC","7291","","false"
"2024-03-06","Square Payroll","-407.9","posted","Side Income","Income","true","","income","Checking","3456","","true"
"2024-03-06","Nyct Paygo","3","posted","Train","Transportation","false","","regular","Secondary CC","7291","","false"
"2024-03-06","Other Shop","148.01","posted","Shops","Shopping","false","","regular","Secondary CC","7291","","false"
"2024-03-06","Other Entertainment","21.25","posted","Entertainment","Entertainment","false","","regular","Primary CC","4832","","false"
"2024-03-06","Other Café","6.07","posted","Cafés","Food & Drink","false","","regular","Primary CC","4832","","false"
"2024-03-06","Amazon","27.48","posted","Other","Other","false","","regular","Debit","3456","","false"
"2024-03-06","Mta*Nyct Paygo","3","posted","Train","Transportation","false","","regular","Secondary CC","7291","","false"
"2024-03-06","Nyct Paygo","2.9","posted","Train","Transportation","false","","regular","Secondary CC","7291","","false"
"2024-03-07","Celsious","20","posted","Laundry","Personal Care","false","","regular","Debit","3456","","false"
"2024-03-07","Devocion","9.77","posted","Cafés","Food & Drink","false","","regular","Primary CC","4832","","false"
"2024-03-07","Nyct Paygo","2.9","posted","Train","Transportation","false","","regular","Secondary CC","7291","","false"
"2024-03-08","Uniqlo","49.81","posted","Clothing","Shopping","false","","regular","Secondary CC","7291","","false"
"2024-03-08","Trader Joe's","47.65","posted","Groceries","Food & Drink","false","","regular","Secondary CC","7291","","false"
"2024-03-08","Nyct Paygo","2.9","posted","Train","Transportation","false","","regular","Secondary CC","7291","","false"
"2024-03-08","Food Bazaar","27.11","posted","Groceries","Food & Drink","false","","regular","Secondary CC","7291","","false"
"2024-03-08","Panera Bread","18.62","posted","Fast Food","Food & Drink","false","","regular","Primary CC","4832","","false"
"2024-03-09","Key Food","18.05","posted","Groceries","Food & Drink","false","","regular","Primary CC","4832","","false"
"2024-03-09","Nordstrom","72.61","posted","Clothing","Shopping","false","","regular","Primary CC","4832","","false"
"2024-03-09","Mta*Nyct Paygo","3","posted","Train","Transportation","false","","regular","Secondary CC","7291","","false"
"2024-03-09","Keep The Change Transfer","-0.85","posted","Savings","Transfer","true","","internal transfer","Checking","3456","","false"
"2024-03-09","AMC Theatres","6.23","posted","Entertainment","Entertainment","false","","regular","Primary CC","4832","","false"
"2024-03-09","Other Grocery","29.36","posted","Groceries","Food & Drink","false","","regular","Primary CC","4832","","false"
"2024-03-10","Netflix","30.51","posted","Entertainment","Entertainment","false","","regular","Secondary CC","7291","","false"
"2024-03-10","Nyct Paygo","2.9","posted","Train","Transportation","false","","regular","Secondary CC","7291","","false"
"2024-03-10","Trader Joe's","98.4","posted","Groceries","Food & Drink","false","","regular","Primary CC","4832","","false"
"2024-03-10","Keep The Change Transfer","-0.28","posted","Savings","Transfer","true","","internal transfer","Checking","3456","","false"
"2024-03-10","Mta*Nyct Paygo","2.9","posted","Train","Transportation","false","","regular","Secondary CC","7291","","false"
"2024-03-10","Other Clothing","45.73","posted","Clothing","Shopping","false","","regular","Primary CC","4832","","false"
"2024-03-11","Nyct Paygo","3","posted","Train","Transportation","false","","regular","Secondary CC","7291","","false"
"2024-03-11","Nyct Paygo","3","posted","Train","Transportation","false","","regular","Secondary CC","7291","","false"
"2024-03-11","Nyct Paygo","2.9","posted","Train","Transportation","false","","regular","Secondary CC","7291","","false"
"2024-03-11","Nyct Paygo","3","posted","Train","Transportation","false","","regular","Secondary CC","7291","","false"
"2024-03-11","Trader Joe's","34.48","posted","Groceries","Food & Drink","false","","regular","Secondary CC","7291","","false"
"2024-03-11","Devocion","6.47","posted","Cafés","Food & Drink","false","","regular","Primary CC","4832","","false"
"2024-03-11","Land To Sea","6.83","posted","Cafés","Food & Drink","false","","regular","Secondary CC","7291","","false"
"2024-03-12","Venmo Cashout","138.43","posted","Transfer","Transfer","true","","internal transfer","Checking","3456","","false"
"2024-03-12","Joe Coffee","6.64","posted","Cafés","Food & Drink","false","","regular","Secondary CC","7291","","false"
"2024-03-12","Food Bazaar","48.73","posted","Groceries","Food & Drink","false","","regular","Secondary CC","7291","","false"
"2024-03-12","Starbucks","4.07","posted","Cafés","Food & Drink","false","","regular","Secondary CC","7291","","false"
"2024-03-12","Venmo Cashout","140.5","posted","Transfer","Transfer","true","","internal transfer","Checking","3456","","false"
"2024-03-12","Nyct Paygo","2.9","posted","Train","Transportation","false","","regular","Secondary CC","7291","","false"
"2024-03-12","Key Food","13.47","posted","Groceries","Food & Drink","false","","regular","Secondary CC","7291","","false"
"2024-03-12","Food Bazaar","6.67","posted","Groceries","Food & Drink","false","","regular","Secondary CC","7291","","false"
"2024-03-12","Other Bar","38.69","posted","Bars","Food & Drink","false","","regular","Primary CC","4832","","false"
"2024-03-12","Trader Joe's","79.26","posted","Groceries","Food & Drink","false","","regular","Secondary CC","7291","","false"
"2024-03-12","Other Shop","30.03","posted","Shops","Shopping","false","","regular","Primary CC","4832","","false"
"2024-03-12","Nyct Paygo","2.9","posted","Train","Transportation","false","","regular","Secondary CC","7291","","false"
"2024-03-13","Con Edison","66.47","posted","Gas & Electric","Utilities","false","","regular","Checking","3456","","false"
"2024-03-13","Other Restaurant","57.68","posted","Restaurants","Food & Drink","false","","regular","Primary CC","4832","","false"
"2024-03-14","Five Guys","10.83","posted","Fast Food","Food & Drink","false","","regular","Secondary CC","7291","","false"
"2024-03-14","Nyct Paygo","2.9","posted","Train","Transportation","false","","regular","Secondary CC","7291","","false"
"2024-03-14","Nyct Paygo","2.9","posted","Train","Transportation","false","","regular","Secondary CC","7291","","false"
"2024-03-14","Gap","48.76","posted","Clothing","Shopping","false","","regular","Secondary CC","7291","","false"
"2024-03-15","Nyct Paygo","3","posted","Train","Transportation","false","","regular","Secondary CC","7291","","false"
"2024-03-15","Other Merchant","16.64","posted","Other","Other","false","","regular","Primary CC","4832","","false"
"2024-03-15","Nyct Paygo","2.9","posted","Train","Transportation","false","","regular","Secondary CC","7291","","false"
"2024-03-15","Land To Sea","7.54","posted","Cafés","Food & Drink","false","","regular","Secondary CC","7291","","false"
"2024-03-15","Conductor Inc Deposit","-828.81","posted","Side Income","Income","true","","income","Checking","3456","","false"
"2024-03-15","Nyct Paygo","2.9","posted","Train","Transportation","false","","regular","Secondary CC","7291","","false"
"2024-03-15","Nyct Paygo","2.9","posted","Train","Transportation","false","","regular","Secondary CC","7291","","false"
"2024-03-15","Mta*Nyct Paygo","2.9","posted","Train","Transportation","false","","regular","Secondary CC","7291","","false"
"2024-03-16","Panera Bread","10.73","posted","Fast Food","Food & Drink","false","","regular","Secondary CC","7291","","false"
"2024-03-16","Nyct Paygo","3","posted","Train","Transportation","false","","regular","Primary CC","4832","","false"
"2024-03-16","Nyct Paygo","2.9","posted","Train","Transportation","false","","regular","Secondary CC","7291","","false"
"2024-03-17","Other Restaurant","25.06","posted","Restaurants","Food & Drink","false","","regular","Primary CC","4832","","false"
"2024-03-17","Symbioun Payroll","-2562.1","posted","Payroll","Income","true","","income","Checking","3456","","true"
"2024-03-17","Nyct Paygo","3","posted","Train","Transportation","false","","regular","Secondary CC","7291","","false"
"2024-03-17","Lark Cafe","-155.36","posted","Tips","Income","true","","income","Checking","3456","","false"
"2024-03-18","Nyct Paygo","2.9","posted","Train","Transportation","false","","regular","Secondary CC","7291","","false"
"2024-03-18","Nyct Paygo","3","posted","Train","Transportation","false","","regular","Secondary CC","7291","","false"
"2024-03-18","Metropolitan Tra","3","posted","Train","Transportation","false","","regular","Secondary CC","7291","","false"
"2024-03-18","Other Shop","13.66","posted","Shops","Shopping","false","","regular","Primary CC","4832","","false"
"2024-03-18","Other Café","5.49","posted","Cafés","Food & Drink","false","","regular","Primary CC","4832","","false"
"2024-03-19","T-Mobile","25","posted","Phone","Utilities","false","","regular","Secondary CC","7291","","false"
"2024-03-19","Nyct Paygo","2.9","posted","Train","Transportation","false","","regular","Secondary CC","7291","","false"
"2024-03-19","Amazon","7.47","posted","Other","Other","false","","regular","Debit","3456","","false"
"2024-03-19","Metropolitan Tra","3","posted","Train","Transportation","false","","regular","Secondary CC","7291","","false"
"2024-03-19","Metropolitan Tra","2.9","posted","Train","Transportation","false","","regular","Secondary CC","7291","","false"
"2024-03-20","Nyct Paygo","3","posted","Train","Transportation","false","","regular","Secondary CC","7291","","false"
"2024-03-20","Nyct Paygo","2.9","posted","Train","Transportation","false","","regular","Secondary CC","7291","","false"
"2024-03-20","McDonald's","11.71","posted","Fast Food","Food & Drink","false","","regular","Secondary CC","7291","","false"
"2024-03-20","Square Payroll","-399.91","posted","Side Income","Income","true","","income","Checking","3456","","true"
"2024-03-20","Celsious","12","posted","Laundry","Personal Care","false","","regular","Debit","3456","","false"
"2024-03-20","Apple.com/bill","6.99","posted","Subscriptions","Entertainment","false","","regular","Primary CC","4832","","true"
"2024-03-20","Other Clothing","57.85","posted","Clothing","Shopping","false","","regular","Primary CC","4832","","false"
"2024-03-21","Nyct Paygo","2.9","posted","Train","Transportation","false","","regular","Secondary CC","7291","","false"
"2024-03-21","Nyct Paygo","3","posted","Train","Transportation","false","","regular","Secondary CC","7291","","false"
"2024-03-21","Key Food","13.06","posted","Groceries","Food & Drink","false","","regular","Secondary CC","7291","","false"
"2024-03-21","Chipotle","13.31","posted","Fast Food","Food & Drink","false","","regular","Primary CC","4832","","false"
"2024-03-21","Sweetleaf","4.04","posted","Cafés","Food & Drink","false","","regular","Primary CC","4832","","false"
"2024-03-21","Other Fast Food","22.77","posted","Fast Food","Food & Drink","false","","regular","Primary CC","4832","","false"
"2024-03-21","Nyct Paygo","2.9","posted","Train","Transportation","false","","regular","Secondary CC","7291","","false"
"2024-03-21","Other Restaurant","32.64","posted","Restaurants","Food & Drink","false","","regular","Venmo","9012","","false"
"2024-03-22","Nyct Paygo","2.9","posted","Train","Transportation","false","","regular","Secondary CC","7291","","false"
"2024-03-22","Sweetgreen","9.04","posted","Fast Food","Food & Drink","false","","regular","Primary CC","4832","","false"
"2024-03-22","Other Grocery","55.8","posted","Groceries","Food & Drink","false","","regular","Primary CC","4832","","false"
"2024-03-22","Nyct Paygo","2.9","posted","Train","Transportation","false","","regular","Secondary CC","7291","","false"
"2024-03-23","Other Nails","42.06","posted","Nails","Personal Care","false","","regular","Primary CC","4832","","false"
"2024-03-23","Other Café","4.17","posted","Cafés","Food & Drink","false","","regular","Primary CC","4832","","false"
"2024-03-24","Nyct Paygo","2.9","posted","Train","Transportation","false","","regular","Secondary CC","7291","","false"
"2024-03-24","Land To Sea","7.12","posted","Cafés","Food & Drink","false","","regular","Primary CC","4832","","false"
"2024-03-24","Other Café","11.85","posted","Cafés","Food & Drink","false","","regular","Primary CC","4832","","false"
"2024-03-24","Other Café","6.92","posted","Cafés","Food & Drink","false","","regular","Secondary CC","7291","","false"
"2024-03-24","Trader Joe's","22.37","posted","Groceries","Food & Drink","false","","regular","Primary CC","4832","","false"
"2024-03-24","CVS","23.47","posted","Other","Other","false","","regular","Primary CC","4832","","false"
"2024-03-25","Nyct Paygo","2.9","posted","Train","Transportation","false","","regular","Secondary CC","7291","","false"
"2024-03-25","Muji","5.7","posted","Shops","Shopping","false","","regular","Primary CC","4832","","false"
"2024-03-25","Misc Purchase","116.77","posted","Other","Other","false","","regular","Primary CC","4832","","false"
"2024-03-25","Navient Student Loan","280","posted","Student Loan","Debt","false","","regular","Checking","3456","","true"
"2024-03-25","Keep The Change Transfer","-0.71","posted","Savings","Transfer","true","","internal transfer","Checking","3456","","false"
"2024-03-26","Other Merchant","9.11","posted","Other","Other","false","","regular","Debit","3456","","false"
"2024-03-26","Misc Purchase","9.89","posted","Other","Other","false","","regular","Debit","3456","","false"
"2024-03-26","Laundromat","8.5","posted","Laundry","Personal Care","false","","regular","Primary CC","4832","","false"
"2024-03-26","Joe Coffee","6.07","posted","Cafés","Food & Drink","false","","regular","Primary CC","4832","","false"
"2024-03-27","Other Shop","21.2","posted","Shops","Shopping","false","","regular","Secondary CC","7291","","false"
"2024-03-27","Lark Cafe","-166.35","posted","Tips","Income","true","","income","Checking","3456","","false"
"2024-03-27","Nyct Paygo","2.9","posted","Train","Transportation","false","","regular","Primary CC","4832","","false"
"2024-03-27","Metropolitan Tra","2.9","posted","Train","Transportation","false","","regular","Primary CC","4832","","false"
"2024-03-27","Nyct Paygo","2.9","posted","Train","Transportation","false","","regular","Secondary CC","7291","","false"
"2024-03-28","Nyct Paygo","2.9","posted","Train","Transportation","false","","regular","Secondary CC","7291","","false"
"2024-03-28","Nyct Paygo","3","posted","Train","Transportation","false","","regular","Primary CC","4832","","false"
"2024-03-28","Amazon","62.5","posted","Shops","Shopping","false","","regular","Debit","3456","","false"
"2024-03-28","Nyct Paygo","2.9","posted","Train","Transportation","false","","regular","Secondary CC","7291","","false"
"2024-03-28","Other Restaurant","34.48","posted","Restaurants","Food & Drink","false","","regular","Primary CC","4832","","false"
"2024-03-28","Mta*Nyct Paygo","3","posted","Train","Transportation","false","","regular","Secondary CC","7291","","false"
"2024-03-28","Other Grocery","20.31","posted","Groceries","Food & Drink","false","","regular","Primary CC","4832","","false"
"2024-03-29","Nyct Paygo","2.9","posted","Train","Transportation","false","","regular","Secondary CC","7291","","false"
"2024-03-29","Nyct Paygo","2.9","posted","Train","Transportation","false","","regular","Secondary CC","7291","","false"
"2024-03-29","Starbucks","11.19","posted","Cafés","Food & Drink","false","","regular","Secondary CC","7291","","false"
"2024-03-29","Nyct Paygo","2.9","posted","Train","Transportation","false","","regular","Secondary CC","7291","","false"
"2024-03-29","Starbucks","4.42","posted","Cafés","Food & Drink","false","","regular","Primary CC","4832","","false"
"2024-03-29","Amazon","17.25","posted","Other","Other","false","","regular","Secondary CC","7291","","false"
"2024-03-29","Nyct Paygo","3","posted","Train","Transportation","false","","regular","Secondary CC","7291","","false"
"2024-03-29","Nyct Paygo","2.9","posted","Train","Transportation","false","","regular","Secondary CC","7291","","false"
"2024-03-29","Nyct Paygo","2.9","posted","Train","Transportation","false","","regular","Secondary CC","7291","","false"
"2024-03-29","Other Bar","45.11","posted","Bars","Food & Drink","false","","regular","Debit","3456","","false"
"2024-03-30","Amazon","69.57","posted","Other","Other","false","","regular","Debit","3456","","false"
"2024-03-30","Credit Card Payment","-1272.62","posted","Credit Card Payment","Transfer","true","","internal transfer","Checking","3456","","true"
"2024-03-30","Nyct Paygo","2.9","posted","Train","Transportation","false","","regular","Secondary CC","7291","","false"
"2024-03-30","Other Bar","32.55","posted","Bars","Food & Drink","false","","regular","Secondary CC","7291","","false"
"2024-03-31","Nail Salon","40.09","posted","Nails","Personal Care","false","","regular","Debit","3456","","false"
"2024-03-31","Nyct Paygo","2.9","posted","Train","Transportation","false","","regular","Secondary CC","7291","","false"
"2024-03-31","Panera Bread","7.72","posted","Fast Food","Food & Drink","false","","regular","Primary CC","4832","","false"
"2024-03-31","Symbioun Payroll","-2540.67","posted","Payroll","Income","true","","income","Checking","3456","","true"
"2024-04-01","Rent Payment","1325","posted","Rent","Housing","false","","regular","Checking","3456","","true"
"2024-04-01","Uber","12.65","posted","Uber","Transportation","false","","regular","Primary CC","4832","","false"
"2024-04-01","Nyct Paygo","3","posted","Train","Transportation","false","","regular","Secondary CC","7291","","false"
"2024-04-01","Nyct Paygo","2.9","posted","Train","Transportation","false","","regular","Secondary CC","7291","","false"
"2024-04-02","Mta*Nyct Paygo","2.9","posted","Train","Transportation","false","","regular","Secondary CC","7291","","false"
"2024-04-02","Mta*Nyct Paygo","3","posted","Train","Transportation","false","","regular","Secondary CC","7291","","false"
"2024-04-02","Shake Shack","8.91","posted","Fast Food","Food & Drink","false","","regular","Secondary CC","7291","","false"
"2024-04-02","Muji","21.7","posted","Shops","Shopping","false","","regular","Debit","3456","","false"
"2024-04-02","Interest Payment","-3.35","posted","Interest","Income","true","","income","Savings","6789","","true"
"2024-04-02","Trader Joe's","56.91","posted","Groceries","Food & Drink","false","","regular","Primary CC","4832","","false"
"2024-04-02","Target","43.28","posted","Shops","Shopping","false","","regular","Secondary CC","7291","","false"
"2024-04-02","Other Restaurant","30.13","posted","Restaurants","Food & Drink","false","","regular","Primary CC","4832","","false"
"2024-04-02","Nyct Paygo","3","posted","Train","Transportation","false","","regular","Secondary CC","7291","","false"
"2024-04-03","Nyct Paygo","2.9","posted","Train","Transportation","false","","regular","Secondary CC","7291","","false"
"2024-04-03","Other Café","8.48","posted","Cafés","Food & Drink","false","","regular","Debit","3456","","false"
"2024-04-03","Nyct Paygo","2.9","posted","Train","Transportation","false","","regular","Secondary CC","7291","","false"
"2024-04-03","Square Payroll","-368.23","posted","Side Income","Income","true","","income","Checking","3456","","true"
"2024-04-03","Whole Foods","12.77","posted","Groceries","Food & Drink","false","","regular","Secondary CC","7291","","false"
"2024-04-03","Spritzenhaus","43.42","posted","Bars","Food & Drink","false","","regular","Primary CC","4832","","false"
"2024-04-04","Nyct Paygo","2.9","posted","Train","Transportation","false","","regular","Secondary CC","7291","","false"
"2024-04-04","Other Grocery","44.84","posted","Groceries","Food & Drink","false","","regular","Primary CC","4832","","false"
"2024-04-04","Mta*Nyct Paygo","3","posted","Train","Transportation","false","","regular","Primary CC","4832","","false"
"2024-04-04","Nyct Paygo","2.9","posted","Train","Transportation","false","","regular","Secondary CC","7291","","false"
"2024-04-04","Café Regular","5.42","posted","Cafés","Food & Drink","false","","regular","Primary CC","4832","","false"
"2024-04-04","Mta*Nyct Paygo","3","posted","Train","Transportation","false","","regular","Secondary CC","7291","","false"
"2024-04-05","Sey Coffee","3.42","posted","Cafés","Food & Drink","false","","regular","Primary CC","4832","","false"
"2024-04-05","Shake Shack","13.09","posted","Fast Food","Food & Drink","false","","regular","Secondary CC","7291","","false"
"2024-04-06","Other Grocery","24.06","posted","Groceries","Food & Drink","false","","regular","Secondary CC","7291","","false"
"2024-04-06","C-Town","20.11","posted","Groceries","Food & Drink","false","","regular","Secondary CC","7291","","false"
"2024-04-06","Partners Coffee","6.1","posted","Cafés","Food & Drink","false","","regular","Primary CC","4832","","false"
"2024-04-06","CVS","17.6","posted","Other","Other","false","","regular","Primary CC","4832","","false"
"2024-04-06","The Levee","15.49","posted","Bars","Food & Drink","false","","regular","Secondary CC","7291","","false"
"2024-04-07","Other Restaurant","75.84","posted","Restaurants","Food & Drink","false","","regular","Debit","3456","","false"
"2024-04-07","Nyct Paygo","2.9","posted","Train","Transportation","false","","regular","Secondary CC","7291","","false"
"2024-04-07","Spectrum","49.99","posted","Internet","Utilities","false","","regular","Primary CC","4832","","false"
"2024-04-07","CVS","12.3","posted","Other","Other","false","","regular","Primary CC","4832","","false"
"2024-04-08","Nyct Paygo","3","posted","Train","Transportation","false","","regular","Secondary CC","7291","","false"
"2024-04-08","Joe Coffee","7.64","posted","Cafés","Food & Drink","false","","regular","Primary CC","4832","","false"
"2024-04-08","Nyct Paygo","2.9","posted","Train","Transportation","false","","regular","Secondary CC","7291","","false"
"2024-04-08","Netflix","14.54","posted","Entertainment","Entertainment","false","","regular","Primary CC","4832","","false"
"2024-04-08","The Levee","13.12","posted","Bars","Food & Drink","false","","regular","Primary CC","4832","","false"
"2024-04-08","Nyct Paygo","2.9","posted","Train","Transportation","false","","regular","Secondary CC","7291","","false"
"2024-04-09","Subway","17.98","posted","Fast Food","Food & Drink","false","","regular","Primary CC","4832","","false"
"2024-04-09","Nyct Paygo","3","posted","Train","Transportation","false","","regular","Secondary CC","7291","","false"
"2024-04-10","Laundromat","12","posted","Laundry","Personal Care","false","","regular","Primary CC","4832","","false"
"2024-04-10","Nyct Paygo","3","posted","Train","Transportation","false","","regular","Secondary CC","7291","","false"
"2024-04-10","Mta*Nyct Paygo","3","posted","Train","Transportation","false","","regular","Secondary CC","7291","","false"
"2024-04-10","Chipotle","8.86","posted","Fast Food","Food & Drink","false","","regular","Debit","3456","","false"
"2024-04-11","Chick-Fil-A","21.54","posted","Fast Food","Food & Drink","false","","regular","Debit","3456","","false"
"2024-04-12","Sweetgreen","8.45","posted","Fast Food","Food & Drink","false","","regular","Primary CC","4832","","false"
"2024-04-12","CVS","9.2","posted","Other","Other","false","","regular","Primary CC","4832","","false"
"2024-04-12","Joe Coffee","2.5","posted","Cafés","Food & Drink","false","","regular","Secondary CC","7291","","false"
"2024-04-12","CVS","17.85","posted","Pharmacy","Health","false","","regular","Primary CC","4832","","false"
"2024-04-12","Nyct Paygo","2.9","posted","Train","Transportation","false","","regular","Secondary CC","7291","","false"
"2024-04-13","AMC Theatres","27.59","posted","Entertainment","Entertainment","false","","regular","Secondary CC","7291","","false"
"2024-04-13","Other Merchant","44.99","posted","Other","Other","false","","regular","Debit","3456","","false"
"2024-04-14","Other Merchant","15.61","posted","Other","Other","false","","regular","Primary CC","4832","","false"
"2024-04-14","Other Grocery","31.91","posted","Groceries","Food & Drink","false","","regular","Debit","3456","","false"
"2024-04-14","Conductor Inc Deposit","-749.58","posted","Side Income","Income","true","","income","Checking","3456","","false"
"2024-04-14","Symbioun Payroll","-2522.06","posted","Payroll","Income","true","","income","Checking","3456","","true"
"2024-04-15","Other Fast Food","18.78","posted","Fast Food","Food & Drink","false","","regular","Primary CC","4832","","false"
"2024-04-15","Nyct Paygo","3","posted","Train","Transportation","false","","regular","Secondary CC","7291","","false"
"2024-04-15","Amazon","37.26","posted","Shops","Shopping","false","","regular","Secondary CC","7291","","false"
"2024-04-15","Nyct Paygo","3","posted","Train","Transportation","false","","regular","Secondary CC","7291","","false"
"2024-04-16","Nyct Paygo","3","posted","Train","Transportation","false","","regular","Secondary CC","7291","","false"
"2024-04-16","Spectrum","69.99","posted","Internet","Utilities","false","","regular","Primary CC","4832","","false"
"2024-04-16","Nyct Paygo","2.9","posted","Train","Transportation","false","","regular","Secondary CC","7291","","false"
"2024-04-16","Spectrum","59.99","posted","Internet","Utilities","false","","regular","Primary CC","4832","","false"
"2024-04-16","Walgreens","10.15","posted","Other","Other","false","","regular","Primary CC","4832","","false"
"2024-04-16","Amazon","21.28","posted","Shops","Shopping","false","","regular","Debit","3456","","false"
"2024-04-16","Nyct Paygo","2.9","posted","Train","Transportation","false","","regular","Secondary CC","7291","","false"
"2024-04-17","Mta*Nyct Paygo","3","posted","Train","Transportation","false","","regular","Secondary CC","7291","","false"
"2024-04-17","Panera Bread","23.47","posted","Fast Food","Food & Drink","false","","regular","Primary CC","4832","","false"
"2024-04-17","Other Restaurant","42.26","posted","Restaurants","Food & Drink","false","","regular","Primary CC","4832","","false"
"2024-04-17","Mta*Nyct Paygo","2.9","posted","Train","Transportation","false","","regular","Secondary CC","7291","","false"
"2024-04-17","Square Payroll","-334.56","posted","Side Income","Income","true","","income","Checking","3456","","true"
"2024-04-17","Nyct Paygo","2.9","posted","Train","Transportation","false","","regular","Secondary CC","7291","","false"
"2024-04-17","Other Merchant","9.31","posted","Other","Other","false","","regular","Debit","3456","","false"
"2024-04-17","Metropolitan Tra","2.9","posted","Train","Transportation","false","","regular","Secondary CC","7291","","false"
"2024-04-17","Nyct Paygo","3","posted","Train","Transportation","false","","regular","Secondary CC","7291","","false"
"2024-04-18","Starbucks","4.47","posted","Cafés","Food & Drink","false","","regular","Secondary CC","7291","","false"
"2024-04-18","Spectrum","59.99","posted","Internet","Utilities","false","","regular","Checking","3456","","false"
"2024-04-18","Nyct Paygo","2.9","posted","Train","Transportation","false","","regular","Secondary CC","7291","","false"
"2024-04-18","Nyct Paygo","2.9","posted","Train","Transportation","false","","regular","Secondary CC","7291","","false"
"2024-04-18","Nyct Paygo","3","posted","Train","Transportation","false","","regular","Secondary CC","7291","","false"
"2024-04-18","Chick-Fil-A","11.55","posted","Fast Food","Food & Drink","false","","regular","Primary CC","4832","","false"
"2024-04-18","Other Café","4.61","posted","Cafés","Food & Drink","false","","regular","Secondary CC","7291","","false"
"2024-04-18","Nyct Paygo","2.9","posted","Train","Transportation","false","","regular","Secondary CC","7291","","false"
"2024-04-19","Apple.com/bill","6.99","posted","Subscriptions","Entertainment","false","","regular","Primary CC","4832","","true"
"2024-04-19","Metropolitan Tra","2.9","posted","Train","Transportation","false","","regular","Secondary CC","7291","","false"
"2024-04-20","Other Restaurant","42.21","posted","Restaurants","Food & Drink","false","","regular","Primary CC","4832","","false"
"2024-04-20","Nyct Paygo","2.9","posted","Train","Transportation","false","","regular","Secondary CC","7291","","false"
"2024-04-20","Verizon Fios","59.99","posted","Internet","Utilities","false","","regular","Primary CC","4832","","false"
"2024-04-20","Land To Sea","3.91","posted","Cafés","Food & Drink","false","","regular","Primary CC","4832","","false"
"2024-04-20","Other Restaurant","18.79","posted","Restaurants","Food & Drink","false","","regular","Venmo","9012","","false"
"2024-04-21","Nyct Paygo","3","posted","Train","Transportation","false","","regular","Secondary CC","7291","","false"
"2024-04-21","Lark Cafe","-187.83","posted","Tips","Income","true","","income","Checking","3456","","false"
"2024-04-21","Other Restaurant","19.67","posted","Restaurants","Food & Drink","false","","regular","Primary CC","4832","","false"
"2024-04-21","Other Café","4.01","posted","Cafés","Food & Drink","false","","regular","Primary CC","4832","","false"
"2024-04-22","Lark Cafe","-32.55","posted","Tips","Income","true","","income","Checking","3456","","false"
"2024-04-22","The Levee","32.14","posted","Bars","Food & Drink","false","","regular","Primary CC","4832","","false"
"2024-04-22","Starbucks","7.37","posted","Cafés","Food & Drink","false","","regular","Primary CC","4832","","false"
"2024-04-22","Mta*Nyct Paygo","2.9","posted","Train","Transportation","false","","regular","Secondary CC","7291","","false"
"2024-04-22","Keep The Change Transfer","-0.41","posted","Savings","Transfer","true","","internal transfer","Checking","3456","","false"
"2024-04-22","Nyct Paygo","2.9","posted","Train","Transportation","false","","regular","Secondary CC","7291","","false"
"2024-04-22","Nyct Paygo","2.9","posted","Train","Transportation","false","","regular","Secondary CC","7291","","false"
"2024-04-23","Nyct Paygo","2.9","posted","Train","Transportation","false","","regular","Secondary CC","7291","","false"
"2024-04-23","Amazon","6.96","posted","Shops","Shopping","false","","regular","Secondary CC","7291","","false"
"2024-04-23","Costco","23.55","posted","Groceries","Food & Drink","false","","regular","Primary CC","4832","","false"
"2024-04-23","Nyct Paygo","2.9","posted","Train","Transportation","false","","regular","Secondary CC","7291","","false"
"2024-04-23","Nyct Paygo","2.9","posted","Train","Transportation","false","","regular","Secondary CC","7291","","false"
"2024-04-23","Mta*Nyct Paygo","2.9","posted","Train","Transportation","false","","regular","Secondary CC","7291","","false"
"2024-04-24","Lyft","28.38","posted","Uber","Transportation","false","","regular","Debit","3456","","false"
"2024-04-24","Navient Student Loan","280","posted","Student Loan","Debt","false","","regular","Checking","3456","","true"
"2024-04-24","Nyct Paygo","3","posted","Train","Transportation","false","","regular","Secondary CC","7291","","false"
"2024-04-24","Keep The Change Transfer","-0.27","posted","Savings","Transfer","true","","internal transfer","Checking","3456","","false"
"2024-04-24","Amazon","11.96","posted","Other","Other","false","","regular","Primary CC","4832","","false"
"2024-04-24","Nyct Paygo","3","posted","Train","Transportation","false","","regular","Secondary CC","7291","","false"
"2024-04-24","Other Fast Food","9.5","posted","Fast Food","Food & Drink","false","","regular","Primary CC","4832","","false"
"2024-04-25","Mta*Nyct Paygo","2.9","posted","Train","Transportation","false","","regular","Secondary CC","7291","","false"
"2024-04-25","Uber","28.55","posted","Uber","Transportation","false","","regular","Primary CC","4832","","false"
"2024-04-25","Nyct Paygo","3","posted","Train","Transportation","false","","regular","Secondary CC","7291","","false"
"2024-04-25","Nyct Paygo","3","posted","Train","Transportation","false","","regular","Secondary CC","7291","","false"
"2024-04-26","Nyct Paygo","2.9","posted","Train","Transportation","false","","regular","Secondary CC","7291","","false"
"2024-04-26","Other Entertainment","47.93","posted","Entertainment","Entertainment","false","","regular","Primary CC","4832","","false"
"2024-04-26","Uber","23.35","posted","Uber","Transportation","false","","regular","Primary CC","4832","","false"
"2024-04-26","Blue Bottle","3.41","posted","Cafés","Food & Drink","false","","regular","Primary CC","4832","","false"
"2024-04-27","Other Fast Food","12.22","posted","Fast Food","Food & Drink","false","","regular","Primary CC","4832","","false"
"2024-04-27","Walgreens","20.72","posted","Pharmacy","Health","false","","regular","Secondary CC","7291","","false"
"2024-04-27","Venmo Cashout","127.55","posted","Transfer","Transfer","true","","internal transfer","Checking","3456","","false"
"2024-04-27","Nyct Paygo","2.9","posted","Train","Transportation","false","","regular","Secondary CC","7291","","false"
"2024-04-28","C-Town","37.63","posted","Groceries","Food & Drink","false","","regular","Secondary CC","7291","","false"
"2024-04-28","Other Restaurant","102.17","posted","Restaurants","Food & Drink","false","","regular","Debit","3456","","false"
"2024-04-28","Other Restaurant","34.47","posted","Restaurants","Food & Drink","false","","regular","Primary CC","4832","","false"
"2024-04-28","Symbioun Payroll","-2576.83","posted","Payroll","Income","true","","income","Checking","3456","","true"
"2024-04-28","Metropolitan Tra","3","posted","Train","Transportation","false","","regular","Secondary CC","7291","","false"
"2024-04-29","Credit Card Payment","-1047.57","posted","Credit Card Payment","Transfer","true","","internal transfer","Checking","3456","","true"
"2024-04-29","Other Restaurant","47.14","posted","Restaurants","Food & Drink","false","","regular","Primary CC","4832","","false"
"2024-04-29","Nyct Paygo","2.9","posted","Train","Transportation","false","","regular","Secondary CC","7291","","false"
"2024-04-29","Venmo Cashout","112.3","posted","Transfer","Transfer","true","","internal transfer","Checking","3456","","false"
"2024-04-29","Nyct Paygo","2.9","posted","Train","Transportation","false","","regular","Primary CC","4832","","false"
"2024-04-29","Metropolitan Tra","3","posted","Train","Transportation","false","","regular","Secondary CC","7291","","false"
"2024-04-29","Misc Purchase","15.35","posted","Other","Other","false","","regular","Secondary CC","7291","","false"
"2024-04-29","Nyct Paygo","2.9","posted","Train","Transportation","false","","regular","Secondary CC","7291","","false"
"2024-04-30","Keep The Change Transfer","-0.31","posted","Savings","Transfer","true","","internal transfer","Checking","3456","","false"
"2024-04-30","Other Fast Food","13.68","posted","Fast Food","Food & Drink","false","","regular","Primary CC","4832","","false"
"2024-04-30","Sweetgreen","19.01","posted","Fast Food","Food & Drink","false","","regular","Debit","3456","","false"
"2024-04-30","Lyft","65","posted","Uber","Transportation","false","","regular","Secondary CC","7291","","false"
"2024-04-30","Nyct Paygo","2.9","posted","Train","Transportation","false","","regular","Secondary CC","7291","","false"
"2024-04-30","Chipotle","23.07","posted","Fast Food","Food & Drink","false","","regular","Secondary CC","7291","","false"
"2024-04-30","Nyct Paygo","2.9","posted","Train","Transportation","false","","regular","Secondary CC","7291","","false"
"2024-04-30","Mta*Nyct Paygo","2.9","posted","Train","Transportation","false","","regular","Secondary CC","7291","","false"
"2024-05-01","Square Payroll","-403.39","posted","Side Income","Income","true","","income","Checking","3456","","true"
"2024-05-01","Nyct Paygo","2.9","posted","Train","Transportation","false","","regular","Secondary CC","7291","","false"
"2024-05-01","Uniqlo","27.78","posted","Clothing","Shopping","false","","regular","Secondary CC","7291","","false"
"2024-05-01","Rent Payment","1325","posted","Rent","Housing","false","","regular","Checking","3456","","true"
"2024-05-02","Chipotle","7.7","posted","Fast Food","Food & Drink","false","","regular","Secondary CC","7291","","false"
"2024-05-02","Sweetgreen","7.28","posted","Fast Food","Food & Drink","false","","regular","Secondary CC","7291","","false"
"2024-05-02","Interest Payment","-2.04","posted","Interest","Income","true","","income","Savings","6789","","true"
"2024-05-03","Nyct Paygo","2.9","posted","Train","Transportation","false","","regular","Secondary CC","7291","","false"
"2024-05-03","Mta*Nyct Paygo","2.9","posted","Train","Transportation","false","","regular","Secondary CC","7291","","false"
"2024-05-03","Nyct Paygo","2.9","posted","Train","Transportation","false","","regular","Secondary CC","7291","","false"
"2024-05-04","Trader Joe's","29.1","posted","Groceries","Food & Drink","false","","regular","Secondary CC","7291","","false"
"2024-05-04","Uber","6","posted","Uber","Transportation","false","","regular","Primary CC","4832","","false"
"2024-05-05","Mta*Nyct Paygo","3","posted","Train","Transportation","false","","regular","Secondary CC","7291","","false"
"2024-05-05","Nyct Paygo","2.9","posted","Train","Transportation","false","","regular","Secondary CC","7291","","false"
"2024-05-05","Other Restaurant","25.67","posted","Restaurants","Food & Drink","false","","regular","Primary CC","4832","","false"
"2024-05-05","Other Café","6.57","posted","Cafés","Food & Drink","false","","regular","Primary CC","4832","","false"
"2024-05-05","Other Café","4.62","posted","Cafés","Food & Drink","false","","regular","Primary CC","4832","","false"
"2024-05-05","Mta*Nyct Paygo","2.9","posted","Train","Transportation","false","","regular","Secondary CC","7291","","false"
"2024-05-06","McDonald's","6.2","posted","Fast Food","Food & Drink","false","","regular","Secondary CC","7291","","false"
"2024-05-06","Nyct Paygo","3","posted","Train","Transportation","false","","regular","Secondary CC","7291","","false"
"2024-05-06","Venmo Cashout","51.41","posted","Transfer","Transfer","true","","internal transfer","Checking","3456","","false"
"2024-05-06","Rite Aid","29.47","posted","Pharmacy","Health","false","","regular","Primary CC","4832","","false"
"2024-05-06","Mta*Nyct Paygo","3","posted","Train","Transportation","false","","regular","Secondary CC","7291","","false"
"2024-05-06","Nyct Paygo","2.9","posted","Train","Transportation","false","","regular","Secondary CC","7291","","false"
"2024-05-06","Whole Foods","17.77","posted","Groceries","Food & Drink","false","","regular","Primary CC","4832","","false"
"2024-05-06","Sey Coffee","7.44","posted","Cafés","Food & Drink","false","","regular","Primary CC","4832","","false"
"2024-05-07","Nail Salon","43.96","posted","Nails","Personal Care","false","","regular","Debit","3456","","false"
"2024-05-07","Nyct Paygo","2.9","posted","Train","Transportation","false","","regular","Secondary CC","7291","","false"
"2024-05-07","Metropolitan Tra","2.9","posted","Train","Transportation","false","","regular","Secondary CC","7291","","false"
"2024-05-07","Sweetgreen","19.71","posted","Fast Food","Food & Drink","false","","regular","Secondary CC","7291","","false"
"2024-05-08","Metropolitan Tra","3","posted","Train","Transportation","false","","regular","Secondary CC","7291","","false"
"2024-05-08","Celsious","12","posted","Laundry","Personal Care","false","","regular","Secondary CC","7291","","false"
"2024-05-08","Nyct Paygo","2.9","posted","Train","Transportation","false","","regular","Secondary CC","7291","","false"
"2024-05-09","Nyct Paygo","2.9","posted","Train","Transportation","false","","regular","Secondary CC","7291","","false"
"2024-05-09","Nyct Paygo","3","posted","Train","Transportation","false","","regular","Secondary CC","7291","","false"
"2024-05-09","Metropolitan Tra","3","posted","Train","Transportation","false","","regular","Primary CC","4832","","false"
"2024-05-09","Nyct Paygo","2.9","posted","Train","Transportation","false","","regular","Secondary CC","7291","","false"
"2024-05-09","Uniqlo","13.75","posted","Shops","Shopping","false","","regular","Primary CC","4832","","false"
"2024-05-09","Con Edison","53.89","posted","Gas & Electric","Utilities","false","","regular","Primary CC","4832","","false"
"2024-05-09","Other Grocery","23.66","posted","Groceries","Food & Drink","false","","regular","Debit","3456","","false"
"2024-05-09","Nyct Paygo","2.9","posted","Train","Transportation","false","","regular","Primary CC","4832","","false"
"2024-05-10","Nyct Paygo","3","posted","Train","Transportation","false","","regular","Secondary CC","7291","","false"
"2024-05-10","Keep The Change Transfer","-0.31","posted","Savings","Transfer","true","","internal transfer","Checking","3456","","false"
"2024-05-10","Other Fast Food","15.47","posted","Fast Food","Food & Drink","false","","regular","Primary CC","4832","","false"
"2024-05-10","Other Nails","43.61","posted","Nails","Personal Care","false","","regular","Secondary CC","7291","","false"
"2024-05-10","Other Grocery","49.57","posted","Groceries","Food & Drink","false","","regular","Secondary CC","7291","","false"
"2024-05-10","Nyct Paygo","2.9","posted","Train","Transportation","false","","regular","Secondary CC","7291","","false"
"2024-05-11","Other Clothing","24.32","posted","Clothing","Shopping","false","","regular","Secondary CC","7291","","false"
"2024-05-11","Five Guys","13.51","posted","Fast Food","Food & Drink","false","","regular","Primary CC","4832","","false"
"2024-05-11","Amazon","12.19","posted","Other","Other","false","","regular","Primary CC","4832","","false"
"2024-05-11","Mta*Nyct Paygo","2.9","posted","Train","Transportation","false","","regular","Secondary CC","7291","","false"
"2024-05-11","CVS","44.6","posted","Other","Other","false","","regular","Primary CC","4832","","false"
"2024-05-11","Key Food","60.65","posted","Groceries","Food & Drink","false","","regular","Debit","3456","","false"
"2024-05-12","Symbioun Payroll","-2520.07","posted","Payroll","Income","true","","income","Checking","3456","","true"
"2024-05-12","Lark Cafe","-161.33","posted","Tips","Income","true","","income","Checking","3456","","false"
"2024-05-12","C-Town","47.36","posted","Groceries","Food & Drink","false","","regular","Secondary CC","7291","","false"
"2024-05-13","Starbucks","4.94","posted","Cafés","Food & Drink","false","","regular","Secondary CC","7291","","false"
"2024-05-13","Key Food","23.8","posted","Groceries","Food & Drink","false","","regular","Secondary CC","7291","","false"
"2024-05-13","Lark Cafe","-145.16","posted","Tips","Income","true","","income","Checking","3456","","false"
"2024-05-14","Partners Coffee","6.77","posted","Cafés","Food & Drink","false","","regular","Secondary CC","7291","","false"
"2024-05-14","Metropolitan Tra","2.9","posted","Train","Transportation","false","","regular","Secondary CC","7291","","false"
"2024-05-14","Walgreens","30.7","posted","Other","Other","false","","regular","Debit","3456","","false"
"2024-05-14","AMC Theatres","12.7","posted","Entertainment","Entertainment","false","","regular","Debit","3456","","false"
"2024-05-14","Chipotle","12.01","posted","Fast Food","Food & Drink","false","","regular","Primary CC","4832","","false"
"2024-05-14","Nyct Paygo","2.9","posted","Train","Transportation","false","","regular","Secondary CC","7291","","false"
"2024-05-14","Trader Joe's","72.65","posted","Groceries","Food & Drink","false","","regular","Primary CC","4832","","false"
"2024-05-14","Nyct Paygo","2.9","posted","Train","Transportation","false","","regular","Secondary CC","7291","","false"
"2024-05-14","Other Entertainment","18.07","posted","Entertainment","Entertainment","false","","regular","Primary CC","4832","","false"
"2024-05-14","Conductor Inc Deposit","-713.85","posted","Side Income","Income","true","","income","Checking","3456","","false"
"2024-05-15","Square Payroll","-423.84","posted","Side Income","Income","true","","income","Checking","3456","","true"
"2024-05-15","Nyct Paygo","2.9","posted","Train","Transportation","false","","regular","Secondary CC","7291","","false"
"2024-05-15","Nyct Paygo","2.9","posted","Train","Transportation","false","","regular","Secondary CC","7291","","false"
"2024-05-15","Café Regular","4.71","posted","Cafés","Food & Drink","false","","regular","Primary CC","4832","","false"
"2024-05-15","Nyct Paygo","2.9","posted","Train","Transportation","false","","regular","Secondary CC","7291","","false"
"2024-05-16","Keep The Change Transfer","-0.86","posted","Savings","Transfer","true","","internal transfer","Checking","3456","","false"
"2024-05-16","Nyct Paygo","2.9","posted","Train","Transportation","false","","regular","Secondary CC","7291","","false"
"2024-05-16","Nyct Paygo","3","posted","Train","Transportation","false","","regular","Secondary CC","7291","","false"
"2024-05-16","C-Town","106.3","posted","Groceries","Food & Drink","false","","regular","Debit","3456","","false"
"2024-05-16","Devocion","11.88","posted","Cafés","Food & Drink","false","","regular","Primary CC","4832","","false"
"2024-05-16","Other Merchant","49.59","posted","Other","Other","false","","regular","Debit","3456","","false"
"2024-05-16","Nyct Paygo","2.9","posted","Train","Transportation","false","","regular","Secondary CC","7291","","false"
"2024-05-17","Trader Joe's","16.7","posted","Groceries","Food & Drink","false","","regular","Debit","3456","","false"
"2024-05-17","Mta*Nyct Paygo","3","posted","Train","Transportation","false","","regular","Secondary CC","7291","","false"
"2024-05-17","Nyct Paygo","3","posted","Train","Transportation","false","","regular","Secondary CC","7291","","false"
"2024-05-18","CVS","9.93","posted","Other","Other","false","","regular","Secondary CC","7291","","false"
"2024-05-18","Target","34.12","posted","Groceries","Food & Drink","false","","regular","Primary CC","4832","","false"
"2024-05-18","Panera Bread","8.37","posted","Fast Food","Food & Drink","false","","regular","Primary CC","4832","","false"
"2024-05-18","Sweetgreen","12.66","posted","Fast Food","Food & Drink","false","","regular","Primary CC","4832","","false"
"2024-05-18","Metropolitan Tra","2.9","posted","Train","Transportation","false","","regular","Secondary CC","7291","","false"
"2024-05-18","Nyct Paygo","2.9","posted","Train","Transportation","false","","regular","Secondary CC","7291","","false"
"2024-05-19","CVS","16.41","posted","Other","Other","false","","regular","Debit","3456","","false"
"2024-05-19","Amazon","12.43","posted","Other","Other","false","","regular","Primary CC","4832","","false"
"2024-05-19","AMC Theatres","5","posted","Entertainment","Entertainment","false","","regular","Primary CC","4832","","false"
"2024-05-19","Whole Foods","114.96","posted","Groceries","Food & Drink","false","","regular","Secondary CC","7291","","false"
"2024-05-19","Apple.com/bill","6.99","posted","Subscriptions","Entertainment","false","","regular","Primary CC","4832","","true"
"2024-05-20","Nyct Paygo","2.9","posted","Train","Transportation","false","","regular","Secondary CC","7291","","false"
"2024-05-20","Nyct Paygo","2.9","posted","Train","Transportation","false","","regular","Secondary CC","7291","","false"
"2024-05-20","Nyct Paygo","2.9","posted","Train","Transportation","false","","regular","Secondary CC","7291","","false"
"2024-05-20","Diner","29.89","posted","Restaurants","Food & Drink","false","","regular","Primary CC","4832","","false"
"2024-05-20","Mta*Nyct Paygo","2.9","posted","Train","Transportation","false","","regular","Secondary CC","7291","","false"
"2024-05-21","Amazon","20.69","posted","Shops","Shopping","false","","regular","Debit","3456","","false"
"2024-05-21","Starbucks","5.14","posted","Cafés","Food & Drink","false","","regular","Primary CC","4832","","false"
"2024-05-21","Nyct Paygo","2.9","posted","Train","Transportation","false","","regular","Secondary CC","7291","","false"
"2024-05-21","Nyct Paygo","2.9","posted","Train","Transportation","false","","regular","Secondary CC","7291","","false"
"2024-05-22","Nyct Paygo","3","posted","Train","Transportation","false","","regular","Secondary CC","7291","","false"
"2024-05-22","Chick-Fil-A","8.27","posted","Fast Food","Food & Drink","false","","regular","Secondary CC","7291","","false"
"2024-05-22","Nyct Paygo","2.9","posted","Train","Transportation","false","","regular","Secondary CC","7291","","false"
"2024-05-23","Costco","41.85","posted","Groceries","Food & Drink","false","","regular","Secondary CC","7291","","false"
"2024-05-23","Nyct Paygo","2.9","posted","Train","Transportation","false","","regular","Secondary CC","7291","","false"
"2024-05-23","Nyct Paygo","3","posted","Train","Transportation","false","","regular","Secondary CC","7291","","false"
"2024-05-24","Navient Student Loan","280","posted","Student Loan","Debt","false","","regular","Checking","3456","","true"
"2024-05-24","Nyct Paygo","2.9","posted","Train","Transportation","false","","regular","Secondary CC","7291","","false"
"2024-05-24","Nyct Paygo","3","posted","Train","Transportation","false","","regular","Secondary CC","7291","","false"
"2024-05-24","Thai Villa","27.03","posted","Restaurants","Food & Drink","false","","regular","Primary CC","4832","","false"
"2024-05-24","Other Bar","15.35","posted","Bars","Food & Drink","false","","regular","Debit","3456","","false"
"2024-05-24","Nyct Paygo","2.9","posted","Train","Transportation","false","","regular","Secondary CC","7291","","false"
"2024-05-24","Nyct Paygo","2.9","posted","Train","Transportation","false","","regular","Secondary CC","7291","","false"
"2024-05-25","Metropolitan Tra","2.9","posted","Train","Transportation","false","","regular","Secondary CC","7291","","false"
"2024-05-25","Trader Joe's","51.09","posted","Groceries","Food & Drink","false","","regular","Secondary CC","7291","","false"
"2024-05-26","Nyct Paygo","2.9","posted","Train","Transportation","false","","regular","Secondary CC","7291","","false"
"2024-05-26","Symbioun Payroll","-2549.19","posted","Payroll","Income","true","","income","Checking","3456","","true"
"2024-05-26","Nyct Paygo","2.9","posted","Train","Transportation","false","","regular","Secondary CC","7291","","false"
"2024-05-27","Nyct Paygo","2.9","posted","Train","Transportation","false","","regular","Secondary CC","7291","","false"
"2024-05-27","Other Fast Food","13.2","posted","Fast Food","Food & Drink","false","","regular","Primary CC","4832","","false"
"2024-05-27","Misc Purchase","21.88","posted","Other","Other","false","","regular","Primary CC","4832","","false"
"2024-05-27","Nyct Paygo","2.9","posted","Train","Transportation","false","","regular","Secondary CC","7291","","false"
"2024-05-27","Nail Salon","42.92","posted","Nails","Personal Care","false","","regular","Secondary CC","7291","","false"
"2024-05-27","Nyct Paygo","3","posted","Train","Transportation","false","","regular","Primary CC","4832","","false"
"2024-05-28","Walgreens","11.04","posted","Pharmacy","Health","false","","regular","Primary CC","4832","","false"
"2024-05-28","Walgreens","22.55","posted","Other","Other","false","","regular","Primary CC","4832","","false"
"2024-05-28","Nyct Paygo","2.9","posted","Train","Transportation","false","","regular","Secondary CC","7291","","false"
"2024-05-28","Mint Mobile","30","posted","Phone","Utilities","false","","regular","Primary CC","4832","","false"
"2024-05-28","Keep The Change Transfer","-0.54","posted","Savings","Transfer","true","","internal transfer","Checking","3456","","false"
"2024-05-29","Sweetgreen","15.61","posted","Fast Food","Food & Drink","false","","regular","Secondary CC","7291","","false"
"2024-05-29","Square Payroll","-396.75","posted","Side Income","Income","true","","income","Checking","3456","","true"
"2024-05-29","Mta*Nyct Paygo","2.9","posted","Train","Transportation","false","","regular","Secondary CC","7291","","false"
"2024-05-29","Credit Card Payment","-738.16","posted","Credit Card Payment","Transfer","true","","internal transfer","Checking","3456","","true"
"2024-05-29","Panera Bread","13.44","posted","Fast Food","Food & Drink","false","","regular","Primary CC","4832","","false"
"2024-05-29","Nyct Paygo","2.9","posted","Train","Transportation","false","","regular","Secondary CC","7291","","false"
"2024-05-30","Venmo Cashout","87.41","posted","Transfer","Transfer","true","","internal transfer","Checking","3456","","false"
"2024-05-30","Nyct Paygo","3","posted","Train","Transportation","false","","regular","Secondary CC","7291","","false"
"2024-05-30","CVS","11.74","posted","Pharmacy","Health","false","","regular","Secondary CC","7291","","false"
"2024-05-30","Nyct Paygo","3","posted","Train","Transportation","false","","regular","Secondary CC","7291","","false"
"2024-05-30","Nyct Paygo","3","posted","Train","Transportation","false","","regular","Secondary CC","7291","","false"
"2024-05-30","Nyct Paygo","3","posted","Train","Transportation","false","","regular","Secondary CC","7291","","false"
"2024-05-30","Nyct Paygo","3","posted","Train","Transportation","false","","regular","Secondary CC","7291","","false"
"2024-05-30","Nyct Paygo","2.9","posted","Train","Transportation","false","","regular","Secondary CC","7291","","false"
"2024-05-30","Nyct Paygo","2.9","posted","Train","Transportation","false","","regular","Secondary CC","7291","","false"
"2024-05-31","Uber","11.42","posted","Uber","Transportation","false","","regular","Secondary CC","7291","","false"
"2024-05-31","Nyct Paygo","3","posted","Train","Transportation","false","","regular","Primary CC","4832","","false"
"2024-05-31","Nyct Paygo","3","posted","Train","Transportation","false","","regular","Secondary CC","7291","","false"
"2024-05-31","Other Restaurant","49.91","posted","Restaurants","Food & Drink","false","","regular","Venmo","9012","","false"
"2024-06-01","Sweetgreen","9.12","posted","Fast Food","Food & Drink","false","","regular","Primary CC","4832","","false"
"2024-06-01","Rent Payment","1325","posted","Rent","Housing","false","","regular","Checking","3456","","true"
"2024-06-01","Nyct Paygo","2.9","posted","Train","Transportation","false","","regular","Secondary CC","7291","","false"
"2024-06-01","Misc Purchase","17.95","posted","Other","Other","false","","regular","Secondary CC","7291","","false"
"2024-06-01","Interest Payment","-3.64","posted","Interest","Income","true","","income","Savings","6789","","true"
"2024-06-02","Amazon","37.24","posted","Other","Other","false","","regular","Primary CC","4832","","false"
"2024-06-02","Other Grocery","21.22","posted","Groceries","Food & Drink","false","","regular","Debit","3456","","false"
"2024-06-02","Nyct Paygo","2.9","posted","Train","Transportation","false","","regular","Secondary CC","7291","","false"
"2024-06-02","Nyct Paygo","2.9","posted","Train","Transportation","false","","regular","Secondary CC","7291","","false"
"2024-06-02","Other Entertainment","8.97","posted","Entertainment","Entertainment","false","","regular","Primary CC","4832","","false"
"2024-06-03","Other Café","7.6","posted","Cafés","Food & Drink","false","","regular","Primary CC","4832","","false"
"2024-06-03","Nyct Paygo","3","posted","Train","Transportation","false","","regular","Secondary CC","7291","","false"
"2024-06-03","Other Merchant","5.63","posted","Other","Other","false","","regular","Debit","3456","","false"
"2024-06-03","Metropolitan Tra","2.9","posted","Train","Transportation","false","","regular","Secondary CC","7291","","false"
"2024-06-03","Nyct Paygo","2.9","posted","Train","Transportation","false","","regular","Secondary CC","7291","","false"
"2024-06-04","Nyct Paygo","2.9","posted","Train","Transportation","false","","regular","Secondary CC","7291","","false"
"2024-06-04","Nyct Paygo","3","posted","Train","Transportation","false","","regular","Secondary CC","7291","","false"
"2024-06-04","Nyct Paygo","3","posted","Train","Transportation","false","","regular","Secondary CC","7291","","false"
"2024-06-04","Other Bar","29.32","posted","Bars","Food & Drink","false","","regular","Venmo","9012","","false"
"2024-06-05","Food Bazaar","40.19","posted","Groceries","Food & Drink","false","","regular","Secondary CC","7291","","false"
"2024-06-05","Other Restaurant","29.27","posted","Restaurants","Food & Drink","false","","regular","Primary CC","4832","","false"
"2024-06-05","Nyct Paygo","2.9","posted","Train","Transportation","false","","regular","Secondary CC","7291","","false"
"2024-06-05","Walgreens","10.51","posted","Other","Other","false","","regular","Primary CC","4832","","false"
"2024-06-06","Food Bazaar","25.79","posted","Groceries","Food & Drink","false","","regular","Primary CC","4832","","false"
"2024-06-06","Union Pool","31.59","posted","Bars","Food & Drink","false","","regular","Primary CC","4832","","false"
"2024-06-06","Nyct Paygo","3","posted","Train","Transportation","false","","regular","Secondary CC","7291","","false"
"2024-06-07","Nyct Paygo","2.9","posted","Train","Transportation","false","","regular","Secondary CC","7291","","false"
"2024-06-07","Amazon","121.17","posted","Shops","Shopping","false","","regular","Primary CC","4832","","false"
"2024-06-07","Land To Sea","4.57","posted","Cafés","Food & Drink","false","","regular","Debit","3456","","false"
"2024-06-07","Nyct Paygo","2.9","posted","Train","Transportation","false","","regular","Secondary CC","7291","","false"
"2024-06-07","Whole Foods","40.93","posted","Groceries","Food & Drink","false","","regular","Primary CC","4832","","false"
"2024-06-07","Nyct Paygo","2.9","posted","Train","Transportation","false","","regular","Secondary CC","7291","","false"
"2024-06-08","Nyct Paygo","2.9","posted","Train","Transportation","false","","regular","Secondary CC","7291","","false"
"2024-06-08","Mta*Nyct Paygo","2.9","posted","Train","Transportation","false","","regular","Primary CC","4832","","false"
"2024-06-08","Walgreens","9.2","posted","Other","Other","false","","regular","Primary CC","4832","","false"
"2024-06-08","Nyct Paygo","3","posted","Train","Transportation","false","","regular","Secondary CC","7291","","false"
"2024-06-08","Land To Sea","4.92","posted","Cafés","Food & Drink","false","","regular","Primary CC","4832","","false"
"2024-06-08","Nail Salon","39.36","posted","Nails","Personal Care","false","","regular","Primary CC","4832","","false"
"2024-06-09","Symbioun Payroll","-2551.51","posted","Payroll","Income","true","","income","Checking","3456","","true"
"2024-06-09","Nyct Paygo","3","posted","Train","Transportation","false","","regular","Secondary CC","7291","","false"
"2024-06-09","Key Food","18.21","posted","Groceries","Food & Drink","false","","regular","Secondary CC","7291","","false"
"2024-06-09","Nyct Paygo","2.9","posted","Train","Transportation","false","","regular","Secondary CC","7291","","false"
"2024-06-09","Other Bar","23.33","posted","Bars","Food & Drink","false","","regular","Venmo","9012","","false"
"2024-06-10","Nyct Paygo","2.9","posted","Train","Transportation","false","","regular","Secondary CC","7291","","false"
"2024-06-11","Nyct Paygo","3","posted","Train","Transportation","false","","regular","Secondary CC","7291","","false"
"2024-06-11","Other Fast Food","13.81","posted","Fast Food","Food & Drink","false","","regular","Primary CC","4832","","false"
"2024-06-11","Nyct Paygo","2.9","posted","Train","Transportation","false","","regular","Secondary CC","7291","","false"
"2024-06-11","Nyct Paygo","2.9","posted","Train","Transportation","false","","regular","Secondary CC","7291","","false"
"2024-06-11","Shake Shack","10.99","posted","Fast Food","Food & Drink","false","","regular","Primary CC","4832","","false"
"2024-06-11","Joe Coffee","8.64","posted","Cafés","Food & Drink","false","","regular","Primary CC","4832","","false"
"2024-06-11","Sweetleaf","3.1","posted","Cafés","Food & Drink","false","","regular","Secondary CC","7291","","false"
"2024-06-11","Whole Foods","8.12","posted","Groceries","Food & Drink","false","","regular","Primary CC","4832","","false"
"2024-06-11","Target","48.86","posted","Shops","Shopping","false","","regular","Secondary CC","7291","","false"
"2024-06-11","Keep The Change Transfer","-0.18","posted","Savings","Transfer","true","","internal transfer","Checking","3456","","false"
"2024-06-12","Venmo Cashout","100.75","posted","Transfer","Transfer","true","","internal transfer","Checking","3456","","false"
"2024-06-12","Key Food","32.12","posted","Groceries","Food & Drink","false","","regular","Secondary CC","7291","","false"
"2024-06-12","Square Payroll","-383.95","posted","Side Income","Income","true","","income","Checking","3456","","true"
"2024-06-12","Nyct Paygo","2.9","posted","Train","Transportation","false","","regular","Primary CC","4832","","false"
"2024-06-12","Other Bar","8.84","posted","Bars","Food & Drink","false","","regular","Secondary CC","7291","","false"
"2024-06-13","Nyct Paygo","2.9","posted","Train","Transportation","false","","regular","Secondary CC","7291","","false"
"2024-06-13","Nyct Paygo","3","posted","Train","Transportation","false","","regular","Primary CC","4832","","false"
"2024-06-13","Venmo Cashout","98.99","posted","Transfer","Transfer","true","","internal transfer","Checking","3456","","false"
"2024-06-13","Nyct Paygo","2.9","posted","Train","Transportation","false","","regular","Primary CC","4832","","false"
"2024-06-13","Conductor Inc Deposit","-815.56","posted","Side Income","Income","true","","income","Checking","3456","","false"
"2024-06-13","Cleaners","8.5","posted","Laundry","Personal Care","false","","regular","Debit","3456","","false"
"2024-06-13","Nyct Paygo","2.9","posted","Train","Transportation","false","","regular","Secondary CC","7291","","false"
"2024-06-13","Nyct Paygo","2.9","posted","Train","Transportation","false","","regular","Secondary CC","7291","","false"
"2024-06-14","Duane Reade","26.79","posted","Other","Other","false","","regular","Primary CC","4832","","false"
"2024-06-14","Keep The Change Transfer","-0.27","posted","Savings","Transfer","true","","internal transfer","Checking","3456","","false"
"2024-06-14","Other Café","12.39","posted","Cafés","Food & Drink","false","","regular","Primary CC","4832","","false"
"2024-06-14","Metropolitan Tra","2.9","posted","Train","Transportation","false","","regular","Secondary CC","7291","","false"
"2024-06-15","Trader Joe's","27.35","posted","Groceries","Food & Drink","false","","regular","Secondary CC","7291","","false"
"2024-06-15","Nyct Paygo","2.9","posted","Train","Transportation","false","","regular","Secondary CC","7291","","false"
"2024-06-15","The Levee","29.48","posted","Bars","Food & Drink","false","","regular","Venmo","9012","","false"
"2024-06-15","Nyct Paygo","2.9","posted","Train","Transportation","false","","regular","Secondary CC","7291","","false"
"2024-06-15","Other Restaurant","91.21","posted","Restaurants","Food & Drink","false","","regular","Primary CC","4832","","false"
"2024-06-15","Mta*Nyct Paygo","2.9","posted","Train","Transportation","false","","regular","Secondary CC","7291","","false"
"2024-06-15","Mint Mobile","15","posted","Phone","Utilities","false","","regular","Primary CC","4832","","false"
"2024-06-16","Nyct Paygo","2.9","posted","Train","Transportation","false","","regular","Secondary CC","7291","","false"
"2024-06-16","Other Nails","57.94","posted","Nails","Personal Care","false","","regular","Primary CC","4832","","false"
"2024-06-16","Other Merchant","30.01","posted","Other","Other","false","","regular","Secondary CC","7291","","false"
"2024-06-16","Thai Villa","30.24","posted","Restaurants","Food & Drink","false","","regular","Secondary CC","7291","","false"
"2024-06-16","Mta*Nyct Paygo","2.9","posted","Train","Transportation","false","","regular","Secondary CC","7291","","false"
"2024-06-17","Starbucks","3.71","posted","Cafés","Food & Drink","false","","regular","Primary CC","4832","","false"
"2024-06-17","Nyct Paygo","2.9","posted","Train","Transportation","false","","regular","Secondary CC","7291","","false"
"2024-06-17","Other Entertainment","11.32","posted","Entertainment","Entertainment","false","","regular","Secondary CC","7291","","false"
"2024-06-17","Mta*Nyct Paygo","3","posted","Train","Transportation","false","","regular","Secondary CC","7291","","false"
"2024-06-17","Mta*Nyct Paygo","3","posted","Train","Transportation","false","","regular","Secondary CC","7291","","false"
"2024-06-17","Whole Foods","23.12","posted","Groceries","Food & Drink","false","","regular","Secondary CC","7291","","false"
"2024-06-17","Nyct Paygo","2.9","posted","Train","Transportation","false","","regular","Secondary CC","7291","","false"
"2024-06-17","Nyct Paygo","2.9","posted","Train","Transportation","false","","regular","Secondary CC","7291","","false"
"2024-06-18","Nyct Paygo","2.9","posted","Train","Transportation","false","","regular","Secondary CC","7291","","false"
"2024-06-18","Other Merchant","16.08","posted","Other","Other","false","","regular","Primary CC","4832","","false"
"2024-06-18","Nyct Paygo","2.9","posted","Train","Transportation","false","","regular","Secondary CC","7291","","false"
"2024-06-18","Celsious","15","posted","Laundry","Personal Care","false","","regular","Primary CC","4832","","false"
"2024-06-18","Apple.com/bill","6.99","posted","Subscriptions","Entertainment","false","","regular","Primary CC","4832","","true"
"2024-06-18","CVS","20.77","posted","Pharmacy","Health","false","","regular","Secondary CC","7291","","false"
"2024-06-18","Nyct Paygo","3","posted","Train","Transportation","false","","regular","Secondary CC","7291","","false"
"2024-06-18","Nyct Paygo","2.9","posted","Train","Transportation","false","","regular","Secondary CC","7291","","false"
"2024-06-19","Nyct Paygo","2.9","posted","Train","Transportation","false","","regular","Secondary CC","7291","","false"
"2024-06-19","Joe Coffee","5.26","posted","Cafés","Food & Drink","false","","regular","Primary CC","4832","","false"
"2024-06-19","Shake Shack","11.05","posted","Fast Food","Food & Drink","false","","regular","Secondary CC","7291","","false"
"2024-06-19","Nyct Paygo","2.9","posted","Train","Transportation","false","","regular","Secondary CC","7291","","false"
"2024-06-19","Keep The Change Transfer","-0.9","posted","Savings","Transfer","true","","internal transfer","Checking","3456","","false"
"2024-06-20","Mta*Nyct Paygo","2.9","posted","Train","Transportation","false","","regular","Secondary CC","7291","","false"
"2024-06-20","Other Entertainment","26","posted","Entertainment","Entertainment","false","","regular","Primary CC","4832","","false"
"2024-06-20","Trader Joe's","19.04","posted","Groceries","Food & Drink","false","","regular","Secondary CC","7291","","false"
"2024-06-20","Devocion","6.58","posted","Cafés","Food & Drink","false","","regular","Primary CC","4832","","false"
"2024-06-20","Lark Cafe","-203.98","posted","Tips","Income","true","","income","Checking","3456","","false"
"2024-06-21","Other Bar","16.74","posted","Bars","Food & Drink","false","","regular","Venmo","9012","","false"
"2024-06-21","Café Regular","12.38","posted","Cafés","Food & Drink","false","","regular","Primary CC","4832","","false"
"2024-06-21","Con Edison","54.86","posted","Gas & Electric","Utilities","false","","regular","Primary CC","4832","","false"
"2024-06-21","Shake Shack","18.27","posted","Fast Food","Food & Drink","false","","regular","Primary CC","4832","","false"
"2024-06-21","Nyct Paygo","3","posted","Train","Transportation","false","","regular","Secondary CC","7291","","false"
"2024-06-22","Nyct Paygo","2.9","posted","Train","Transportation","false","","regular","Secondary CC","7291","","false"
"2024-06-22","Food Bazaar","16.58","posted","Groceries","Food & Drink","false","","regular","Primary CC","4832","","false"
"2024-06-22","Other Café","7.53","posted","Cafés","Food & Drink","false","","regular","Primary CC","4832","","false"
"2024-06-22","Other Entertainment","57.11","posted","Entertainment","Entertainment","false","","regular","Primary CC","4832","","false"
"2024-06-23","Navient Student Loan","280","posted","Student Loan","Debt","false","","regular","Checking","3456","","true"
"2024-06-23","Symbioun Payroll","-2554.61","posted","Payroll","Income","true","","income","Checking","3456","","true"
"2024-06-24","Nyct Paygo","3","posted","Train","Transportation","false","","regular","Secondary CC","7291","","false"
"2024-06-24","Nyct Paygo","2.9","posted","Train","Transportation","false","","regular","Secondary CC","7291","","false"
"2024-06-24","Other Restaurant","45.58","posted","Restaurants","Food & Drink","false","","regular","Venmo","9012","","false"
"2024-06-24","Whole Foods","42.6","posted","Groceries","Food & Drink","false","","regular","Secondary CC","7291","","false"
"2024-06-24","Nyct Paygo","2.9","posted","Train","Transportation","false","","regular","Primary CC","4832","","false"
"2024-06-24","Nyct Paygo","3","posted","Train","Transportation","false","","regular","Secondary CC","7291","","false"
"2024-06-24","Other Merchant","23.69","posted","Other","Other","false","","regular","Debit","3456","","false"
"2024-06-25","Nyct Paygo","2.9","posted","Train","Transportation","false","","regular","Primary CC","4832","","false"
"2024-06-25","Blue Bottle","15.38","posted","Cafés","Food & Drink","false","","regular","Primary CC","4832","","false"
"2024-06-25","Nyct Paygo","3","posted","Train","Transportation","false","","regular","Secondary CC","7291","","false"
"2024-06-25","Shake Shack","12.4","posted","Fast Food","Food & Drink","false","","regular","Primary CC","4832","","false"
"2024-06-26","Nyct Paygo","2.9","posted","Train","Transportation","false","","regular","Secondary CC","7291","","false"
"2024-06-26","Metropolitan Tra","2.9","posted","Train","Transportation","false","","regular","Secondary CC","7291","","false"
"2024-06-26","Square Payroll","-413.94","posted","Side Income","Income","true","","income","Checking","3456","","true"
"2024-06-26","Nyct Paygo","2.9","posted","Train","Transportation","false","","regular","Secondary CC","7291","","false"
"2024-06-26","Nyct Paygo","2.9","posted","Train","Transportation","false","","regular","Secondary CC","7291","","false"
"2024-06-26","Nyct Paygo","2.9","posted","Train","Transportation","false","","regular","Secondary CC","7291","","false"
"2024-06-27","Sweetgreen","13.45","posted","Fast Food","Food & Drink","false","","regular","Secondary CC","7291","","false"
"2024-06-27","Lark Cafe","-111.64","posted","Tips","Income","true","","income","Checking","3456","","false"
"2024-06-27","Other Café","6.03","posted","Cafés","Food & Drink","false","","regular","Secondary CC","7291","","false"
"2024-06-28","Nyct Paygo","2.9","posted","Train","Transportation","false","","regular","Secondary CC","7291","","false"
"2024-06-28","Credit Card Payment","-1219.76","posted","Credit Card Payment","Transfer","true","","internal transfer","Checking","3456","","true"
"2024-06-28","Nyct Paygo","3","posted","Train","Transportation","false","","regular","Secondary CC","7291","","false"
"2024-06-28","Other Restaurant","37.86","posted","Restaurants","Food & Drink","false","","regular","Primary CC","4832","","false"
"2024-06-29","Mta*Nyct Paygo","2.9","posted","Train","Transportation","false","","regular","Secondary CC","7291","","false"
"2024-06-30","Nyct Paygo","3","posted","Train","Transportation","false","","regular","Secondary CC","7291","","false"
"2024-06-30","Sushi Katsuei","40.71","posted","Restaurants","Food & Drink","false","","regular","Primary CC","4832","","false"
"2024-06-30","Other Entertainment","27.44","posted","Entertainment","Entertainment","false","","regular","Secondary CC","7291","","false"
"2024-07-01","Nyct Paygo","2.9","posted","Train","Transportation","false","","regular","Secondary CC","7291","","false"
"2024-07-01","Nyct Paygo","2.9","posted","Train","Transportation","false","","regular","Secondary CC","7291","","false"
"2024-07-01","Rent Payment","1325","posted","Rent","Housing","false","","regular","Checking","3456","","true"
"2024-07-01","Nyct Paygo","2.9","posted","Train","Transportation","false","","regular","Secondary CC","7291","","false"
"2024-07-01","Interest Payment","-5","posted","Interest","Income","true","","income","Savings","6789","","true"
"2024-07-01","Nyct Paygo","2.9","posted","Train","Transportation","false","","regular","Secondary CC","7291","","false"
"2024-07-01","Other Café","7.87","posted","Cafés","Food & Drink","false","","regular","Secondary CC","7291","","false"
"2024-07-02","Netflix","12.31","posted","Entertainment","Entertainment","false","","regular","Primary CC","4832","","false"
"2024-07-02","Nyct Paygo","2.9","posted","Train","Transportation","false","","regular","Secondary CC","7291","","false"
"2024-07-02","Mta*Nyct Paygo","3","posted","Train","Transportation","false","","regular","Secondary CC","7291","","false"
"2024-07-02","Nyct Paygo","2.9","posted","Train","Transportation","false","","regular","Secondary CC","7291","","false"
"2024-07-02","Key Food","9.23","posted","Groceries","Food & Drink","false","","regular","Debit","3456","","false"
"2024-07-02","Nyct Paygo","3","posted","Train","Transportation","false","","regular","Secondary CC","7291","","false"
"2024-07-02","Other Café","8.57","posted","Cafés","Food & Drink","false","","regular","Primary CC","4832","","false"
"2024-07-02","Nyct Paygo","2.9","posted","Train","Transportation","false","","regular","Secondary CC","7291","","false"
"2024-07-03","Nyct Paygo","3","posted","Train","Transportation","false","","regular","Secondary CC","7291","","false"
"2024-07-03","Food Bazaar","30.75","posted","Groceries","Food & Drink","false","","regular","Secondary CC","7291","","false"
"2024-07-03","Trader Joe's","13.5","posted","Groceries","Food & Drink","false","","regular","Secondary CC","7291","","false"
"2024-07-03","Mta*Nyct Paygo","2.9","posted","Train","Transportation","false","","regular","Secondary CC","7291","","false"
"2024-07-03","Metropolitan Tra","2.9","posted","Train","Transportation","false","","regular","Secondary CC","7291","","false"
"2024-07-03","Nyct Paygo","2.9","posted","Train","Transportation","false","","regular","Secondary CC","7291","","false"
"2024-07-04","Nyct Paygo","2.9","posted","Train","Transportation","false","","regular","Secondary CC","7291","","false"
"2024-07-04","Nyct Paygo","2.9","posted","Train","Transportation","false","","regular","Secondary CC","7291","","false"
"2024-07-04","Nyct Paygo","2.9","posted","Train","Transportation","false","","regular","Secondary CC","7291","","false"
"2024-07-04","Whole Foods","17.01","posted","Groceries","Food & Drink","false","","regular","Primary CC","4832","","false"
"2024-07-05","Trader Joe's","9.5","posted","Groceries","Food & Drink","false","","regular","Primary CC","4832","","false"
"2024-07-05","Key Food","26.15","posted","Groceries","Food & Drink","false","","regular","Primary CC","4832","","false"
"2024-07-05","Mta*Nyct Paygo","3","posted","Train","Transportation","false","","regular","Secondary CC","7291","","false"
"2024-07-05","Lark Cafe","-203.86","posted","Tips","Income","true","","income","Checking","3456","","false"
"2024-07-05","Metropolitan Tra","2.9","posted","Train","Transportation","false","","regular","Secondary CC","7291","","false"
"2024-07-05","McDonald's","12.91","posted","Fast Food","Food & Drink","false","","regular","Primary CC","4832","","false"
"2024-07-06","Spectrum","49.99","posted","Internet","Utilities","false","","regular","Checking","3456","","false"
"2024-07-06","Other Restaurant","91.34","posted","Restaurants","Food & Drink","false","","regular","Primary CC","4832","","false"
"2024-07-06","Target","12.14","posted","Groceries","Food & Drink","false","","regular","Debit","3456","","false"
"2024-07-06","Nyct Paygo","2.9","posted","Train","Transportation","false","","regular","Secondary CC","7291","","false"
"2024-07-07","Symbioun Payroll","-2556.72","posted","Payroll","Income","true","","income","Checking","3456","","true"
"2024-07-07","Rite Aid","34.93","posted","Pharmacy","Health","false","","regular","Primary CC","4832","","false"
"2024-07-07","Other Merchant","3","posted","Other","Other","false","","regular","Primary CC","4832","","false"
"2024-07-08","Chipotle","6.98","posted","Fast Food","Food & Drink","false","","regular","Primary CC","4832","","false"
"2024-07-08","Nyct Paygo","2.9","posted","Train","Transportation","false","","regular","Secondary CC","7291","","false"
"2024-07-08","Other Merchant","16.36","posted","Other","Other","false","","regular","Primary CC","4832","","false"
"2024-07-08","Sweetgreen","11.95","posted","Fast Food","Food & Drink","false","","regular","Primary CC","4832","","false"
"2024-07-09","Metropolitan Tra","3","posted","Train","Transportation","false","","regular","Secondary CC","7291","","false"
"2024-07-09","Nyct Paygo","2.9","posted","Train","Transportation","false","","regular","Secondary CC","7291","","false"
"2024-07-09","Partners Coffee","6.24","posted","Cafés","Food & Drink","false","","regular","Secondary CC","7291","","false"
"2024-07-09","Devocion","8.64","posted","Cafés","Food & Drink","false","","regular","Primary CC","4832","","false"
"2024-07-10","Other Clothing","39.47","posted","Clothing","Shopping","false","","regular","Primary CC","4832","","false"
"2024-07-10","Nyct Paygo","3","posted","Train","Transportation","false","","regular","Secondary CC","7291","","false"
"2024-07-10","Square Payroll","-397.5","posted","Side Income","Income","true","","income","Checking","3456","","true"
"2024-07-10","Land To Sea","8.66","posted","Cafés","Food & Drink","false","","regular","Primary CC","4832","","false"
"2024-07-10","Blue Bottle","3.56","posted","Cafés","Food & Drink","false","","regular","Primary CC","4832","","false"
"2024-07-11","Nyct Paygo","2.9","posted","Train","Transportation","false","","regular","Primary CC","4832","","false"
"2024-07-11","Nyct Paygo","2.9","posted","Train","Transportation","false","","regular","Secondary CC","7291","","false"
"2024-07-11","Keep The Change Transfer","-0.9","posted","Savings","Transfer","true","","internal transfer","Checking","3456","","false"
"2024-07-11","Nyct Paygo","3","posted","Train","Transportation","false","","regular","Secondary CC","7291","","false"
"2024-07-11","Nyct Paygo","2.9","posted","Train","Transportation","false","","regular","Secondary CC","7291","","false"
"2024-07-11","Mta*Nyct Paygo","3","posted","Train","Transportation","false","","regular","Secondary CC","7291","","false"
"2024-07-12","Cleaners","20","posted","Laundry","Personal Care","false","","regular","Debit","3456","","false"
"2024-07-13","C-Town","24.32","posted","Groceries","Food & Drink","false","","regular","Secondary CC","7291","","false"
"2024-07-13","Conductor Inc Deposit","-773.58","posted","Side Income","Income","true","","income","Checking","3456","","false"
"2024-07-13","Costco","16.33","posted","Groceries","Food & Drink","false","","regular","Primary CC","4832","","false"
"2024-07-13","Nyct Paygo","2.9","posted","Train","Transportation","false","","regular","Secondary CC","7291","","false"
"2024-07-14","Land To Sea","15.74","posted","Cafés","Food & Drink","false","","regular","Primary CC","4832","","false"
"2024-07-14","Other Clothing","26","posted","Clothing","Shopping","false","","regular","Secondary CC","7291","","false"
"2024-07-14","Whole Foods","79.09","posted","Groceries","Food & Drink","false","","regular","Secondary CC","7291","","false"
"2024-07-15","Other Grocery","34.56","posted","Groceries","Food & Drink","false","","regular","Secondary CC","7291","","false"
"2024-07-15","Mta*Nyct Paygo","2.9","posted","Train","Transportation","false","","regular","Secondary CC","7291","","false"
"2024-07-15","Nyct Paygo","3","posted","Train","Transportation","false","","regular","Secondary CC","7291","","false"
"2024-07-15","Amazon","9.62","posted","Other","Other","false","","regular","Primary CC","4832","","false"
"2024-07-16","Other Bar","40.1","posted","Bars","Food & Drink","false","","regular","Secondary CC","7291","","false"
"2024-07-16","Nyct Paygo","2.9","posted","Train","Transportation","false","","regular","Secondary CC","7291","","false"
"2024-07-16","Nyct Paygo","2.9","posted","Train","Transportation","false","","regular","Secondary CC","7291","","false"
"2024-07-16","Trader Joe's","68.96","posted","Groceries","Food & Drink","false","","regular","Primary CC","4832","","false"
"2024-07-16","Mta*Nyct Paygo","3","posted","Train","Transportation","false","","regular","Secondary CC","7291","","false"
"2024-07-16","Other Bar","37.2","posted","Bars","Food & Drink","false","","regular","Secondary CC","7291","","false"
"2024-07-16","Mta*Nyct Paygo","2.9","posted","Train","Transportation","false","","regular","Secondary CC","7291","","false"
"2024-07-16","Nyct Paygo","2.9","posted","Train","Transportation","false","","regular","Secondary CC","7291","","false"
"2024-07-17","Mta*Nyct Paygo","2.9","posted","Train","Transportation","false","","regular","Primary CC","4832","","false"
"2024-07-17","Nyct Paygo","2.9","posted","Train","Transportation","false","","regular","Secondary CC","7291","","false"
"2024-07-17","Nyct Paygo","2.9","posted","Train","Transportation","false","","regular","Secondary CC","7291","","false"
"2024-07-17","Other Restaurant","36.24","posted","Restaurants","Food & Drink","false","","regular","Primary CC","4832","","false"
"2024-07-18","Keep The Change Transfer","-0.4","posted","Savings","Transfer","true","","internal transfer","Checking","3456","","false"
"2024-07-18","Apple.com/bill","6.99","posted","Subscriptions","Entertainment","false","","regular","Primary CC","4832","","true"
"2024-07-18","Venmo Cashout","46.27","posted","Transfer","Transfer","true","","internal transfer","Checking","3456","","false"
"2024-07-18","Misc Purchase","14.13","posted","Other","Other","false","","regular","Secondary CC","7291","","false"
"2024-07-18","Starbucks","5.66","posted","Cafés","Food & Drink","false","","regular","Primary CC","4832","","false"
"2024-07-19","Metropolitan Tra","2.9","posted","Train","Transportation","false","","regular","Secondary CC","7291","","false"
"2024-07-19","Panera Bread","13.57","posted","Fast Food","Food & Drink","false","","regular","Secondary CC","7291","","false"
"2024-07-20","Nyct Paygo","2.9","posted","Train","Transportation","false","","regular","Secondary CC","7291","","false"
"2024-07-20","Chipotle","13.29","posted","Fast Food","Food & Drink","false","","regular","Primary CC","4832","","false"
"2024-07-20","Other Bar","14.26","posted","Bars","Food & Drink","false","","regular","Venmo","9012","","false"
"2024-07-20","Verizon Fios","69.99","posted","Internet","Utilities","false","","regular","Primary CC","4832","","false"
"2024-07-20","Skinny Dennis","20.9","posted","Bars","Food & Drink","false","","regular","Secondary CC","7291","","false"
"2024-07-20","Other Clothing","53.19","posted","Clothing","Shopping","false","","regular","Secondary CC","7291","","false"
"2024-07-20","Diner","12","posted","Restaurants","Food & Drink","false","","regular","Primary CC","4832","","false"
"2024-07-20","Partners Coffee","4.5","posted","Cafés","Food & Drink","false","","regular","Primary CC","4832","","false"
"2024-07-20","Paintbox","49.7","posted","Nails","Personal Care","false","","regular","Primary CC","4832","","false"
"2024-07-21","Nyct Paygo","2.9","posted","Train","Transportation","false","","regular","Secondary CC","7291","","false"
"2024-07-21","Misc Purchase","7.66","posted","Other","Other","false","","regular","Primary CC","4832","","false"
"2024-07-21","Symbioun Payroll","-2558.76","posted","Payroll","Income","true","","income","Checking","3456","","true"
"2024-07-21","Costco","27.55","posted","Groceries","Food & Drink","false","","regular","Secondary CC","7291","","false"
"2024-07-22","C-Town","22.12","posted","Groceries","Food & Drink","false","","regular","Secondary CC","7291","","false"
"2024-07-22","Mta*Nyct Paygo","2.9","posted","Train","Transportation","false","","regular","Secondary CC","7291","","false"
"2024-07-22","Nyct Paygo","2.9","posted","Train","Transportation","false","","regular","Secondary CC","7291","","false"
"2024-07-22","Other Grocery","19.71","posted","Groceries","Food & Drink","false","","regular","Primary CC","4832","","false"
"2024-07-22","Other Café","3.04","posted","Cafés","Food & Drink","false","","regular","Primary CC","4832","","false"
"2024-07-22","Nyct Paygo","2.9","posted","Train","Transportation","false","","regular","Secondary CC","7291","","false"
"2024-07-22","Venmo Cashout","91.85","posted","Transfer","Transfer","true","","internal transfer","Checking","3456","","false"
"2024-07-22","Starbucks","9.51","posted","Cafés","Food & Drink","false","","regular","Secondary CC","7291","","false"
"2024-07-23","Navient Student Loan","280","posted","Student Loan","Debt","false","","regular","Checking","3456","","true"
"2024-07-23","Nyct Paygo","2.9","posted","Train","Transportation","false","","regular","Secondary CC","7291","","false"
"2024-07-23","Other Restaurant","30.6","posted","Restaurants","Food & Drink","false","","regular","Secondary CC","7291","","false"
"2024-07-23","Nyct Paygo","2.9","posted","Train","Transportation","false","","regular","Secondary CC","7291","","false"
"2024-07-23","Other Restaurant","34.61","posted","Restaurants","Food & Drink","false","","regular","Secondary CC","7291","","false"
"2024-07-23","Nyct Paygo","2.9","posted","Train","Transportation","false","","regular","Secondary CC","7291","","false"
"2024-07-23","Panera Bread","10.74","posted","Fast Food","Food & Drink","false","","regular","Secondary CC","7291","","false"
"2024-07-23","Panera Bread","11.5","posted","Fast Food","Food & Drink","false","","regular","Primary CC","4832","","false"
"2024-07-24","Metropolitan Tra","2.9","posted","Train","Transportation","false","","regular","Secondary CC","7291","","false"
"2024-07-24","Square Payroll","-450.57","posted","Side Income","Income","true","","income","Checking","3456","","true"
"2024-07-24","Keep The Change Transfer","-0.77","posted","Savings","Transfer","true","","internal transfer","Checking","3456","","false"
"2024-07-24","Nyct Paygo","3","posted","Train","Transportation","false","","regular","Secondary CC","7291","","false"
"2024-07-24","Chick-Fil-A","8.59","posted","Fast Food","Food & Drink","false","","regular","Secondary CC","7291","","false"
"2024-07-25","Other Restaurant","24.77","posted","Restaurants","Food & Drink","false","","regular","Primary CC","4832","","false"
"2024-07-25","Nyct Paygo","2.9","posted","Train","Transportation","false","","regular","Secondary CC","7291","","false"
"2024-07-25","Nyct Paygo","2.9","posted","Train","Transportation","false","","regular","Secondary CC","7291","","false"
"2024-07-25","Other Nails","43.24","posted","Nails","Personal Care","false","","regular","Secondary CC","7291","","false"
"2024-07-25","Nyct Paygo","3","posted","Train","Transportation","false","","regular","Secondary CC","7291","","false"
"2024-07-25","Mta*Nyct Paygo","3","posted","Train","Transportation","false","","regular","Secondary CC","7291","","false"
"2024-07-26","Nyct Paygo","2.9","posted","Train","Transportation","false","","regular","Secondary CC","7291","","false"
"2024-07-26","Other Café","5.01","posted","Cafés","Food & Drink","false","","regular","Secondary CC","7291","","false"
"2024-07-26","Nyct Paygo","3","posted","Train","Transportation","false","","regular","Secondary CC","7291","","false"
"2024-07-27","Nyct Paygo","2.9","posted","Train","Transportation","false","","regular","Secondary CC","7291","","false"
"2024-07-28","Joe Coffee","4.33","posted","Cafés","Food & Drink","false","","regular","Primary CC","4832","","false"
"2024-07-28","Trader Joe's","39.68","posted","Groceries","Food & Drink","false","","regular","Primary CC","4832","","false"
"2024-07-28","Nyct Paygo","2.9","posted","Train","Transportation","false","","regular","Secondary CC","7291","","false"
"2024-07-28","Trader Joe's","60.03","posted","Groceries","Food & Drink","false","","regular","Secondary CC","7291","","false"
"2024-07-28","Misc Purchase","14.05","posted","Other","Other","false","","regular","Primary CC","4832","","false"
"2024-07-28","Credit Card Payment","-1042.45","posted","Credit Card Payment","Transfer","true","","internal transfer","Checking","3456","","true"
"2024-07-28","Lark Cafe","-168.04","posted","Tips","Income","true","","income","Checking","3456","","false"
"2024-07-29","Nyct Paygo","3","posted","Train","Transportation","false","","regular","Secondary CC","7291","","false"
"2024-07-29","Regal Cinema","52.25","posted","Entertainment","Entertainment","false","","regular","Primary CC","4832","","false"
"2024-07-29","Duane Reade","6.53","posted","Other","Other","false","","regular","Secondary CC","7291","","false"
"2024-07-29","Spectrum","49.99","posted","Internet","Utilities","false","","regular","Primary CC","4832","","false"
"2024-07-29","Nyct Paygo","2.9","posted","Train","Transportation","false","","regular","Primary CC","4832","","false"
"2024-07-29","Target","41.31","posted","Shops","Shopping","false","","regular","Primary CC","4832","","false"
"2024-07-29","Other Fast Food","10.51","posted","Fast Food","Food & Drink","false","","regular","Debit","3456","","false"
"2024-07-30","Other Café","5.5","posted","Cafés","Food & Drink","false","","regular","Primary CC","4832","","false"
"2024-07-30","Mta*Nyct Paygo","2.9","posted","Train","Transportation","false","","regular","Secondary CC","7291","","false"
"2024-07-31","Interest Payment","-3.78","posted","Interest","Income","true","","income","Savings","6789","","true"
"2024-07-31","Nyct Paygo","2.9","posted","Train","Transportation","false","","regular","Secondary CC","7291","","false"
"2024-07-31","Other Fast Food","10.66","posted","Fast Food","Food & Drink","false","","regular","Primary CC","4832","","false"
"2024-07-31","Devocion","4.85","posted","Cafés","Food & Drink","false","","regular","Primary CC","4832","","false"
"2024-08-01","Rent Payment","1325","posted","Rent","Housing","false","","regular","Checking","3456","","true"
"2024-08-01","Metropolitan Tra","2.9","posted","Train","Transportation","false","","regular","Secondary CC","7291","","false"
"2024-08-01","Nyct Paygo","2.9","posted","Train","Transportation","false","","regular","Primary CC","4832","","false"
"2024-08-01","Other Clothing","42.73","posted","Clothing","Shopping","false","","regular","Primary CC","4832","","false"
"2024-08-01","Target","33.09","posted","Groceries","Food & Drink","false","","regular","Primary CC","4832","","false"
"2024-08-02","Nyct Paygo","2.9","posted","Train","Transportation","false","","regular","Secondary CC","7291","","false"
"2024-08-02","Other Shop","38.58","posted","Shops","Shopping","false","","regular","Primary CC","4832","","false"
"2024-08-02","Five Guys","16.06","posted","Fast Food","Food & Drink","false","","regular","Primary CC","4832","","false"
"2024-08-03","Other Entertainment","38.31","posted","Entertainment","Entertainment","false","","regular","Debit","3456","","false"
"2024-08-03","The Levee","15.63","posted","Bars","Food & Drink","false","","regular","Venmo","9012","","false"
"2024-08-03","Other Grocery","7.4","posted","Groceries","Food & Drink","false","","regular","Debit","3456","","false"
"2024-08-03","Nyct Paygo","3","posted","Train","Transportation","false","","regular","Secondary CC","7291","","false"
"2024-08-03","Nyct Paygo","2.9","posted","Train","Transportation","false","","regular","Secondary CC","7291","","false"
"2024-08-04","Key Food","46.32","posted","Groceries","Food & Drink","false","","regular","Secondary CC","7291","","false"
"2024-08-04","Trader Joe's","25.51","posted","Groceries","Food & Drink","false","","regular","Primary CC","4832","","false"
"2024-08-04","Other Grocery","96.69","posted","Groceries","Food & Drink","false","","regular","Secondary CC","7291","","false"
"2024-08-04","Nyct Paygo","3","posted","Train","Transportation","false","","regular","Secondary CC","7291","","false"
"2024-08-04","Symbioun Payroll","-2507.69","posted","Payroll","Income","true","","income","Checking","3456","","true"
"2024-08-04","Other Fast Food","20.87","posted","Fast Food","Food & Drink","false","","regular","Primary CC","4832","","false"
"2024-08-05","Amazon","105.28","posted","Shops","Shopping","false","","regular","Primary CC","4832","","false"
"2024-08-05","Café Regular","3.33","posted","Cafés","Food & Drink","false","","regular","Secondary CC","7291","","false"
"2024-08-05","Amazon","5.29","posted","Other","Other","false","","regular","Secondary CC","7291","","false"
"2024-08-06","Con Edison","75.79","posted","Gas & Electric","Utilities","false","","regular","Primary CC","4832","","false"
"2024-08-06","Other Grocery","20.62","posted","Groceries","Food & Drink","false","","regular","Primary CC","4832","","false"
"2024-08-06","Nyct Paygo","2.9","posted","Train","Transportation","false","","regular","Secondary CC","7291","","false"
"2024-08-06","Other Bar","29.9","posted","Bars","Food & Drink","false","","regular","Secondary CC","7291","","false"
"2024-08-06","Partners Coffee","8.52","posted","Cafés","Food & Drink","false","","regular","Primary CC","4832","","false"
"2024-08-06","Metropolitan Tra","3","posted","Train","Transportation","false","","regular","Secondary CC","7291","","false"
"2024-08-07","Keep The Change Transfer","-0.16","posted","Savings","Transfer","true","","internal transfer","Checking","3456","","false"
"2024-08-07","Square Payroll","-436.98","posted","Side Income","Income","true","","income","Checking","3456","","true"
"2024-08-07","Nyct Paygo","2.9","posted","Train","Transportation","false","","regular","Secondary CC","7291","","false"
"2024-08-07","Other Restaurant","64.91","posted","Restaurants","Food & Drink","false","","regular","Primary CC","4832","","false"
"2024-08-07","Key Food","34.64","posted","Groceries","Food & Drink","false","","regular","Primary CC","4832","","false"
"2024-08-07","Nyct Paygo","2.9","posted","Train","Transportation","false","","regular","Secondary CC","7291","","false"
"2024-08-07","Mta*Nyct Paygo","2.9","posted","Train","Transportation","false","","regular","Secondary CC","7291","","false"
"2024-08-08","Nyct Paygo","3","posted","Train","Transportation","false","","regular","Secondary CC","7291","","false"
"2024-08-08","AMC Theatres","18.25","posted","Entertainment","Entertainment","false","","regular","Debit","3456","","false"
"2024-08-08","Nyct Paygo","2.9","posted","Train","Transportation","false","","regular","Secondary CC","7291","","false"
"2024-08-08","Nyct Paygo","3","posted","Train","Transportation","false","","regular","Secondary CC","7291","","false"
"2024-08-08","Nyct Paygo","3","posted","Train","Transportation","false","","regular","Secondary CC","7291","","false"
"2024-08-09","Sweetgreen","11.58","posted","Fast Food","Food & Drink","false","","regular","Primary CC","4832","","false"
"2024-08-10","Nyct Paygo","2.9","posted","Train","Transportation","false","","regular","Secondary CC","7291","","false"
"2024-08-10","Other Clothing","60.93","posted","Clothing","Shopping","false","","regular","Primary CC","4832","","false"
"2024-08-10","Other Restaurant","30.57","posted","Restaurants","Food & Drink","false","","regular","Primary CC","4832","","false"
"2024-08-10","Other Restaurant","17.04","posted","Restaurants","Food & Drink","false","","regular","Primary CC","4832","","false"
"2024-08-10","Sey Coffee","3.5","posted","Cafés","Food & Drink","false","","regular","Primary CC","4832","","false"
"2024-08-10","Mta*Nyct Paygo","2.9","posted","Train","Transportation","false","","regular","Primary CC","4832","","false"
"2024-08-11","Keep The Change Transfer","-0.52","posted","Savings","Transfer","true","","internal transfer","Checking","3456","","false"
"2024-08-11","Starbucks","4.2","posted","Cafés","Food & Drink","false","","regular","Primary CC","4832","","false"
"2024-08-11","Nyct Paygo","3","posted","Train","Transportation","false","","regular","Secondary CC","7291","","false"
"2024-08-11","Lyft","12.5","posted","Uber","Transportation","false","","regular","Debit","3456","","false"
"2024-08-11","Nyct Paygo","3","posted","Train","Transportation","false","","regular","Secondary CC","7291","","false"
"2024-08-11","Thai Villa","24.88","posted","Restaurants","Food & Drink","false","","regular","Primary CC","4832","","false"
"2024-08-11","Blue Bottle","10.17","posted","Cafés","Food & Drink","false","","regular","Secondary CC","7291","","false"
"2024-08-11","Keep The Change Transfer","-0.48","posted","Savings","Transfer","true","","internal transfer","Checking","3456","","false"
"2024-08-12","Conductor Inc Deposit","-750.98","posted","Side Income","Income","true","","income","Checking","3456","","false"
"2024-08-12","Mta*Nyct Paygo","2.9","posted","Train","Transportation","false","","regular","Secondary CC","7291","","false"
"2024-08-12","Nyct Paygo","3","posted","Train","Transportation","false","","regular","Secondary CC","7291","","false"
"2024-08-12","Nyct Paygo","2.9","posted","Train","Transportation","false","","regular","Secondary CC","7291","","false"
"2024-08-12","Nyct Paygo","2.9","posted","Train","Transportation","false","","regular","Primary CC","4832","","false"
"2024-08-12","Nyct Paygo","2.9","posted","Train","Transportation","false","","regular","Secondary CC","7291","","false"
"2024-08-12","Mta*Nyct Paygo","3","posted","Train","Transportation","false","","regular","Secondary CC","7291","","false"
"2024-08-13","Laundromat","12","posted","Laundry","Personal Care","false","","regular","Secondary CC","7291","","false"
"2024-08-13","Celsious","12","posted","Laundry","Personal Care","false","","regular","Primary CC","4832","","false"
"2024-08-13","Target","15.54","posted","Shops","Shopping","false","","regular","Secondary CC","7291","","false"
"2024-08-13","Other Entertainment","12.66","posted","Entertainment","Entertainment","false","","regular","Primary CC","4832","","false"
"2024-08-13","Other Café","3.91","posted","Cafés","Food & Drink","false","","regular","Debit","3456","","false"
"2024-08-14","Other Fast Food","11.8","posted","Fast Food","Food & Drink","false","","regular","Secondary CC","7291","","false"
"2024-08-14","Via","18.39","posted","Uber","Transportation","false","","regular","Secondary CC","7291","","false"
"2024-08-14","Nyct Paygo","3","posted","Train","Transportation","false","","regular","Secondary CC","7291","","false"
"2024-08-15","Nyct Paygo","2.9","posted","Train","Transportation","false","","regular","Secondary CC","7291","","false"
"2024-08-15","Nail Salon","46.82","posted","Nails","Personal Care","false","","regular","Debit","3456","","false"
"2024-08-15","Lyft","6.22","posted","Uber","Transportation","false","","regular","Secondary CC","7291","","false"
"2024-08-15","CVS","11.32","posted","Other","Other","false","","regular","Primary CC","4832","","false"
"2024-08-15","Mta*Nyct Paygo","2.9","posted","Train","Transportation","false","","regular","Secondary CC","7291","","false"
"2024-08-15","Café Regular","6.64","posted","Cafés","Food & Drink","false","","regular","Debit","3456","","false"
"2024-08-15","Mta*Nyct Paygo","2.9","posted","Train","Transportation","false","","regular","Secondary CC","7291","","false"
"2024-08-15","Nyct Paygo","2.9","posted","Train","Transportation","false","","regular","Secondary CC","7291","","false"
"2024-08-16","Subway","9.09","posted","Fast Food","Food & Drink","false","","regular","Primary CC","4832","","false"
"2024-08-16","Whole Foods","106.52","posted","Groceries","Food & Drink","false","","regular","Primary CC","4832","","false"
"2024-08-16","Nyct Paygo","2.9","posted","Train","Transportation","false","","regular","Secondary CC","7291","","false"
"2024-08-17","Other Café","2.99","posted","Cafés","Food & Drink","false","","regular","Secondary CC","7291","","false"
"2024-08-17","Trader Joe's","13.39","posted","Groceries","Food & Drink","false","","regular","Debit","3456","","false"
"2024-08-17","Apple.com/bill","6.99","posted","Subscriptions","Entertainment","false","","regular","Primary CC","4832","","true"
"2024-08-17","Other Entertainment","21.65","posted","Entertainment","Entertainment","false","","regular","Primary CC","4832","","false"
"2024-08-17","Blue Bottle","4.73","posted","Cafés","Food & Drink","false","","regular","Secondary CC","7291","","false"
"2024-08-17","Spotify","16.27","posted","Entertainment","Entertainment","false","","regular","Primary CC","4832","","false"
"2024-08-18","Mta*Nyct Paygo","2.9","posted","Train","Transportation","false","","regular","Secondary CC","7291","","false"
"2024-08-18","Other Merchant","12.21","posted","Other","Other","false","","regular","Secondary CC","7291","","false"
"2024-08-18","Symbioun Payroll","-2556.29","posted","Payroll","Income","true","","income","Checking","3456","","true"
"2024-08-18","Venmo Cashout","29.4","posted","Transfer","Transfer","true","","internal transfer","Checking","3456","","false"
"2024-08-18","Misc Purchase","7.38","posted","Other","Other","false","","regular","Primary CC","4832","","false"
"2024-08-19","Target","30.71","posted","Shops","Shopping","false","","regular","Secondary CC","7291","","false"
"2024-08-19","Nyct Paygo","2.9","posted","Train","Transportation","false","","regular","Primary CC","4832","","false"
"2024-08-19","Shake Shack","19.55","posted","Fast Food","Food & Drink","false","","regular","Secondary CC","7291","","false"
"2024-08-19","Five Guys","19.13","posted","Fast Food","Food & Drink","false","","regular","Primary CC","4832","","false"
"2024-08-19","Okonomi","63.36","posted","Restaurants","Food & Drink","false","","regular","Secondary CC","7291","","false"
"2024-08-20","Nyct Paygo","2.9","posted","Train","Transportation","false","","regular","Secondary CC","7291","","false"
"2024-08-20","Other Shop","63.53","posted","Shops","Shopping","false","","regular","Debit","3456","","false"
"2024-08-21","Square Payroll","-428.79","posted","Side Income","Income","true","","income","Checking","3456","","true"
"2024-08-21","Trader Joe's","67.35","posted","Groceries","Food & Drink","false","","regular","Primary CC","4832","","false"
"2024-08-21","Café Regular","5.42","posted","Cafés","Food & Drink","false","","regular","Primary CC","4832","","false"
"2024-08-21","Nyct Paygo","2.9","posted","Train","Transportation","false","","regular","Primary CC","4832","","false"
"2024-08-21","Chipotle","9.56","posted","Fast Food","Food & Drink","false","","regular","Secondary CC","7291","","false"
"2024-08-22","Nyct Paygo","2.9","posted","Train","Transportation","false","","regular","Secondary CC","7291","","false"
"2024-08-22","Venmo Cashout","92.44","posted","Transfer","Transfer","true","","internal transfer","Checking","3456","","false"
"2024-08-22","Mta*Nyct Paygo","2.9","posted","Train","Transportation","false","","regular","Primary CC","4832","","false"
"2024-08-22","Nyct Paygo","2.9","posted","Train","Transportation","false","","regular","Secondary CC","7291","","false"
"2024-08-22","Amazon","14.45","posted","Other","Other","false","","regular","Secondary CC","7291","","false"
"2024-08-22","Other Grocery","50.43","posted","Groceries","Food & Drink","false","","regular","Primary CC","4832","","false"
"2024-08-22","Nyct Paygo","3","posted","Train","Transportation","false","","regular","Secondary CC","7291","","false"
"2024-08-22","Nyct Paygo","2.9","posted","Train","Transportation","false","","regular","Secondary CC","7291","","false"
"2024-08-22","Navient Student Loan","280","posted","Student Loan","Debt","false","","regular","Checking","3456","","true"
"2024-08-22","Nyct Paygo","3","posted","Train","Transportation","false","","regular","Secondary CC","7291","","false"
"2024-08-23","Nyct Paygo","2.9","posted","Train","Transportation","false","","regular","Secondary CC","7291","","false"
"2024-08-23","Nyct Paygo","3","posted","Train","Transportation","false","","regular","Secondary CC","7291","","false"
"2024-08-23","Nyct Paygo","2.9","posted","Train","Transportation","false","","regular","Secondary CC","7291","","false"
"2024-08-23","Nyct Paygo","3","posted","Train","Transportation","false","","regular","Secondary CC","7291","","false"
"2024-08-24","Mta*Nyct Paygo","2.9","posted","Train","Transportation","false","","regular","Secondary CC","7291","","false"
"2024-08-24","Land To Sea","3.04","posted","Cafés","Food & Drink","false","","regular","Primary CC","4832","","false"
"2024-08-24","Celsious","8.5","posted","Laundry","Personal Care","false","","regular","Debit","3456","","false"
"2024-08-25","Other Fast Food","11.09","posted","Fast Food","Food & Drink","false","","regular","Primary CC","4832","","false"
"2024-08-25","Chipotle","6.54","posted","Fast Food","Food & Drink","false","","regular","Primary CC","4832","","false"
"2024-08-25","Uber","16.32","posted","Uber","Transportation","false","","regular","Primary CC","4832","","false"
"2024-08-25","Other Merchant","20.35","posted","Other","Other","false","","regular","Debit","3456","","false"
"2024-08-25","AMC Theatres","39.06","posted","Entertainment","Entertainment","false","","regular","Secondary CC","7291","","false"
"2024-08-25","Laundromat","15","posted","Laundry","Personal Care","false","","regular","Debit","3456","","false"
"2024-08-26","Other Entertainment","13.73","posted","Entertainment","Entertainment","false","","regular","Secondary CC","7291","","false"
"2024-08-26","C-Town","31.36","posted","Groceries","Food & Drink","false","","regular","Secondary CC","7291","","false"
"2024-08-26","Shake Shack","10","posted","Fast Food","Food & Drink","false","","regular","Primary CC","4832","","false"
"2024-08-26","Nyct Paygo","2.9","posted","Train","Transportation","false","","regular","Secondary CC","7291","","false"
"2024-08-27","Subway","11.83","posted","Fast Food","Food & Drink","false","","regular","Secondary CC","7291","","false"
"2024-08-27","Credit Card Payment","-1043.23","posted","Credit Card Payment","Transfer","true","","internal transfer","Checking","3456","","true"
"2024-08-27","Café Regular","13.48","posted","Cafés","Food & Drink","false","","regular","Debit","3456","","false"
"2024-08-27","Amazon","15.36","posted","Other","Other","false","","regular","Primary CC","4832","","false"
"2024-08-28","Other Café","6.64","posted","Cafés","Food & Drink","false","","regular","Primary CC","4832","","false"
"2024-08-28","Other Restaurant","23.94","posted","Restaurants","Food & Drink","false","","regular","Primary CC","4832","","false"
"2024-08-28","Lark Cafe","-217.99","posted","Tips","Income","true","","income","Checking","3456","","false"
"2024-08-28","Win Son","48.25","posted","Restaurants","Food & Drink","false","","regular","Primary CC","4832","","false"
"2024-08-28","Con Edison","114.77","posted","Gas & Electric","Utilities","false","","regular","Primary CC","4832","","false"
"2024-08-28","Lark Cafe","-70.91","posted","Tips","Income","true","","income","Checking","3456","","false"
"2024-08-29","Nyct Paygo","2.9","posted","Train","Transportation","false","","regular","Primary CC","4832","","false"
"2024-08-29","Mta*Nyct Paygo","3","posted","Train","Transportation","false","","regular","Secondary CC","7291","","false"
"2024-08-29","Land To Sea","6.04","posted","Cafés","Food & Drink","false","","regular","Debit","3456","","false"
"2024-08-29","Metropolitan Tra","3","posted","Train","Transportation","false","","regular","Secondary CC","7291","","false"
"2024-08-30","Key Food","21.64","posted","Groceries","Food & Drink","false","","regular","Secondary CC","7291","","false"
"2024-08-30","Metropolitan Tra","2.9","posted","Train","Transportation","false","","regular","Secondary CC","7291","","false"
"2024-08-30","Nyct Paygo","2.9","posted","Train","Transportation","false","","regular","Secondary CC","7291","","false"
"2024-08-30","Other Café","5.73","posted","Cafés","Food & Drink","false","","regular","Primary CC","4832","","false"
"2024-08-30","Interest Payment","-2.8","posted","Interest","Income","true","","income","Savings","6789","","true"
"2024-08-30","Nyct Paygo","3","posted","Train","Transportation","false","","regular","Secondary CC","7291","","false"
"2024-08-30","Nail Salon","25.75","posted","Nails","Personal Care","false","","regular","Primary CC","4832","","false"
"2024-08-31","Nyct Paygo","2.9","posted","Train","Transportation","false","","regular","Secondary CC","7291","","false"
"2024-08-31","Other Fast Food","15.95","posted","Fast Food","Food & Drink","false","","regular","Primary CC","4832","","false"
"2024-08-31","Sweetleaf","7.18","posted","Cafés","Food & Drink","false","","regular","Primary CC","4832","","false"
"2024-08-31","Mint Mobile","25","posted","Phone","Utilities","false","","regular","Primary CC","4832","","false"
"2024-09-01","Other Clothing","62.47","posted","Clothing","Shopping","false","","regular","Primary CC","4832","","false"
"2024-09-01","Symbioun Payroll","-2511.41","posted","Payroll","Income","true","","income","Checking","3456","","true"
"2024-09-01","Rent Payment","1325","posted","Rent","Housing","false","","regular","Checking","3456","","true"
"2024-09-01","Whole Foods","18.25","posted","Groceries","Food & Drink","false","","regular","Primary CC","4832","","false"
"2024-09-02","Other Merchant","5.47","posted","Other","Other","false","","regular","Secondary CC","7291","","false"
"2024-09-02","Skinny Dennis","15.82","posted","Bars","Food & Drink","false","","regular","Secondary CC","7291","","false"
"2024-09-02","Panera Bread","16.04","posted","Fast Food","Food & Drink","false","","regular","Secondary CC","7291","","false"
"2024-09-02","Walgreens","40.03","posted","Other","Other","false","","regular","Primary CC","4832","","false"
"2024-09-03","Nyct Paygo","2.9","posted","Train","Transportation","false","","regular","Secondary CC","7291","","false"
"2024-09-03","Keep The Change Transfer","-0.28","posted","Savings","Transfer","true","","internal transfer","Checking","3456","","false"
"2024-09-03","Nyct Paygo","3","posted","Train","Transportation","false","","regular","Secondary CC","7291","","false"
"2024-09-03","Mta*Nyct Paygo","2.9","posted","Train","Transportation","false","","regular","Secondary CC","7291","","false"
"2024-09-03","Sweetgreen","18.41","posted","Fast Food","Food & Drink","false","","regular","Secondary CC","7291","","false"
"2024-09-03","Devocion","3.92","posted","Cafés","Food & Drink","false","","regular","Secondary CC","7291","","false"
"2024-09-04","Square Payroll","-422.73","posted","Side Income","Income","true","","income","Checking","3456","","true"
"2024-09-04","Devocion","4.06","posted","Cafés","Food & Drink","false","","regular","Secondary CC","7291","","false"
"2024-09-04","Nail Salon","48.09","posted","Nails","Personal Care","false","","regular","Primary CC","4832","","false"
"2024-09-04","Lark Cafe","-122.08","posted","Tips","Income","true","","income","Checking","3456","","false"
"2024-09-04","Other Merchant","24.99","posted","Other","Other","false","","regular","Primary CC","4832","","false"
"2024-09-04","Other Grocery","144.7","posted","Groceries","Food & Drink","false","","regular","Primary CC","4832","","false"
"2024-09-04","Other Café","8.65","posted","Cafés","Food & Drink","false","","regular","Secondary CC","7291","","false"
"2024-09-04","Devocion","6.56","posted","Cafés","Food & Drink","false","","regular","Secondary CC","7291","","false"
"2024-09-05","Land To Sea","10.41","posted","Cafés","Food & Drink","false","","regular","Secondary CC","7291","","false"
"2024-09-05","Nyct Paygo","2.9","posted","Train","Transportation","false","","regular","Secondary CC","7291","","false"
"2024-09-05","Nyct Paygo","2.9","posted","Train","Transportation","false","","regular","Secondary CC","7291","","false"
"2024-09-05","Laundromat","12","posted","Laundry","Personal Care","false","","regular","Primary CC","4832","","false"
"2024-09-06","Other Café","5.93","posted","Cafés","Food & Drink","false","","regular","Secondary CC","7291","","false"
"2024-09-06","Nyct Paygo","2.9","posted","Train","Transportation","false","","regular","Secondary CC","7291","","false"
"2024-09-06","Café Regular","4.59","posted","Cafés","Food & Drink","false","","regular","Primary CC","4832","","false"
"2024-09-06","Nyct Paygo","3","posted","Train","Transportation","false","","regular","Secondary CC","7291","","false"
"2024-09-06","Nyct Paygo","3","posted","Train","Transportation","false","","regular","Secondary CC","7291","","false"
"2024-09-07","Metropolitan Tra","3","posted","Train","Transportation","false","","regular","Secondary CC","7291","","false"
"2024-09-07","Other Grocery","22.94","posted","Groceries","Food & Drink","false","","regular","Debit","3456","","false"
"2024-09-07","Other Entertainment","32.75","posted","Entertainment","Entertainment","false","","regular","Primary CC","4832","","false"
"2024-09-07","Nyct Paygo","3","posted","Train","Transportation","false","","regular","Secondary CC","7291","","false"
"2024-09-08","Thai Villa","49.62","posted","Restaurants","Food & Drink","false","","regular","Primary CC","4832","","false"
"2024-09-08","Other Restaurant","25.48","posted","Restaurants","Food & Drink","false","","regular","Primary CC","4832","","false"
"2024-09-08","Nail Salon","38.5","posted","Nails","Personal Care","false","","regular","Primary CC","4832","","false"
"2024-09-08","Nyct Paygo","3","posted","Train","Transportation","false","","regular","Secondary CC","7291","","false"
"2024-09-09","Metropolitan Tra","2.9","posted","Train","Transportation","false","","regular","Secondary CC","7291","","false"
"2024-09-09","Nyct Paygo","2.9","posted","Train","Transportation","false","","regular","Secondary CC","7291","","false"
"2024-09-09","Blue Bottle","6.41","posted","Cafés","Food & Drink","false","","regular","Primary CC","4832","","false"
"2024-09-10","Trader Joe's","51.37","posted","Groceries","Food & Drink","false","","regular","Secondary CC","7291","","false"
"2024-09-11","Misc Purchase","29.45","posted","Other","Other","false","","regular","Primary CC","4832","","false"
"2024-09-11","Conductor Inc Deposit","-736.62","posted","Side Income","Income","true","","income","Checking","3456","","false"
"2024-09-11","Nyct Paygo","2.9","posted","Train","Transportation","false","","regular","Secondary CC","7291","","false"
"2024-09-11","Blue Bottle","4.51","posted","Cafés","Food & Drink","false","","regular","Secondary CC","7291","","false"
"2024-09-11","Nyct Paygo","2.9","posted","Train","Transportation","false","","regular","Secondary CC","7291","","false"
"2024-09-11","CVS","14.15","posted","Pharmacy","Health","false","","regular","Primary CC","4832","","false"
"2024-09-11","Nyct Paygo","2.9","posted","Train","Transportation","false","","regular","Secondary CC","7291","","false"
"2024-09-11","Sey Coffee","9.21","posted","Cafés","Food & Drink","false","","regular","Secondary CC","7291","","false"
"2024-09-11","Mta*Nyct Paygo","3","posted","Train","Transportation","false","","regular","Secondary CC","7291","","false"
"2024-09-12","Mta*Nyct Paygo","2.9","posted","Train","Transportation","false","","regular","Secondary CC","7291","","false"
"2024-09-12","Other Café","10.15","posted","Cafés","Food & Drink","false","","regular","Secondary CC","7291","","false"
"2024-09-12","Keep The Change Transfer","-0.28","posted","Savings","Transfer","true","","internal transfer","Checking","3456","","false"
"2024-09-12","Blue Bottle","9.68","posted","Cafés","Food & Drink","false","","regular","Primary CC","4832","","false"
"2024-09-13","Sweetgreen","23.23","posted","Fast Food","Food & Drink","false","","regular","Secondary CC","7291","","false"
"2024-09-13","Nyct Paygo","2.9","posted","Train","Transportation","false","","regular","Secondary CC","7291","","false"
"2024-09-13","Nyct Paygo","3","posted","Train","Transportation","false","","regular","Secondary CC","7291","","false"
"2024-09-13","Nyct Paygo","2.9","posted","Train","Transportation","false","","regular","Secondary CC","7291","","false"
"2024-09-13","Nyct Paygo","2.9","posted","Train","Transportation","false","","regular","Secondary CC","7291","","false"
"2024-09-13","Keep The Change Transfer","-0.59","posted","Savings","Transfer","true","","internal transfer","Checking","3456","","false"
"2024-09-13","Venmo Cashout","41.78","posted","Transfer","Transfer","true","","internal transfer","Checking","3456","","false"
"2024-09-14","Nyct Paygo","2.9","posted","Train","Transportation","false","","regular","Secondary CC","7291","","false"
"2024-09-15","Starbucks","3.46","posted","Cafés","Food & Drink","false","","regular","Primary CC","4832","","false"
"2024-09-15","Nyct Paygo","2.9","posted","Train","Transportation","false","","regular","Secondary CC","7291","","false"
"2024-09-15","Symbioun Payroll","-2570.64","posted","Payroll","Income","true","","income","Checking","3456","","true"
"2024-09-15","Mta*Nyct Paygo","2.9","posted","Train","Transportation","false","","regular","Secondary CC","7291","","false"
"2024-09-15","Chipotle","24.33","posted","Fast Food","Food & Drink","false","","regular","Primary CC","4832","","false"
"2024-09-15","Metropolitan Tra","2.9","posted","Train","Transportation","false","","regular","Secondary CC","7291","","false"
"2024-09-16","Nyct Paygo","2.9","posted","Train","Transportation","false","","regular","Secondary CC","7291","","false"
"2024-09-16","Nyct Paygo","2.9","posted","Train","Transportation","false","","regular","Secondary CC","7291","","false"
"2024-09-16","Mta*Nyct Paygo","3","posted","Train","Transportation","false","","regular","Primary CC","4832","","false"
"2024-09-16","Apple.com/bill","6.99","posted","Subscriptions","Entertainment","false","","regular","Primary CC","4832","","true"
"2024-09-16","Whole Foods","35.94","posted","Groceries","Food & Drink","false","","regular","Debit","3456","","false"
"2024-09-17","Nyct Paygo","2.9","posted","Train","Transportation","false","","regular","Primary CC","4832","","false"
"2024-09-17","Nyct Paygo","2.9","posted","Train","Transportation","false","","regular","Primary CC","4832","","false"
"2024-09-17","Nyct Paygo","2.9","posted","Train","Transportation","false","","regular","Secondary CC","7291","","false"
"2024-09-17","Okonomi","56.98","posted","Restaurants","Food & Drink","false","","regular","Primary CC","4832","","false"
"2024-09-17","Other Fast Food","18.42","posted","Fast Food","Food & Drink","false","","regular","Primary CC","4832","","false"
"2024-09-18","Nyct Paygo","3","posted","Train","Transportation","false","","regular","Secondary CC","7291","","false"
"2024-09-18","Lark Cafe","-172.54","posted","Tips","Income","true","","income","Checking","3456","","false"
"2024-09-18","Five Guys","18.02","posted","Fast Food","Food & Drink","false","","regular","Primary CC","4832","","false"
"2024-09-18","Square Payroll","-361.29","posted","Side Income","Income","true","","income","Checking","3456","","true"
"2024-09-18","Win Son","81.99","posted","Restaurants","Food & Drink","false","","regular","Secondary CC","7291","","false"
"2024-09-18","The Levee","20.41","posted","Bars","Food & Drink","false","","regular","Debit","3456","","false"
"2024-09-18","Other Entertainment","35.34","posted","Entertainment","Entertainment","false","","regular","Debit","3456","","false"
"2024-09-19","Nyct Paygo","2.9","posted","Train","Transportation","false","","regular","Secondary CC","7291","","false"
"2024-09-19","Lyft","19.67","posted","Uber","Transportation","false","","regular","Secondary CC","7291","","false"
"2024-09-19","Nyct Paygo","2.9","posted","Train","Transportation","false","","regular","Secondary CC","7291","","false"
"2024-09-20","Amazon","15.76","posted","Other","Other","false","","regular","Secondary CC","7291","","false"
"2024-09-20","Nyct Paygo","2.9","posted","Train","Transportation","false","","regular","Secondary CC","7291","","false"
"2024-09-20","Nyct Paygo","3","posted","Train","Transportation","false","","regular","Secondary CC","7291","","false"
"2024-09-20","Uber","16.98","posted","Uber","Transportation","false","","regular","Primary CC","4832","","false"
"2024-09-21","Uniqlo","45.28","posted","Shops","Shopping","false","","regular","Secondary CC","7291","","false"
"2024-09-21","CVS","24.37","posted","Pharmacy","Health","false","","regular","Secondary CC","7291","","false"
"2024-09-21","Navient Student Loan","280","posted","Student Loan","Debt","false","","regular","Checking","3456","","true"
"2024-09-21","Other Restaurant","89.26","posted","Restaurants","Food & Drink","false","","regular","Primary CC","4832","","false"
"2024-09-22","Nyct Paygo","2.9","posted","Train","Transportation","false","","regular","Secondary CC","7291","","false"
"2024-09-22","Other Café","8.38","posted","Cafés","Food & Drink","false","","regular","Debit","3456","","false"
"2024-09-23","Nordstrom","52.58","posted","Clothing","Shopping","false","","regular","Primary CC","4832","","false"
"2024-09-23","Starbucks","5.86","posted","Cafés","Food & Drink","false","","regular","Primary CC","4832","","false"
"2024-09-23","Nyct Paygo","2.9","posted","Train","Transportation","false","","regular","Secondary CC","7291","","false"
"2024-09-23","Key Food","70.4","posted","Groceries","Food & Drink","false","","regular","Primary CC","4832","","false"
"2024-09-23","Other Fast Food","11.07","posted","Fast Food","Food & Drink","false","","regular","Secondary CC","7291","","false"
"2024-09-23","Other Restaurant","77.65","posted","Restaurants","Food & Drink","false","","regular","Primary CC","4832","","false"
"2024-09-23","Other Shop","33.2","posted","Shops","Shopping","false","","regular","Primary CC","4832","","false"
"2024-09-24","Food Bazaar","17.83","posted","Groceries","Food & Drink","false","","regular","Debit","3456","","false"
"2024-09-24","Trader Joe's","14.44","posted","Groceries","Food & Drink","false","","regular","Debit","3456","","false"
"2024-09-24","Mta*Nyct Paygo","2.9","posted","Train","Transportation","false","","regular","Secondary CC","7291","","false"
"2024-09-25","Nyct Paygo","3","posted","Train","Transportation","false","","regular","Secondary CC","7291","","false"
"2024-09-25","Nyct Paygo","2.9","posted","Train","Transportation","false","","regular","Secondary CC","7291","","false"
"2024-09-25","Mint Mobile","15","posted","Phone","Utilities","false","","regular","Primary CC","4832","","false"
"2024-09-25","Joe Coffee","5.11","posted","Cafés","Food & Drink","false","","regular","Primary CC","4832","","false"
"2024-09-25","T-Mobile","25","posted","Phone","Utilities","false","","regular","Secondary CC","7291","","false"
"2024-09-26","Credit Card Payment","-1129.06","posted","Credit Card Payment","Transfer","true","","internal transfer","Checking","3456","","true"
"2024-09-26","Metropolitan Tra","3","posted","Train","Transportation","false","","regular","Secondary CC","7291","","false"
"2024-09-26","Mta*Nyct Paygo","2.9","posted","Train","Transportation","false","","regular","Secondary CC","7291","","false"
"2024-09-26","Other Restaurant","54.03","posted","Restaurants","Food & Drink","false","","regular","Debit","3456","","false"
"2024-09-26","Other Restaurant","32.75","posted","Restaurants","Food & Drink","false","","regular","Primary CC","4832","","false"
"2024-09-26","Metropolitan Tra","3","posted","Train","Transportation","false","","regular","Secondary CC","7291","","false"
"2024-09-27","Whole Foods","15.62","posted","Groceries","Food & Drink","false","","regular","Secondary CC","7291","","false"
"2024-09-27","Other Grocery","27.23","posted","Groceries","Food & Drink","false","","regular","Secondary CC","7291","","false"
"2024-09-28","Trader Joe's","51.51","posted","Groceries","Food & Drink","false","","regular","Primary CC","4832","","false"
"2024-09-28","Other Café","5.36","posted","Cafés","Food & Drink","false","","regular","Secondary CC","7291","","false"
"2024-09-28","Trader Joe's","17.49","posted","Groceries","Food & Drink","false","","regular","Debit","3456","","false"
"2024-09-28","Nyct Paygo","2.9","posted","Train","Transportation","false","","regular","Secondary CC","7291","","false"
"2024-09-28","Metropolitan Tra","3","posted","Train","Transportation","false","","regular","Secondary CC","7291","","false"
"2024-09-28","Venmo Cashout","99.49","posted","Transfer","Transfer","true","","internal transfer","Checking","3456","","false"
"2024-09-28","CVS","19.62","posted","Other","Other","false","","regular","Secondary CC","7291","","false"
"2024-09-28","Other Shop","9.43","posted","Shops","Shopping","false","","regular","Primary CC","4832","","false"
"2024-09-29","Interest Payment","-2.66","posted","Interest","Income","true","","income","Savings","6789","","true"
"2024-09-29","Nyct Paygo","2.9","posted","Train","Transportation","false","","regular","Secondary CC","7291","","false"
"2024-09-29","Other Restaurant","52.96","posted","Restaurants","Food & Drink","false","","regular","Secondary CC","7291","","false"
"2024-09-29","Zara","133.33","posted","Clothing","Shopping","false","","regular","Primary CC","4832","","false"
"2024-09-29","Mta*Nyct Paygo","2.9","posted","Train","Transportation","false","","regular","Secondary CC","7291","","false"
"2024-09-29","Mta*Nyct Paygo","2.9","posted","Train","Transportation","false","","regular","Secondary CC","7291","","false"
"2024-09-29","Symbioun Payroll","-2544.9","posted","Payroll","Income","true","","income","Checking","3456","","true"
"2024-09-29","Other Restaurant","15.85","posted","Restaurants","Food & Drink","false","","regular","Debit","3456","","false"
"2024-09-29","C-Town","59.37","posted","Groceries","Food & Drink","false","","regular","Primary CC","4832","","false"
"2024-09-29","Trader Joe's","29.3","posted","Groceries","Food & Drink","false","","regular","Primary CC","4832","","false"
"2024-10-01","Metropolitan Tra","3","posted","Train","Transportation","false","","regular","Secondary CC","7291","","false"
"2024-10-01","Nyct Paygo","2.9","posted","Train","Transportation","false","","regular","Secondary CC","7291","","false"
"2024-10-01","Metropolitan Tra","3","posted","Train","Transportation","false","","regular","Secondary CC","7291","","false"
"2024-10-01","Rent Payment","1325","posted","Rent","Housing","false","","regular","Checking","3456","","true"
"2024-10-01","Nyct Paygo","2.9","posted","Train","Transportation","false","","regular","Secondary CC","7291","","false"
"2024-10-02","Square Payroll","-419.89","posted","Side Income","Income","true","","income","Checking","3456","","true"
"2024-10-02","Trader Joe's","19.89","posted","Groceries","Food & Drink","false","","regular","Debit","3456","","false"
"2024-10-02","Other Restaurant","15.42","posted","Restaurants","Food & Drink","false","","regular","Secondary CC","7291","","false"
"2024-10-02","Nyct Paygo","2.9","posted","Train","Transportation","false","","regular","Secondary CC","7291","","false"
"2024-10-02","Other Fast Food","13.45","posted","Fast Food","Food & Drink","false","","regular","Primary CC","4832","","false"
"2024-10-02","Nyct Paygo","2.9","posted","Train","Transportation","false","","regular","Secondary CC","7291","","false"
"2024-10-03","Other Entertainment","18.7","posted","Entertainment","Entertainment","false","","regular","Primary CC","4832","","false"
"2024-10-03","Other Bar","17.93","posted","Bars","Food & Drink","false","","regular","Secondary CC","7291","","false"
"2024-10-03","T-Mobile","15","posted","Phone","Utilities","false","","regular","Primary CC","4832","","false"
"2024-10-04","Joe Coffee","5.55","posted","Cafés","Food & Drink","false","","regular","Primary CC","4832","","false"
"2024-10-04","Other Café","5.16","posted","Cafés","Food & Drink","false","","regular","Primary CC","4832","","false"
"2024-10-04","Misc Purchase","61.38","posted","Other","Other","false","","regular","Secondary CC","7291","","false"
"2024-10-04","Lark Cafe","-131.94","posted","Tips","Income","true","","income","Checking","3456","","false"
"2024-10-05","Via","14.54","posted","Uber","Transportation","false","","regular","Secondary CC","7291","","false"
"2024-10-05","Lyft","10.38","posted","Uber","Transportation","false","","regular","Secondary CC","7291","","false"
"2024-10-05","Other Grocery","34.36","posted","Groceries","Food & Drink","false","","regular","Secondary CC","7291","","false"
"2024-10-05","Mta*Nyct Paygo","2.9","posted","Train","Transportation","false","","regular","Secondary CC","7291","","false"
"2024-10-05","Nyct Paygo","2.9","posted","Train","Transportation","false","","regular","Secondary CC","7291","","false"
"2024-10-06","Thai Villa","40.92","posted","Restaurants","Food & Drink","false","","regular","Primary CC","4832","","false"
"2024-10-06","Metropolitan Tra","3","posted","Train","Transportation","false","","regular","Secondary CC","7291","","false"
"2024-10-06","Metropolitan Tra","3","posted","Train","Transportation","false","","regular","Primary CC","4832","","false"
"2024-10-06","Nyct Paygo","2.9","posted","Train","Transportation","false","","regular","Secondary CC","7291","","false"
"2024-10-06","Nyct Paygo","2.9","posted","Train","Transportation","false","","regular","Secondary CC","7291","","false"
"2024-10-06","Starbucks","3.64","posted","Cafés","Food & Drink","false","","regular","Debit","3456","","false"
"2024-10-07","Nyct Paygo","2.9","posted","Train","Transportation","false","","regular","Secondary CC","7291","","false"
"2024-10-08","Win Son","43.46","posted","Restaurants","Food & Drink","false","","regular","Secondary CC","7291","","false"
"2024-10-08","Nyct Paygo","2.9","posted","Train","Transportation","false","","regular","Secondary CC","7291","","false"
"2024-10-08","Nyct Paygo","2.9","posted","Train","Transportation","false","","regular","Secondary CC","7291","","false"
"2024-10-09","Nyct Paygo","2.9","posted","Train","Transportation","false","","regular","Secondary CC","7291","","false"
"2024-10-09","Con Edison","89.95","posted","Gas & Electric","Utilities","false","","regular","Primary CC","4832","","false"
"2024-10-09","Whole Foods","17.74","posted","Groceries","Food & Drink","false","","regular","Secondary CC","7291","","false"
"2024-10-09","Other Restaurant","75.38","posted","Restaurants","Food & Drink","false","","regular","Primary CC","4832","","false"
"2024-10-10","Other Restaurant","61.89","posted","Restaurants","Food & Drink","false","","regular","Venmo","9012","","false"
"2024-10-10","Nyct Paygo","2.9","posted","Train","Transportation","false","","regular","Secondary CC","7291","","false"
"2024-10-10","Other Café","3.45","posted","Cafés","Food & Drink","false","","regular","Secondary CC","7291","","false"
"2024-10-10","Nyct Paygo","3","posted","Train","Transportation","false","","regular","Secondary CC","7291","","false"
"2024-10-10","Metropolitan Tra","2.9","posted","Train","Transportation","false","","regular","Secondary CC","7291","","false"
"2024-10-11","Café Regular","2.5","posted","Cafés","Food & Drink","false","","regular","Primary CC","4832","","false"
"2024-10-11","Nyct Paygo","2.9","posted","Train","Transportation","false","","regular","Secondary CC","7291","","false"
"2024-10-11","Mint Mobile","15","posted","Phone","Utilities","false","","regular","Primary CC","4832","","false"
"2024-10-11","Conductor Inc Deposit","-808.05","posted","Side Income","Income","true","","income","Checking","3456","","false"
"2024-10-11","Mta*Nyct Paygo","2.9","posted","Train","Transportation","false","","regular","Secondary CC","7291","","false"
"2024-10-11","Mta*Nyct Paygo","2.9","posted","Train","Transportation","false","","regular","Primary CC","4832","","false"
"2024-10-11","Nyct Paygo","2.9","posted","Train","Transportation","false","","regular","Secondary CC","7291","","false"
"2024-10-12","Nyct Paygo","2.9","posted","Train","Transportation","false","","regular","Secondary CC","7291","","false"
"2024-10-12","Trader Joe's","36.04","posted","Groceries","Food & Drink","false","","regular","Debit","3456","","false"
"2024-10-12","Nyct Paygo","2.9","posted","Train","Transportation","false","","regular","Secondary CC","7291","","false"
"2024-10-12","Land To Sea","5.12","posted","Cafés","Food & Drink","false","","regular","Primary CC","4832","","false"
"2024-10-12","Misc Purchase","34.87","posted","Other","Other","false","","regular","Secondary CC","7291","","false"
"2024-10-12","Other Restaurant","40.79","posted","Restaurants","Food & Drink","false","","regular","Debit","3456","","false"
"2024-10-12","Subway","14.14","posted","Fast Food","Food & Drink","false","","regular","Primary CC","4832","","false"
"2024-10-13","Laundromat","12","posted","Laundry","Personal Care","false","","regular","Debit","3456","","false"
"2024-10-13","Symbioun Payroll","-2512.86","posted","Payroll","Income","true","","income","Checking","3456","","true"
"2024-10-13","Nyct Paygo","2.9","posted","Train","Transportation","false","","regular","Secondary CC","7291","","false"
"2024-10-13","Other Entertainment","5.61","posted","Entertainment","Entertainment","false","","regular","Secondary CC","7291","","false"
"2024-10-13","Venmo Cashout","84.64","posted","Transfer","Transfer","true","","internal transfer","Checking","3456","","false"
"2024-10-13","Other Entertainment","10.62","posted","Entertainment","Entertainment","false","","regular","Primary CC","4832","","false"
"2024-10-14","Keep The Change Transfer","-0.97","posted","Savings","Transfer","true","","internal transfer","Checking","3456","","false"
"2024-10-14","Other Shop","55.86","posted","Shops","Shopping","false","","regular","Debit","3456","","false"
"2024-10-14","Nyct Paygo","2.9","posted","Train","Transportation","false","","regular","Secondary CC","7291","","false"
"2024-10-14","Amazon","35.58","posted","Shops","Shopping","false","","regular","Primary CC","4832","","false"
"2024-10-14","Other Restaurant","30.59","posted","Restaurants","Food & Drink","false","","regular","Primary CC","4832","","false"
"2024-10-14","Trader Joe's","30.57","posted","Groceries","Food & Drink","false","","regular","Debit","3456","","false"
"2024-10-15","Walgreens","9.27","posted","Pharmacy","Health","false","","regular","Primary CC","4832","","false"
"2024-10-15","Trader Joe's","17.5","posted","Groceries","Food & Drink","false","","regular","Secondary CC","7291","","false"
"2024-10-15","McDonald's","10.81","posted","Fast Food","Food & Drink","false","","regular","Secondary CC","7291","","false"
"2024-10-15","Nyct Paygo","3","posted","Train","Transportation","false","","regular","Secondary CC","7291","","false"
"2024-10-16","Square Payroll","-411.29","posted","Side Income","Income","true","","income","Checking","3456","","true"
"2024-10-16","Okonomi","33.46","posted","Restaurants","Food & Drink","false","","regular","Primary CC","4832","","false"
"2024-10-16","Uniqlo","40.87","posted","Clothing","Shopping","false","","regular","Primary CC","4832","","false"
"2024-10-16","Apple.com/bill","6.99","posted","Subscriptions","Entertainment","false","","regular","Primary CC","4832","","true"
"2024-10-17","Mta*Nyct Paygo","2.9","posted","Train","Transportation","false","","regular","Secondary CC","7291","","false"
"2024-10-17","Land To Sea","7.97","posted","Cafés","Food & Drink","false","","regular","Secondary CC","7291","","false"
"2024-10-17","Venmo Cashout","97.52","posted","Transfer","Transfer","true","","internal transfer","Checking","3456","","false"
"2024-10-17","Nyct Paygo","3","posted","Train","Transportation","false","","regular","Secondary CC","7291","","false"
"2024-10-18","Whole Foods","26.19","posted","Groceries","Food & Drink","false","","regular","Debit","3456","","false"
"2024-10-18","Nyct Paygo","2.9","posted","Train","Transportation","false","","regular","Secondary CC","7291","","false"
"2024-10-19","Duane Reade","7.84","posted","Other","Other","false","","regular","Primary CC","4832","","false"
"2024-10-19","Food Bazaar","94.27","posted","Groceries","Food & Drink","false","","regular","Primary CC","4832","","false"
"2024-10-19","Whole Foods","32.85","posted","Groceries","Food & Drink","false","","regular","Debit","3456","","false"
"2024-10-19","Other Entertainment","38.03","posted","Entertainment","Entertainment","false","","regular","Primary CC","4832","","false"
"2024-10-19","Sweetleaf","2.5","posted","Cafés","Food & Drink","false","","regular","Secondary CC","7291","","false"
"2024-10-19","Rite Aid","11.02","posted","Pharmacy","Health","false","","regular","Primary CC","4832","","false"
"2024-10-19","Nyct Paygo","3","posted","Train","Transportation","false","","regular","Secondary CC","7291","","false"
"2024-10-19","Mta*Nyct Paygo","2.9","posted","Train","Transportation","false","","regular","Secondary CC","7291","","false"
"2024-10-19","Nyct Paygo","2.9","posted","Train","Transportation","false","","regular","Secondary CC","7291","","false"
"2024-10-20","Other Restaurant","35.26","posted","Restaurants","Food & Drink","false","","regular","Debit","3456","","false"
"2024-10-20","Lyft","45.68","posted","Uber","Transportation","false","","regular","Secondary CC","7291","","false"
"2024-10-20","Other Shop","18.53","posted","Shops","Shopping","false","","regular","Secondary CC","7291","","false"
"2024-10-21","Navient Student Loan","280","posted","Student Loan","Debt","false","","regular","Checking","3456","","true"
"2024-10-21","Nyct Paygo","3","posted","Train","Transportation","false","","regular","Secondary CC","7291","","false"
"2024-10-21","Other Restaurant","36.63","posted","Restaurants","Food & Drink","false","","regular","Primary CC","4832","","false"
"2024-10-21","Cleaners","12","posted","Laundry","Personal Care","false","","regular","Primary CC","4832","","false"
"2024-10-22","Starbucks","3.91","posted","Cafés","Food & Drink","false","","regular","Secondary CC","7291","","false"
"2024-10-22","Mta*Nyct Paygo","2.9","posted","Train","Transportation","false","","regular","Secondary CC","7291","","false"
"2024-10-22","Nyct Paygo","2.9","posted","Train","Transportation","false","","regular","Secondary CC","7291","","false"
"2024-10-22","Keep The Change Transfer","-0.42","posted","Savings","Transfer","true","","internal transfer","Checking","3456","","false"
"2024-10-22","Chipotle","18.42","posted","Fast Food","Food & Drink","false","","regular","Secondary CC","7291","","false"
"2024-10-23","Land To Sea","8","posted","Cafés","Food & Drink","false","","regular","Primary CC","4832","","false"
"2024-10-23","Joe Coffee","8.13","posted","Cafés","Food & Drink","false","","regular","Primary CC","4832","","false"
"2024-10-23","Nyct Paygo","2.9","posted","Train","Transportation","false","","regular","Secondary CC","7291","","false"
"2024-10-24","Nyct Paygo","2.9","posted","Train","Transportation","false","","regular","Secondary CC","7291","","false"
"2024-10-24","Nyct Paygo","3","posted","Train","Transportation","false","","regular","Secondary CC","7291","","false"
"2024-10-24","Amazon","46.68","posted","Shops","Shopping","false","","regular","Primary CC","4832","","false"
"2024-10-24","Nyct Paygo","2.9","posted","Train","Transportation","false","","regular","Secondary CC","7291","","false"
"2024-10-25","Mta*Nyct Paygo","2.9","posted","Train","Transportation","false","","regular","Secondary CC","7291","","false"
"2024-10-25","Other Restaurant","24.29","posted","Restaurants","Food & Drink","false","","regular","Secondary CC","7291","","false"
"2024-10-25","Other Restaurant","29.55","posted","Restaurants","Food & Drink","false","","regular","Secondary CC","7291","","false"
"2024-10-25","Keep The Change Transfer","-0.55","posted","Savings","Transfer","true","","internal transfer","Checking","3456","","false"
"2024-10-25","Land To Sea","18","posted","Cafés","Food & Drink","false","","regular","Primary CC","4832","","false"
"2024-10-25","Verizon Fios","49.99","posted","Internet","Utilities","false","","regular","Primary CC","4832","","false"
"2024-10-25","Other Shop","10.61","posted","Shops","Shopping","false","","regular","Secondary CC","7291","","false"
"2024-10-25","Other Merchant","8.79","posted","Other","Other","false","","regular","Debit","3456","","false"
"2024-10-25","Other Entertainment","21.53","posted","Entertainment","Entertainment","false","","regular","Secondary CC","7291","","false"
"2024-10-26","Other Merchant","14.62","posted","Other","Other","false","","regular","Primary CC","4832","","false"
"2024-10-26","Mta*Nyct Paygo","2.9","posted","Train","Transportation","false","","regular","Secondary CC","7291","","false"
"2024-10-26","Whole Foods","38.91","posted","Groceries","Food & Drink","false","","regular","Secondary CC","7291","","false"
"2024-10-26","Credit Card Payment","-1173.26","posted","Credit Card Payment","Transfer","true","","internal transfer","Checking","3456","","true"
"2024-10-26","Starbucks","5.73","posted","Cafés","Food & Drink","false","","regular","Secondary CC","7291","","false"
"2024-10-27","Symbioun Payroll","-2539.72","posted","Payroll","Income","true","","income","Checking","3456","","true"
"2024-10-27","Nyct Paygo","2.9","posted","Train","Transportation","false","","regular","Secondary CC","7291","","false"
"2024-10-27","Nyct Paygo","2.9","posted","Train","Transportation","false","","regular","Secondary CC","7291","","false"
"2024-10-27","Nyct Paygo","2.9","posted","Train","Transportation","false","","regular","Secondary CC","7291","","false"
"2024-10-28","Mta*Nyct Paygo","2.9","posted","Train","Transportation","false","","regular","Secondary CC","7291","","false"
"2024-10-28","Lark Cafe","-64.24","posted","Tips","Income","true","","income","Checking","3456","","false"
"2024-10-28","Nyct Paygo","3","posted","Train","Transportation","false","","regular","Secondary CC","7291","","false"
"2024-10-28","Nyct Paygo","2.9","posted","Train","Transportation","false","","regular","Secondary CC","7291","","false"
"2024-10-29","Interest Payment","-4.76","posted","Interest","Income","true","","income","Savings","6789","","true"
"2024-10-29","Metropolitan Tra","2.9","posted","Train","Transportation","false","","regular","Secondary CC","7291","","false"
"2024-10-30","Metropolitan Tra","2.9","posted","Train","Transportation","false","","regular","Secondary CC","7291","","false"
"2024-10-30","Starbucks","4.96","posted","Cafés","Food & Drink","false","","regular","Secondary CC","7291","","false"
"2024-10-30","Nyct Paygo","3","posted","Train","Transportation","false","","regular","Secondary CC","7291","","false"
"2024-10-30","Square Payroll","-418.19","posted","Side Income","Income","true","","income","Checking","3456","","true"
"2024-10-30","Blue Bottle","4.71","posted","Cafés","Food & Drink","false","","regular","Primary CC","4832","","false"
"2024-10-30","Nyct Paygo","2.9","posted","Train","Transportation","false","","regular","Secondary CC","7291","","false"
"2024-10-30","Thai Villa","42.94","posted","Restaurants","Food & Drink","false","","regular","Secondary CC","7291","","false"
"2024-10-30","Nyct Paygo","3","posted","Train","Transportation","false","","regular","Primary CC","4832","","false"
"2024-10-31","Paintbox","36.79","posted","Nails","Personal Care","false","","regular","Primary CC","4832","","false"
"2024-10-31","Other Bar","93.25","posted","Bars","Food & Drink","false","","regular","Secondary CC","7291","","false"
"2024-11-01","Nyct Paygo","2.9","posted","Train","Transportation","false","","regular","Secondary CC","7291","","false"
"2024-11-01","Rent Payment","1350","posted","Rent","Housing","false","","regular","Checking","3456","","true"
"2024-11-01","Devocion","4.41","posted","Cafés","Food & Drink","false","","regular","Secondary CC","7291","","false"
"2024-11-01","Trader Joe's","10.93","posted","Groceries","Food & Drink","false","","regular","Debit","3456","","false"
"2024-11-02","Amazon","8.74","posted","Other","Other","false","","regular","Debit","3456","","false"
"2024-11-02","Trader Joe's","42.53","posted","Groceries","Food & Drink","false","","regular","Debit","3456","","false"
"2024-11-02","Whole Foods","54.2","posted","Groceries","Food & Drink","false","","regular","Secondary CC","7291","","false"
"2024-11-02","Other Entertainment","18.95","posted","Entertainment","Entertainment","false","","regular","Primary CC","4832","","false"
"2024-11-02","Sweetgreen","15.24","posted","Fast Food","Food & Drink","false","","regular","Secondary CC","7291","","false"
"2024-11-02","Other Entertainment","5","posted","Entertainment","Entertainment","false","","regular","Primary CC","4832","","false"
"2024-11-02","Thai Villa","21.39","posted","Restaurants","Food & Drink","false","","regular","Debit","3456","","false"
"2024-11-02","Nyct Paygo","3","posted","Train","Transportation","false","","regular","Secondary CC","7291","","false"
"2024-11-03","Mta*Nyct Paygo","2.9","posted","Train","Transportation","false","","regular","Secondary CC","7291","","false"
"2024-11-03","Other Fast Food","9.42","posted","Fast Food","Food & Drink","false","","regular","Debit","3456","","false"
"2024-11-03","Venmo Cashout","58.34","posted","Transfer","Transfer","true","","internal transfer","Checking","3456","","false"
"2024-11-04","Other Restaurant","29.71","posted","Restaurants","Food & Drink","false","","regular","Primary CC","4832","","false"
"2024-11-04","Keep The Change Transfer","-0.71","posted","Savings","Transfer","true","","internal transfer","Checking","3456","","false"
"2024-11-05","Nyct Paygo","3","posted","Train","Transportation","false","","regular","Secondary CC","7291","","false"
"2024-11-05","Nyct Paygo","3","posted","Train","Transportation","false","","regular","Secondary CC","7291","","false"
"2024-11-06","Nyct Paygo","3","posted","Train","Transportation","false","","regular","Secondary CC","7291","","false"
"2024-11-06","Starbucks","12.52","posted","Cafés","Food & Drink","false","","regular","Primary CC","4832","","false"
"2024-11-06","Other Fast Food","14.46","posted","Fast Food","Food & Drink","false","","regular","Secondary CC","7291","","false"
"2024-11-06","Other Merchant","9.86","posted","Other","Other","false","","regular","Secondary CC","7291","","false"
"2024-11-07","Nyct Paygo","2.9","posted","Train","Transportation","false","","regular","Secondary CC","7291","","false"
"2024-11-07","Nyct Paygo","2.9","posted","Train","Transportation","false","","regular","Primary CC","4832","","false"
"2024-11-08","Starbucks","5.51","posted","Cafés","Food & Drink","false","","regular","Secondary CC","7291","","false"
"2024-11-08","Metropolitan Tra","2.9","posted","Train","Transportation","false","","regular","Secondary CC","7291","","false"
"2024-11-08","Nyct Paygo","3","posted","Train","Transportation","false","","regular","Secondary CC","7291","","false"
"2024-11-09","Other Fast Food","10.49","posted","Fast Food","Food & Drink","false","","regular","Primary CC","4832","","false"
"2024-11-09","Other Merchant","21.39","posted","Other","Other","false","","regular","Primary CC","4832","","false"
"2024-11-10","Symbioun Payroll","-2544.6","posted","Payroll","Income","true","","income","Checking","3456","","true"
"2024-11-10","Conductor Inc Deposit","-875.39","posted","Side Income","Income","true","","income","Checking","3456","","false"
"2024-11-10","Con Edison","68.27","posted","Gas & Electric","Utilities","false","","regular","Checking","3456","","false"
"2024-11-10","Spotify","9.36","posted","Entertainment","Entertainment","false","","regular","Primary CC","4832","","false"
"2024-11-10","Mta*Nyct Paygo","3","posted","Train","Transportation","false","","regular","Secondary CC","7291","","false"
"2024-11-10","Sushi Katsuei","15.52","posted","Restaurants","Food & Drink","false","","regular","Primary CC","4832","","false"
"2024-11-10","Metropolitan Tra","3","posted","Train","Transportation","false","","regular","Secondary CC","7291","","false"
"2024-11-10","Union Pool","12.76","posted","Bars","Food & Drink","false","","regular","Debit","3456","","false"
"2024-11-10","Other Restaurant","45.89","posted","Restaurants","Food & Drink","false","","regular","Primary CC","4832","","false"
"2024-11-11","Nyct Paygo","2.9","posted","Train","Transportation","false","","regular","Secondary CC","7291","","false"
"2024-11-11","Food Bazaar","19.22","posted","Groceries","Food & Drink","false","","regular","Secondary CC","7291","","false"
"2024-11-11","Devocion","4.16","posted","Cafés","Food & Drink","false","","regular","Secondary CC","7291","","false"
"2024-11-11","Nyct Paygo","2.9","posted","Train","Transportation","false","","regular","Secondary CC","7291","","false"
"2024-11-11","Lark Cafe","-149.59","posted","Tips","Income","true","","income","Checking","3456","","false"
"2024-11-11","Other Shop","7.22","posted","Shops","Shopping","false","","regular","Primary CC","4832","","false"
"2024-11-12","Partners Coffee","5.2","posted","Cafés","Food & Drink","false","","regular","Primary CC","4832","","false"
"2024-11-12","Chick-Fil-A","14.85","posted","Fast Food","Food & Drink","false","","regular","Primary CC","4832","","false"
"2024-11-12","Other Restaurant","52.6","posted","Restaurants","Food & Drink","false","","regular","Secondary CC","7291","","false"
"2024-11-13","Nyct Paygo","2.9","posted","Train","Transportation","false","","regular","Secondary CC","7291","","false"
"2024-11-13","Mta*Nyct Paygo","3","posted","Train","Transportation","false","","regular","Secondary CC","7291","","false"
"2024-11-13","Nyct Paygo","3","posted","Train","Transportation","false","","regular","Secondary CC","7291","","false"
"2024-11-13","Devocion","9.36","posted","Cafés","Food & Drink","false","","regular","Secondary CC","7291","","false"
"2024-11-13","Metropolitan Tra","2.9","posted","Train","Transportation","false","","regular","Secondary CC","7291","","false"
"2024-11-13","Other Grocery","33.49","posted","Groceries","Food & Drink","false","","regular","Secondary CC","7291","","false"
"2024-11-13","Mta*Nyct Paygo","3","posted","Train","Transportation","false","","regular","Primary CC","4832","","false"
"2024-11-13","Walgreens","16.6","posted","Pharmacy","Health","false","","regular","Primary CC","4832","","false"
"2024-11-13","Square Payroll","-414.78","posted","Side Income","Income","true","","income","Checking","3456","","true"
"2024-11-14","Nyct Paygo","2.9","posted","Train","Transportation","false","","regular","Secondary CC","7291","","false"
"2024-11-14","Other Bar","34.64","posted","Bars","Food & Drink","false","","regular","Debit","3456","","false"
"2024-11-14","Mint Mobile","15","posted","Phone","Utilities","false","","regular","Primary CC","4832","","false"
"2024-11-14","Lark Cafe","-154.1","posted","Tips","Income","true","","income","Checking","3456","","false"
"2024-11-14","Other Shop","11.17","posted","Shops","Shopping","false","","regular","Primary CC","4832","","false"
"2024-11-15","Joe Coffee","8.94","posted","Cafés","Food & Drink","false","","regular","Primary CC","4832","","false"
"2024-11-15","Nyct Paygo","3","posted","Train","Transportation","false","","regular","Secondary CC","7291","","false"
"2024-11-15","Trader Joe's","31.36","posted","Groceries","Food & Drink","false","","regular","Secondary CC","7291","","false"
"2024-11-15","Apple.com/bill","6.99","posted","Subscriptions","Entertainment","false","","regular","Primary CC","4832","","true"
"2024-11-16","Nyct Paygo","3","posted","Train","Transportation","false","","regular","Secondary CC","7291","","false"
"2024-11-16","Blue Bottle","5.8","posted","Cafés","Food & Drink","false","","regular","Primary CC","4832","","false"
"2024-11-16","Nyct Paygo","3","posted","Train","Transportation","false","","regular","Secondary CC","7291","","false"
"2024-11-17","Mint Mobile","15","posted","Phone","Utilities","false","","regular","Primary CC","4832","","false"
"2024-11-17","Nyct Paygo","3","posted","Train","Transportation","false","","regular","Primary CC","4832","","false"
"2024-11-17","Mta*Nyct Paygo","3","posted","Train","Transportation","false","","regular","Secondary CC","7291","","false"
"2024-11-17","Other Café","4.75","posted","Cafés","Food & Drink","false","","regular","Primary CC","4832","","false"
"2024-11-17","Mta*Nyct Paygo","2.9","posted","Train","Transportation","false","","regular","Secondary CC","7291","","false"
"2024-11-17","Other Café","5.82","posted","Cafés","Food & Drink","false","","regular","Primary CC","4832","","false"
"2024-11-18","Metropolitan Tra","2.9","posted","Train","Transportation","false","","regular","Secondary CC","7291","","false"
"2024-11-18","Nyct Paygo","2.9","posted","Train","Transportation","false","","regular","Secondary CC","7291","","false"
"2024-11-18","Nyct Paygo","2.9","posted","Train","Transportation","false","","regular","Secondary CC","7291","","false"
"2024-11-18","Sey Coffee","3.74","posted","Cafés","Food & Drink","false","","regular","Debit","3456","","false"
"2024-11-18","Mta*Nyct Paygo","2.9","posted","Train","Transportation","false","","regular","Secondary CC","7291","","false"
"2024-11-18","Shake Shack","8.83","posted","Fast Food","Food & Drink","false","","regular","Secondary CC","7291","","false"
"2024-11-18","Nyct Paygo","3","posted","Train","Transportation","false","","regular","Secondary CC","7291","","false"
"2024-11-18","Nyct Paygo","3","posted","Train","Transportation","false","","regular","Secondary CC","7291","","false"
"2024-11-18","Other Fast Food","8.47","posted","Fast Food","Food & Drink","false","","regular","Secondary CC","7291","","false"
"2024-11-18","Mta*Nyct Paygo","2.9","posted","Train","Transportation","false","","regular","Secondary CC","7291","","false"
"2024-11-19","Nyct Paygo","2.9","posted","Train","Transportation","false","","regular","Secondary CC","7291","","false"
"2024-11-19","Uniqlo","62.28","posted","Clothing","Shopping","false","","regular","Primary CC","4832","","false"
"2024-11-19","Keep The Change Transfer","-0.17","posted","Savings","Transfer","true","","internal transfer","Checking","3456","","false"
"2024-11-19","Blue Bottle","3.46","posted","Cafés","Food & Drink","false","","regular","Secondary CC","7291","","false"
"2024-11-19","Nyct Paygo","3","posted","Train","Transportation","false","","regular","Secondary CC","7291","","false"
"2024-11-19","Other Clothing","97.28","posted","Clothing","Shopping","false","","regular","Primary CC","4832","","false"
"2024-11-19","Nyct Paygo","2.9","posted","Train","Transportation","false","","regular","Secondary CC","7291","","false"
"2024-11-20","Other Fast Food","19.92","posted","Fast Food","Food & Drink","false","","regular","Debit","3456","","false"
"2024-11-20","Nyct Paygo","3","posted","Train","Transportation","false","","regular","Secondary CC","7291","","false"
"2024-11-20","Nyct Paygo","2.9","posted","Train","Transportation","false","","regular","Primary CC","4832","","false"
"2024-11-20","Nyct Paygo","2.9","posted","Train","Transportation","false","","regular","Secondary CC","7291","","false"
"2024-11-20","Navient Student Loan","280","posted","Student Loan","Debt","false","","regular","Checking","3456","","true"
"2024-11-20","Shake Shack","17.63","posted","Fast Food","Food & Drink","false","","regular","Primary CC","4832","","false"
"2024-11-20","Other Restaurant","54.35","posted","Restaurants","Food & Drink","false","","regular","Primary CC","4832","","false"
"2024-11-20","Spectrum","69.99","posted","Internet","Utilities","false","","regular","Primary CC","4832","","false"
"2024-11-20","Thai Villa","32.27","posted","Restaurants","Food & Drink","false","","regular","Debit","3456","","false"
"2024-11-21","Other Entertainment","9.26","posted","Entertainment","Entertainment","false","","regular","Primary CC","4832","","false"
"2024-11-22","Amazon","13.03","posted","Shops","Shopping","false","","regular","Primary CC","4832","","false"
"2024-11-22","Nyct Paygo","3","posted","Train","Transportation","false","","regular","Secondary CC","7291","","false"
"2024-11-22","T-Mobile","30","posted","Phone","Utilities","false","","regular","Primary CC","4832","","false"
"2024-11-22","Mta*Nyct Paygo","2.9","posted","Train","Transportation","false","","regular","Secondary CC","7291","","false"
"2024-11-22","Land To Sea","4.39","posted","Cafés","Food & Drink","false","","regular","Debit","3456","","false"
"2024-11-23","Nyct Paygo","3","posted","Train","Transportation","false","","regular","Secondary CC","7291","","false"
"2024-11-23","Target","21.13","posted","Groceries","Food & Drink","false","","regular","Secondary CC","7291","","false"
"2024-11-23","Venmo Cashout","125.08","posted","Transfer","Transfer","true","","internal transfer","Checking","3456","","false"
"2024-11-23","Other Café","3.28","posted","Cafés","Food & Drink","false","","regular","Primary CC","4832","","false"
"2024-11-24","Symbioun Payroll","-2579.81","posted","Payroll","Income","true","","income","Checking","3456","","true"
"2024-11-24","Nyct Paygo","3","posted","Train","Transportation","false","","regular","Secondary CC","7291","","false"
"2024-11-24","Other Bar","17.59","posted","Bars","Food & Drink","false","","regular","Primary CC","4832","","false"
"2024-11-25","Nyct Paygo","2.9","posted","Train","Transportation","false","","regular","Secondary CC","7291","","false"
"2024-11-25","Other Fast Food","11.13","posted","Fast Food","Food & Drink","false","","regular","Secondary CC","7291","","false"
"2024-11-25","Nyct Paygo","2.9","posted","Train","Transportation","false","","regular","Secondary CC","7291","","false"
"2024-11-25","AMC Theatres","30.57","posted","Entertainment","Entertainment","false","","regular","Primary CC","4832","","false"
"2024-11-25","Credit Card Payment","-1198.18","posted","Credit Card Payment","Transfer","true","","internal transfer","Checking","3456","","true"
"2024-11-25","Nyct Paygo","2.9","posted","Train","Transportation","false","","regular","Primary CC","4832","","false"
"2024-11-25","Amazon","15.72","posted","Other","Other","false","","regular","Debit","3456","","false"
"2024-11-26","Nyct Paygo","2.9","posted","Train","Transportation","false","","regular","Secondary CC","7291","","false"
"2024-11-26","Mta*Nyct Paygo","3","posted","Train","Transportation","false","","regular","Secondary CC","7291","","false"
"2024-11-26","Whole Foods","14.04","posted","Groceries","Food & Drink","false","","regular","Secondary CC","7291","","false"
"2024-11-26","Trader Joe's","41.06","posted","Groceries","Food & Drink","false","","regular","Secondary CC","7291","","false"
"2024-11-26","Mta*Nyct Paygo","2.9","posted","Train","Transportation","false","","regular","Secondary CC","7291","","false"
"2024-11-27","Other Grocery","25.74","posted","Groceries","Food & Drink","false","","regular","Primary CC","4832","","false"
"2024-11-27","Keep The Change Transfer","-0.19","posted","Savings","Transfer","true","","internal transfer","Checking","3456","","false"
"2024-11-27","Square Payroll","-413.58","posted","Side Income","Income","true","","income","Checking","3456","","true"
"2024-11-27","Café Regular","9.46","posted","Cafés","Food & Drink","false","","regular","Primary CC","4832","","false"
"2024-11-28","Five Guys","10.66","posted","Fast Food","Food & Drink","false","","regular","Debit","3456","","false"
"2024-11-28","Uber","11.91","posted","Uber","Transportation","false","","regular","Secondary CC","7291","","false"
"2024-11-28","Nyct Paygo","3","posted","Train","Transportation","false","","regular","Primary CC","4832","","false"
"2024-11-28","Nyct Paygo","2.9","posted","Train","Transportation","false","","regular","Primary CC","4832","","false"
"2024-11-28","Nyct Paygo","3","posted","Train","Transportation","false","","regular","Secondary CC","7291","","false"
"2024-11-28","Other Shop","26.78","posted","Shops","Shopping","false","","regular","Primary CC","4832","","false"
"2024-11-28","Interest Payment","-4.55","posted","Interest","Income","true","","income","Savings","6789","","true"
"2024-11-28","Nyct Paygo","3","posted","Train","Transportation","false","","regular","Secondary CC","7291","","false"
"2024-11-29","Other Merchant","17.71","posted","Other","Other","false","","regular","Primary CC","4832","","false"
"2024-11-29","Mta*Nyct Paygo","2.9","posted","Train","Transportation","false","","regular","Secondary CC","7291","","false"
"2024-11-29","Costco","97.04","posted","Groceries","Food & Drink","false","","regular","Debit","3456","","false"
"2024-11-30","Other Restaurant","21.53","posted","Restaurants","Food & Drink","false","","regular","Secondary CC","7291","","false"
"2024-11-30","Other Shop","23.73","posted","Shops","Shopping","false","","regular","Primary CC","4832","","false"
"2024-11-30","Panera Bread","12.63","posted","Fast Food","Food & Drink","false","","regular","Primary CC","4832","","false"
"2024-11-30","Nyct Paygo","2.9","posted","Train","Transportation","false","","regular","Primary CC","4832","","false"
"2024-11-30","Blue Bottle","3.38","posted","Cafés","Food & Drink","false","","regular","Primary CC","4832","","false"
"2024-11-30","Nyct Paygo","2.9","posted","Train","Transportation","false","","regular","Secondary CC","7291","","false"
"2024-12-01","Sweetleaf","5.7","posted","Cafés","Food & Drink","false","","regular","Debit","3456","","false"
"2024-12-01","Rent Payment","1350","posted","Rent","Housing","false","","regular","Checking","3456","","true"
"2024-12-01","Rent Payment","1350","posted","Rent","Housing","false","","regular","Checking","3456","","true"
"2024-12-01","Laundromat","20","posted","Laundry","Personal Care","false","","regular","Debit","3456","","false"
"2024-12-02","Sushi Katsuei","43.97","posted","Restaurants","Food & Drink","false","","regular","Primary CC","4832","","false"
"2024-12-02","Nyct Paygo","2.9","posted","Train","Transportation","false","","regular","Secondary CC","7291","","false"
"2024-12-02","Diner","55.58","posted","Restaurants","Food & Drink","false","","regular","Primary CC","4832","","false"
"2024-12-02","Keep The Change Transfer","-0.94","posted","Savings","Transfer","true","","internal transfer","Checking","3456","","false"
"2024-12-03","Lark Cafe","-26.23","posted","Tips","Income","true","","income","Checking","3456","","false"
"2024-12-03","Other Clothing","26.58","posted","Clothing","Shopping","false","","regular","Primary CC","4832","","false"
"2024-12-04","Trader Joe's","26.15","posted","Groceries","Food & Drink","false","","regular","Debit","3456","","false"
"2024-12-04","Nyct Paygo","3","posted","Train","Transportation","false","","regular","Secondary CC","7291","","false"
"2024-12-04","Verizon Fios","69.99","posted","Internet","Utilities","false","","regular","Primary CC","4832","","false"
"2024-12-05","Nyct Paygo","2.9","posted","Train","Transportation","false","","regular","Secondary CC","7291","","false"
"2024-12-05","Nyct Paygo","2.9","posted","Train","Transportation","false","","regular","Secondary CC","7291","","false"
"2024-12-05","Okonomi","45.95","posted","Restaurants","Food & Drink","false","","regular","Venmo","9012","","false"
"2024-12-05","Rite Aid","37.43","posted","Pharmacy","Health","false","","regular","Primary CC","4832","","false"
"2024-12-05","Spotify","28.19","posted","Entertainment","Entertainment","false","","regular","Primary CC","4832","","false"
"2024-12-05","Other Fast Food","20.6","posted","Fast Food","Food & Drink","false","","regular","Primary CC","4832","","false"
"2024-12-06","Other Grocery","72.48","posted","Groceries","Food & Drink","false","","regular","Debit","3456","","false"
"2024-12-06","Nyct Paygo","3","posted","Train","Transportation","false","","regular","Secondary CC","7291","","false"
"2024-12-06","C-Town","16.63","posted","Groceries","Food & Drink","false","","regular","Primary CC","4832","","false"
"2024-12-07","Nyct Paygo","2.9","posted","Train","Transportation","false","","regular","Secondary CC","7291","","false"
"2024-12-07","Other Restaurant","13.96","posted","Restaurants","Food & Drink","false","","regular","Secondary CC","7291","","false"
"2024-12-07","Café Regular","10.22","posted","Cafés","Food & Drink","false","","regular","Primary CC","4832","","false"
"2024-12-07","Devocion","15.15","posted","Cafés","Food & Drink","false","","regular","Primary CC","4832","","false"
"2024-12-07","Verizon Fios","49.99","posted","Internet","Utilities","false","","regular","Checking","3456","","false"
"2024-12-07","Other Entertainment","20.25","posted","Entertainment","Entertainment","false","","regular","Secondary CC","7291","","false"
"2024-12-07","Mta*Nyct Paygo","2.9","posted","Train","Transportation","false","","regular","Primary CC","4832","","false"
"2024-12-07","Other Merchant","15.9","posted","Other","Other","false","","regular","Primary CC","4832","","false"
"2024-12-07","Nyct Paygo","2.9","posted","Train","Transportation","false","","regular","Secondary CC","7291","","false"
"2024-12-08","Joe Coffee","4.22","posted","Cafés","Food & Drink","false","","regular","Secondary CC","7291","","false"
"2024-12-08","Other Grocery","27.82","posted","Groceries","Food & Drink","false","","regular","Primary CC","4832","","false"
"2024-12-08","Food Bazaar","39.01","posted","Groceries","Food & Drink","false","","regular","Primary CC","4832","","false"
"2024-12-08","Symbioun Payroll","-2559.93","posted","Payroll","Income","true","","income","Checking","3456","","true"
"2024-12-08","Laundromat","8.5","posted","Laundry","Personal Care","false","","regular","Debit","3456","","false"
"2024-12-08","Nyct Paygo","3","posted","Train","Transportation","false","","regular","Secondary CC","7291","","false"
"2024-12-08","C-Town","21.87","posted","Groceries","Food & Drink","false","","regular","Primary CC","4832","","false"
"2024-12-09","Sushi Katsuei","36.34","posted","Restaurants","Food & Drink","false","","regular","Primary CC","4832","","false"
"2024-12-09","Other Restaurant","24.63","posted","Restaurants","Food & Drink","false","","regular","Primary CC","4832","","false"
"2024-12-09","Other Restaurant","30.46","posted","Restaurants","Food & Drink","false","","regular","Secondary CC","7291","","false"
"2024-12-10","Other Restaurant","25.41","posted","Restaurants","Food & Drink","false","","regular","Primary CC","4832","","false"
"2024-12-10","Rite Aid","25.02","posted","Pharmacy","Health","false","","regular","Primary CC","4832","","false"
"2024-12-10","Conductor Inc Deposit","-779.57","posted","Side Income","Income","true","","income","Checking","3456","","false"
"2024-12-10","Sweetgreen","5.99","posted","Fast Food","Food & Drink","false","","regular","Secondary CC","7291","","false"
"2024-12-11","Whole Foods","15.07","posted","Groceries","Food & Drink","false","","regular","Debit","3456","","false"
"2024-12-11","Square Payroll","-481.03","posted","Side Income","Income","true","","income","Checking","3456","","true"
"2024-12-11","Uber","6","posted","Uber","Transportation","false","","regular","Primary CC","4832","","false"
"2024-12-11","Nyct Paygo","2.9","posted","Train","Transportation","false","","regular","Secondary CC","7291","","false"
"2024-12-11","Nyct Paygo","2.9","posted","Train","Transportation","false","","regular","Primary CC","4832","","false"
"2024-12-11","Trader Joe's","56.33","posted","Groceries","Food & Drink","false","","regular","Debit","3456","","false"
"2024-12-12","Other Merchant","8.7","posted","Other","Other","false","","regular","Primary CC","4832","","false"
"2024-12-12","Shake Shack","15.34","posted","Fast Food","Food & Drink","false","","regular","Secondary CC","7291","","false"
"2024-12-12","Other Restaurant","35.79","posted","Restaurants","Food & Drink","false","","regular","Debit","3456","","false"
"2024-12-12","Nyct Paygo","2.9","posted","Train","Transportation","false","","regular","Secondary CC","7291","","false"
"2024-12-13","Trader Joe's","9.53","posted","Groceries","Food & Drink","false","","regular","Secondary CC","7291","","false"
"2024-12-13","Nyct Paygo","3","posted","Train","Transportation","false","","regular","Secondary CC","7291","","false"
"2024-12-13","Nyct Paygo","2.9","posted","Train","Transportation","false","","regular","Secondary CC","7291","","false"
"2024-12-14","Other Bar","12.28","posted","Bars","Food & Drink","false","","regular","Primary CC","4832","","false"
"2024-12-14","Mta*Nyct Paygo","2.9","posted","Train","Transportation","false","","regular","Secondary CC","7291","","false"
"2024-12-14","Other Entertainment","54.92","posted","Entertainment","Entertainment","false","","regular","Secondary CC","7291","","false"
"2024-12-14","Venmo Cashout","48.47","posted","Transfer","Transfer","true","","internal transfer","Checking","3456","","false"
"2024-12-14","Misc Purchase","21.3","posted","Other","Other","false","","regular","Primary CC","4832","","false"
"2024-12-14","Zara","35.37","posted","Clothing","Shopping","false","","regular","Primary CC","4832","","false"
"2024-12-14","Whole Foods","29.69","posted","Groceries","Food & Drink","false","","regular","Primary CC","4832","","false"
"2024-12-14","Other Merchant","8.97","posted","Other","Other","false","","regular","Primary CC","4832","","false"
"2024-12-14","Other Entertainment","7.9","posted","Entertainment","Entertainment","false","","regular","Primary CC","4832","","false"
"2024-12-14","Amazon","28.84","posted","Other","Other","false","","regular","Primary CC","4832","","false"
"2024-12-15","Other Restaurant","29.41","posted","Restaurants","Food & Drink","false","","regular","Primary CC","4832","","false"
"2024-12-15","Apple.com/bill","6.99","posted","Subscriptions","Entertainment","false","","regular","Primary CC","4832","","true"
"2024-12-15","Uber","21.55","posted","Uber","Transportation","false","","regular","Secondary CC","7291","","false"
"2024-12-15","Nyct Paygo","2.9","posted","Train","Transportation","false","","regular","Secondary CC","7291","","false"
"2024-12-15","Blue Bottle","4.57","posted","Cafés","Food & Drink","false","","regular","Debit","3456","","false"
"2024-12-16","Amazon","23.05","posted","Shops","Shopping","false","","regular","Primary CC","4832","","false"
"2024-12-16","Subway","18.1","posted","Fast Food","Food & Drink","false","","regular","Primary CC","4832","","false"
"2024-12-17","Nyct Paygo","2.9","posted","Train","Transportation","false","","regular","Secondary CC","7291","","false"
"2024-12-17","Mta*Nyct Paygo","2.9","posted","Train","Transportation","false","","regular","Secondary CC","7291","","false"
"2024-12-17","Trader Joe's","25.21","posted","Groceries","Food & Drink","false","","regular","Debit","3456","","false"
"2024-12-17","Nyct Paygo","3","posted","Train","Transportation","false","","regular","Secondary CC","7291","","false"
"2024-12-17","Sweetleaf","5.82","posted","Cafés","Food & Drink","false","","regular","Debit","3456","","false"
"2024-12-17","Nyct Paygo","2.9","posted","Train","Transportation","false","","regular","Secondary CC","7291","","false"
"2024-12-17","Keep The Change Transfer","-0.53","posted","Savings","Transfer","true","","internal transfer","Checking","3456","","false"
"2024-12-17","Nyct Paygo","2.9","posted","Train","Transportation","false","","regular","Secondary CC","7291","","false"
"2024-12-18","Mta*Nyct Paygo","2.9","posted","Train","Transportation","false","","regular","Secondary CC","7291","","false"
"2024-12-18","Devocion","5.23","posted","Cafés","Food & Drink","false","","regular","Secondary CC","7291","","false"
"2024-12-18","Nyct Paygo","2.9","posted","Train","Transportation","false","","regular","Secondary CC","7291","","false"
"2024-12-18","Nyct Paygo","2.9","posted","Train","Transportation","false","","regular","Secondary CC","7291","","false"
"2024-12-18","Paintbox","36.81","posted","Nails","Personal Care","false","","regular","Debit","3456","","false"
"2024-12-18","Other Clothing","75.46","posted","Clothing","Shopping","false","","regular","Primary CC","4832","","false"
"2024-12-18","Lark Cafe","-173.12","posted","Tips","Income","true","","income","Checking","3456","","false"
"2024-12-18","Metropolitan Tra","3","posted","Train","Transportation","false","","regular","Secondary CC","7291","","false"
"2024-12-18","Nyct Paygo","2.9","posted","Train","Transportation","false","","regular","Secondary CC","7291","","false"
"2024-12-18","Other Restaurant","69.71","posted","Restaurants","Food & Drink","false","","regular","Debit","3456","","false"
"2024-12-19","Mta*Nyct Paygo","2.9","posted","Train","Transportation","false","","regular","Primary CC","4832","","false"
"2024-12-19","Nyct Paygo","2.9","posted","Train","Transportation","false","","regular","Secondary CC","7291","","false"
"2024-12-19","Other Merchant","18.21","posted","Other","Other","false","","regular","Primary CC","4832","","false"
"2024-12-19","Venmo Cashout","132.1","posted","Transfer","Transfer","true","","internal transfer","Checking","3456","","false"
"2024-12-20","Navient Student Loan","280","posted","Student Loan","Debt","false","","regular","Checking","3456","","true"
"2024-12-20","Nyct Paygo","2.9","posted","Train","Transportation","false","","regular","Secondary CC","7291","","false"
"2024-12-20","Nyct Paygo","2.9","posted","Train","Transportation","false","","regular","Secondary CC","7291","","false"
"2024-12-21","Celsious","12","posted","Laundry","Personal Care","false","","regular","Debit","3456","","false"
"2024-12-21","Misc Purchase","42.7","posted","Other","Other","false","","regular","Primary CC","4832","","false"
"2024-12-21","Mta*Nyct Paygo","2.9","posted","Train","Transportation","false","","regular","Secondary CC","7291","","false"
"2024-12-22","Nyct Paygo","3","posted","Train","Transportation","false","","regular","Secondary CC","7291","","false"
"2024-12-22","Other Fast Food","8.8","posted","Fast Food","Food & Drink","false","","regular","Debit","3456","","false"
"2024-12-22","Mta*Nyct Paygo","2.9","posted","Train","Transportation","false","","regular","Secondary CC","7291","","false"
"2024-12-22","Other Shop","60.26","posted","Shops","Shopping","false","","regular","Primary CC","4832","","false"
"2024-12-22","Symbioun Payroll","-2562.89","posted","Payroll","Income","true","","income","Checking","3456","","true"
"2024-12-22","Keep The Change Transfer","-0.76","posted","Savings","Transfer","true","","internal transfer","Checking","3456","","false"
"2024-12-23","Joe Coffee","8.71","posted","Cafés","Food & Drink","false","","regular","Primary CC","4832","","false"
"2024-12-23","Other Fast Food","10.03","posted","Fast Food","Food & Drink","false","","regular","Debit","3456","","false"
"2024-12-23","Nyct Paygo","2.9","posted","Train","Transportation","false","","regular","Secondary CC","7291","","false"
"2024-12-23","Metropolitan Tra","3","posted","Train","Transportation","false","","regular","Secondary CC","7291","","false"
"2024-12-24","McDonald's","16.83","posted","Fast Food","Food & Drink","false","","regular","Primary CC","4832","","false"
"2024-12-24","Mta*Nyct Paygo","2.9","posted","Train","Transportation","false","","regular","Secondary CC","7291","","false"
"2024-12-24","Nyct Paygo","2.9","posted","Train","Transportation","false","","regular","Primary CC","4832","","false"
"2024-12-25","Shake Shack","22.2","posted","Fast Food","Food & Drink","false","","regular","Debit","3456","","false"
"2024-12-25","Nyct Paygo","2.9","posted","Train","Transportation","false","","regular","Secondary CC","7291","","false"
"2024-12-25","Food Bazaar","21.71","posted","Groceries","Food & Drink","false","","regular","Secondary CC","7291","","false"
"2024-12-25","C-Town","12.51","posted","Groceries","Food & Drink","false","","regular","Secondary CC","7291","","false"
"2024-12-25","Square Payroll","-397.71","posted","Side Income","Income","true","","income","Checking","3456","","true"
"2024-12-25","Nyct Paygo","2.9","posted","Train","Transportation","false","","regular","Secondary CC","7291","","false"
"2024-12-25","T-Mobile","30","posted","Phone","Utilities","false","","regular","Secondary CC","7291","","false"
"2024-12-25","Credit Card Payment","-1023.2","posted","Credit Card Payment","Transfer","true","","internal transfer","Checking","3456","","true"
"2024-12-26","Nyct Paygo","3","posted","Train","Transportation","false","","regular","Secondary CC","7291","","false"
"2024-12-26","Trader Joe's","17.08","posted","Groceries","Food & Drink","false","","regular","Debit","3456","","false"
"2024-12-26","Other Clothing","101.51","posted","Clothing","Shopping","false","","regular","Secondary CC","7291","","false"
"2024-12-26","Land To Sea","9.96","posted","Cafés","Food & Drink","false","","regular","Secondary CC","7291","","false"
"2024-12-26","Duane Reade","14.54","posted","Other","Other","false","","regular","Debit","3456","","false"
"2024-12-26","Nyct Paygo","3","posted","Train","Transportation","false","","regular","Secondary CC","7291","","false"
"2024-12-27","Nyct Paygo","2.9","posted","Train","Transportation","false","","regular","Secondary CC","7291","","false"
"2024-12-27","Uber","37.72","posted","Uber","Transportation","false","","regular","Secondary CC","7291","","false"
"2024-12-27","Metropolitan Tra","2.9","posted","Train","Transportation","false","","regular","Secondary CC","7291","","false"
"2024-12-27","Mta*Nyct Paygo","2.9","posted","Train","Transportation","false","","regular","Secondary CC","7291","","false"
"2024-12-28","Other Restaurant","45.57","posted","Restaurants","Food & Drink","false","","regular","Secondary CC","7291","","false"
"2024-12-28","AMC Theatres","10.72","posted","Entertainment","Entertainment","false","","regular","Secondary CC","7291","","false"
"2024-12-28","Interest Payment","-3.15","posted","Interest","Income","true","","income","Savings","6789","","true"
"2024-12-28","Other Shop","5.02","posted","Shops","Shopping","false","","regular","Primary CC","4832","","false"
"2024-12-28","Nyct Paygo","2.9","posted","Train","Transportation","false","","regular","Secondary CC","7291","","false"
"2024-12-29","Metropolitan Tra","3","posted","Train","Transportation","false","","regular","Secondary CC","7291","","false"
"2024-12-29","Other Merchant","45.45","posted","Other","Other","false","","regular","Primary CC","4832","","false"
"2024-12-30","Chick-Fil-A","11.3","posted","Fast Food","Food & Drink","false","","regular","Primary CC","4832","","false"
"2024-12-30","Nyct Paygo","2.9","posted","Train","Transportation","false","","regular","Secondary CC","7291","","false"
"2024-12-30","Uber","46.29","posted","Uber","Transportation","false","","regular","Secondary CC","7291","","false"
"2024-12-30","Nyct Paygo","2.9","posted","Train","Transportation","false","","regular","Secondary CC","7291","","false"
"2024-12-30","Nyct Paygo","2.9","posted","Train","Transportation","false","","regular","Secondary CC","7291","","false"
"2024-12-31","Nyct Paygo","3","posted","Train","Transportation","false","","regular","Secondary CC","7291","","false"
"2024-12-31","Verizon Fios","59.99","posted","Internet","Utilities","false","","regular","Primary CC","4832","","false"
"2024-12-31","Starbucks","4.56","posted","Cafés","Food & Drink","false","","regular","Secondary CC","7291","","false"
"2025-01-01","Rent Payment","1350","posted","Rent","Housing","false","","regular","Checking","3456","","true"
"2025-01-01","Nyct Paygo","2.9","posted","Train","Transportation","false","","regular","Secondary CC","7291","","false"
"2025-01-01","Celsious","8.5","posted","Laundry","Personal Care","false","","regular","Primary CC","4832","","false"
"2025-01-01","Trader Joe's","13.54","posted","Groceries","Food & Drink","false","","regular","Secondary CC","7291","","false"
"2025-01-01","Sweetleaf","3.57","posted","Cafés","Food & Drink","false","","regular","Primary CC","4832","","false"
"2025-01-02","Key Food","9.88","posted","Groceries","Food & Drink","false","","regular","Debit","3456","","false"
"2025-01-02","Metropolitan Tra","2.9","posted","Train","Transportation","false","","regular","Secondary CC","7291","","false"
"2025-01-02","Café Regular","5.35","posted","Cafés","Food & Drink","false","","regular","Primary CC","4832","","false"
"2025-01-03","Nyct Paygo","2.9","posted","Train","Transportation","false","","regular","Secondary CC","7291","","false"
"2025-01-03","Land To Sea","3.18","posted","Cafés","Food & Drink","false","","regular","Primary CC","4832","","false"
"2025-01-03","Con Edison","30","posted","Gas & Electric","Utilities","false","","regular","Primary CC","4832","","false"
"2025-01-03","Metropolitan Tra","2.9","posted","Train","Transportation","false","","regular","Secondary CC","7291","","false"
"2025-01-03","Nyct Paygo","2.9","posted","Train","Transportation","false","","regular","Secondary CC","7291","","false"
"2025-01-03","Mta*Nyct Paygo","2.9","posted","Train","Transportation","false","","regular","Secondary CC","7291","","false"
"2025-01-03","Nyct Paygo","3","posted","Train","Transportation","false","","regular","Secondary CC","7291","","false"
"2025-01-04","Chick-Fil-A","17.28","posted","Fast Food","Food & Drink","false","","regular","Debit","3456","","false"
"2025-01-04","C-Town","36.49","posted","Groceries","Food & Drink","false","","regular","Secondary CC","7291","","false"
"2025-01-05","Amazon","14.69","posted","Shops","Shopping","false","","regular","Secondary CC","7291","","false"
"2025-01-05","Whole Foods","104.64","posted","Groceries","Food & Drink","false","","regular","Secondary CC","7291","","false"
"2025-01-05","Symbioun Payroll","-2579.62","posted","Payroll","Income","true","","income","Checking","3456","","true"
"2025-01-05","Nyct Paygo","3","posted","Train","Transportation","false","","regular","Secondary CC","7291","","false"
"2025-01-05","Nyct Paygo","3","posted","Train","Transportation","false","","regular","Primary CC","4832","","false"
"2025-01-05","Land To Sea","7.25","posted","Cafés","Food & Drink","false","","regular","Primary CC","4832","","false"
"2025-01-05","Verizon Fios","59.99","posted","Internet","Utilities","false","","regular","Primary CC","4832","","false"
"2025-01-05","Other Shop","29.35","posted","Shops","Shopping","false","","regular","Secondary CC","7291","","false"
"2025-01-06","Uber","6","posted","Uber","Transportation","false","","regular","Primary CC","4832","","false"
"2025-01-06","AMC Theatres","21.51","posted","Entertainment","Entertainment","false","","regular","Debit","3456","","false"
"2025-01-06","Costco","25.8","posted","Groceries","Food & Drink","false","","regular","Primary CC","4832","","false"
"2025-01-06","Nyct Paygo","3","posted","Train","Transportation","false","","regular","Secondary CC","7291","","false"
"2025-01-06","Whole Foods","13.41","posted","Groceries","Food & Drink","false","","regular","Primary CC","4832","","false"
"2025-01-07","Other Grocery","35.73","posted","Groceries","Food & Drink","false","","regular","Primary CC","4832","","false"
"2025-01-07","CVS","16.8","posted","Other","Other","false","","regular","Secondary CC","7291","","false"
"2025-01-07","Nyct Paygo","3","posted","Train","Transportation","false","","regular","Primary CC","4832","","false"
"2025-01-07","Other Entertainment","13.06","posted","Entertainment","Entertainment","false","","regular","Primary CC","4832","","false"
"2025-01-08","Lark Cafe","-132.11","posted","Tips","Income","true","","income","Checking","3456","","false"
"2025-01-08","Square Payroll","-428.09","posted","Side Income","Income","true","","income","Checking","3456","","true"
"2025-01-08","Other Fast Food","35","posted","Fast Food","Food & Drink","false","","regular","Primary CC","4832","","false"
"2025-01-09","Conductor Inc Deposit","-829.51","posted","Side Income","Income","true","","income","Checking","3456","","false"
"2025-01-09","CVS","22.74","posted","Pharmacy","Health","false","","regular","Primary CC","4832","","false"
"2025-01-09","Uber","11.28","posted","Uber","Transportation","false","","regular","Secondary CC","7291","","false"
"2025-01-09","Misc Purchase","16.82","posted","Other","Other","false","","regular","Primary CC","4832","","false"
"2025-01-09","Keep The Change Transfer","-0.3","posted","Savings","Transfer","true","","internal transfer","Checking","3456","","false"
"2025-01-09","Mta*Nyct Paygo","2.9","posted","Train","Transportation","false","","regular","Secondary CC","7291","","false"
"2025-01-10","Nyct Paygo","2.9","posted","Train","Transportation","false","","regular","Secondary CC","7291","","false"
"2025-01-10","CVS","8.82","posted","Pharmacy","Health","false","","regular","Debit","3456","","false"
"2025-01-10","Mint Mobile","15","posted","Phone","Utilities","false","","regular","Secondary CC","7291","","false"
"2025-01-10","Mta*Nyct Paygo","2.9","posted","Train","Transportation","false","","regular","Secondary CC","7291","","false"
"2025-01-10","Chipotle","9.45","posted","Fast Food","Food & Drink","false","","regular","Secondary CC","7291","","false"
"2025-01-11","Other Clothing","60.92","posted","Clothing","Shopping","false","","regular","Primary CC","4832","","false"
"2025-01-11","Chipotle","8.11","posted","Fast Food","Food & Drink","false","","regular","Secondary CC","7291","","false"
"2025-01-11","Mta*Nyct Paygo","2.9","posted","Train","Transportation","false","","regular","Secondary CC","7291","","false"
"2025-01-11","Other Shop","41.17","posted","Shops","Shopping","false","","regular","Primary CC","4832","","false"
"2025-01-12","C-Town","39.49","posted","Groceries","Food & Drink","false","","regular","Primary CC","4832","","false"
"2025-01-12","Sweetgreen","23.39","posted","Fast Food","Food & Drink","false","","regular","Secondary CC","7291","","false"
"2025-01-13","The Levee","28.45","posted","Bars","Food & Drink","false","","regular","Primary CC","4832","","false"
"2025-01-13","CVS","19.56","posted","Pharmacy","Health","false","","regular","Primary CC","4832","","false"
"2025-01-13","CVS","28.71","posted","Other","Other","false","","regular","Debit","3456","","false"
"2025-01-13","Nyct Paygo","2.9","posted","Train","Transportation","false","","regular","Secondary CC","7291","","false"
"2025-01-13","Other Café","8.68","posted","Cafés","Food & Drink","false","","regular","Primary CC","4832","","false"
"2025-01-13","Nyct Paygo","2.9","posted","Train","Transportation","false","","regular","Secondary CC","7291","","false"
"2025-01-13","Mta*Nyct Paygo","2.9","posted","Train","Transportation","false","","regular","Secondary CC","7291","","false"
"2025-01-13","Thai Villa","59.69","posted","Restaurants","Food & Drink","false","","regular","Secondary CC","7291","","false"
"2025-01-13","Starbucks","6.22","posted","Cafés","Food & Drink","false","","regular","Secondary CC","7291","","false"
"2025-01-14","Other Restaurant","51.34","posted","Restaurants","Food & Drink","false","","regular","Secondary CC","7291","","false"
"2025-01-14","Nyct Paygo","2.9","posted","Train","Transportation","false","","regular","Secondary CC","7291","","false"
"2025-01-14","Shake Shack","16.41","posted","Fast Food","Food & Drink","false","","regular","Primary CC","4832","","false"
"2025-01-14","Trader Joe's","21.34","posted","Groceries","Food & Drink","false","","regular","Primary CC","4832","","false"
"2025-01-14","Apple.com/bill","6.99","posted","Subscriptions","Entertainment","false","","regular","Primary CC","4832","","true"
"2025-01-15","Food Bazaar","78.96","posted","Groceries","Food & Drink","false","","regular","Primary CC","4832","","false"
"2025-01-15","Mta*Nyct Paygo","2.9","posted","Train","Transportation","false","","regular","Secondary CC","7291","","false"
"2025-01-15","Nyct Paygo","2.9","posted","Train","Transportation","false","","regular","Secondary CC","7291","","false"
"2025-01-15","CVS","28.74","posted","Pharmacy","Health","false","","regular","Primary CC","4832","","false"
"2025-01-15","Starbucks","8.63","posted","Cafés","Food & Drink","false","","regular","Primary CC","4832","","false"
"2025-01-16","Sweetgreen","6.63","posted","Fast Food","Food & Drink","false","","regular","Primary CC","4832","","false"
"2025-01-16","Mta*Nyct Paygo","2.9","posted","Train","Transportation","false","","regular","Secondary CC","7291","","false"
"2025-01-16","Sweetleaf","6.61","posted","Cafés","Food & Drink","false","","regular","Secondary CC","7291","","false"
"2025-01-16","Nyct Paygo","3","posted","Train","Transportation","false","","regular","Secondary CC","7291","","false"
"2025-01-16","Lyft","9.91","posted","Uber","Transportation","false","","regular","Secondary CC","7291","","false"
"2025-01-16","Venmo Cashout","97.63","posted","Transfer","Transfer","true","","internal transfer","Checking","3456","","false"
"2025-01-16","Nyct Paygo","2.9","posted","Train","Transportation","false","","regular","Secondary CC","7291","","false"
"2025-01-16","Lark Cafe","-67.81","posted","Tips","Income","true","","income","Checking","3456","","false"
"2025-01-16","Other Merchant","27.42","posted","Other","Other","false","","regular","Secondary CC","7291","","false"
"2025-01-17","McDonald's","8.12","posted","Fast Food","Food & Drink","false","","regular","Primary CC","4832","","false"
"2025-01-17","Other Clothing","27.56","posted","Clothing","Shopping","false","","regular","Primary CC","4832","","false"
"2025-01-17","Partners Coffee","5.92","posted","Cafés","Food & Drink","false","","regular","Secondary CC","7291","","false"
"2025-01-17","Con Edison","30","posted","Gas & Electric","Utilities","false","","regular","Primary CC","4832","","false"
"2025-01-18","Land To Sea","8.74","posted","Cafés","Food & Drink","false","","regular","Secondary CC","7291","","false"
"2025-01-18","Mta*Nyct Paygo","3","posted","Train","Transportation","false","","regular","Primary CC","4832","","false"
"2025-01-19","Nyct Paygo","2.9","posted","Train","Transportation","false","","regular","Secondary CC","7291","","false"
"2025-01-19","Trader Joe's","23.89","posted","Groceries","Food & Drink","false","","regular","Secondary CC","7291","","false"
"2025-01-19","Navient Student Loan","280","posted","Student Loan","Debt","false","","regular","Checking","3456","","true"
"2025-01-19","Symbioun Payroll","-2554.08","posted","Payroll","Income","true","","income","Checking","3456","","true"
"2025-01-19","Keep The Change Transfer","-0.79","posted","Savings","Transfer","true","","internal transfer","Checking","3456","","false"
"2025-01-19","Target","41.8","posted","Shops","Shopping","false","","regular","Debit","3456","","false"
"2025-01-19","Nyct Paygo","2.9","posted","Train","Transportation","false","","regular","Secondary CC","7291","","false"
"2025-01-19","Nyct Paygo","2.9","posted","Train","Transportation","false","","regular","Secondary CC","7291","","false"
"2025-01-19","Uber","13.38","posted","Uber","Transportation","false","","regular","Primary CC","4832","","false"
"2025-01-20","Other Restaurant","27.55","posted","Restaurants","Food & Drink","false","","regular","Secondary CC","7291","","false"
"2025-01-21","Regal Cinema","16.74","posted","Entertainment","Entertainment","false","","regular","Primary CC","4832","","false"
"2025-01-21","Nyct Paygo","3","posted","Train","Transportation","false","","regular","Secondary CC","7291","","false"
"2025-01-21","Metropolitan Tra","3","posted","Train","Transportation","false","","regular","Secondary CC","7291","","false"
"2025-01-22","Okonomi","42.03","posted","Restaurants","Food & Drink","false","","regular","Venmo","9012","","false"
"2025-01-22","C-Town","39.04","posted","Groceries","Food & Drink","false","","regular","Debit","3456","","false"
"2025-01-22","Nyct Paygo","2.9","posted","Train","Transportation","false","","regular","Secondary CC","7291","","false"
"2025-01-22","Square Payroll","-385.87","posted","Side Income","Income","true","","income","Checking","3456","","true"
"2025-01-22","CVS","46.54","posted","Other","Other","false","","regular","Primary CC","4832","","false"
"2025-01-22","Land To Sea","7.16","posted","Cafés","Food & Drink","false","","regular","Primary CC","4832","","false"
"2025-01-23","Nyct Paygo","2.9","posted","Train","Transportation","false","","regular","Secondary CC","7291","","false"
"2025-01-23","Key Food","200","posted","Groceries","Food & Drink","false","","regular","Primary CC","4832","","false"
"2025-01-23","Nyct Paygo","2.9","posted","Train","Transportation","false","","regular","Secondary CC","7291","","false"
"2025-01-23","Other Fast Food","16.48","posted","Fast Food","Food & Drink","false","","regular","Secondary CC","7291","","false"
"2025-01-24","Nyct Paygo","2.9","posted","Train","Transportation","false","","regular","Secondary CC","7291","","false"
"2025-01-24","Nyct Paygo","2.9","posted","Train","Transportation","false","","regular","Secondary CC","7291","","false"
"2025-01-24","Credit Card Payment","-1155.96","posted","Credit Card Payment","Transfer","true","","internal transfer","Checking","3456","","true"
"2025-01-24","Whole Foods","33.91","posted","Groceries","Food & Drink","false","","regular","Debit","3456","","false"
"2025-01-24","Shake Shack","18.62","posted","Fast Food","Food & Drink","false","","regular","Primary CC","4832","","false"
"2025-01-24","Venmo Cashout","117.11","posted","Transfer","Transfer","true","","internal transfer","Checking","3456","","false"
"2025-01-25","Nyct Paygo","2.9","posted","Train","Transportation","false","","regular","Secondary CC","7291","","false"
"2025-01-25","Other Bar","32.9","posted","Bars","Food & Drink","false","","regular","Venmo","9012","","false"
"2025-01-25","Trader Joe's","23.44","posted","Groceries","Food & Drink","false","","regular","Secondary CC","7291","","false"
"2025-01-25","Celsious","15","posted","Laundry","Personal Care","false","","regular","Debit","3456","","false"
"2025-01-25","Keep The Change Transfer","-0.36","posted","Savings","Transfer","true","","internal transfer","Checking","3456","","false"
"2025-01-26","Nyct Paygo","2.9","posted","Train","Transportation","false","","regular","Secondary CC","7291","","false"
"2025-01-26","Spectrum","49.99","posted","Internet","Utilities","false","","regular","Primary CC","4832","","false"
"2025-01-26","Other Shop","45.45","posted","Shops","Shopping","false","","regular","Primary CC","4832","","false"
"2025-01-26","Other Clothing","40.33","posted","Clothing","Shopping","false","","regular","Secondary CC","7291","","false"
"2025-01-26","Mta*Nyct Paygo","2.9","posted","Train","Transportation","false","","regular","Secondary CC","7291","","false"
"2025-01-26","Nyct Paygo","3","posted","Train","Transportation","false","","regular","Secondary CC","7291","","false"
"2025-01-27","Nyct Paygo","2.9","posted","Train","Transportation","false","","regular","Secondary CC","7291","","false"
"2025-01-27","Netflix","23.2","posted","Entertainment","Entertainment","false","","regular","Primary CC","4832","","false"
"2025-01-27","Interest Payment","-2.74","posted","Interest","Income","true","","income","Savings","6789","","true"
"2025-01-28","Nyct Paygo","2.9","posted","Train","Transportation","false","","regular","Secondary CC","7291","","false"
"2025-01-28","Nyct Paygo","2.9","posted","Train","Transportation","false","","regular","Secondary CC","7291","","false"
"2025-01-28","Nyct Paygo","2.9","posted","Train","Transportation","false","","regular","Secondary CC","7291","","false"
"2025-01-29","Nyct Paygo","3","posted","Train","Transportation","false","","regular","Secondary CC","7291","","false"
"2025-01-30","Nyct Paygo","2.9","posted","Train","Transportation","false","","regular","Secondary CC","7291","","false"
"2025-01-30","Nyct Paygo","2.9","posted","Train","Transportation","false","","regular","Secondary CC","7291","","false"
"2025-01-30","Starbucks","3.54","posted","Cafés","Food & Drink","false","","regular","Debit","3456","","false"
"2025-01-30","Nyct Paygo","2.9","posted","Train","Transportation","false","","regular","Secondary CC","7291","","false"
"2025-01-30","Mta*Nyct Paygo","2.9","posted","Train","Transportation","false","","regular","Secondary CC","7291","","false"
"2025-01-30","Sweetleaf","11.77","posted","Cafés","Food & Drink","false","","regular","Primary CC","4832","","false"
"2025-01-30","Target","16.81","posted","Shops","Shopping","false","","regular","Debit","3456","","false"
"2025-01-30","Mta*Nyct Paygo","2.9","posted","Train","Transportation","false","","regular","Secondary CC","7291","","false"
"2025-01-31","Other Fast Food","7.46","posted","Fast Food","Food & Drink","false","","regular","Primary CC","4832","","false"
"2025-01-31","Venmo Cashout","101.5","posted","Transfer","Transfer","true","","internal transfer","Checking","3456","","false"
"2025-02-01","Nyct Paygo","2.9","posted","Train","Transportation","false","","regular","Secondary CC","7291","","false"
"2025-02-01","Lark Cafe","-125.15","posted","Tips","Income","true","","income","Checking","3456","","false"
"2025-02-01","Other Fast Food","10.16","posted","Fast Food","Food & Drink","false","","regular","Secondary CC","7291","","false"
"2025-02-01","Panera Bread","19.81","posted","Fast Food","Food & Drink","false","","regular","Debit","3456","","false"
"2025-02-02","Nyct Paygo","3","posted","Train","Transportation","false","","regular","Secondary CC","7291","","false"
"2025-02-02","Symbioun Payroll","-2571.08","posted","Payroll","Income","true","","income","Checking","3456","","true"
"2025-02-02","Netflix","5","posted","Entertainment","Entertainment","false","","regular","Primary CC","4832","","false"
"2025-02-02","Sey Coffee","7.14","posted","Cafés","Food & Drink","false","","regular","Secondary CC","7291","","false"
"2025-02-02","Other Café","8.16","posted","Cafés","Food & Drink","false","","regular","Secondary CC","7291","","false"
"2025-02-02","Celsious","15","posted","Laundry","Personal Care","false","","regular","Debit","3456","","false"
"2025-02-03","Nyct Paygo","2.9","posted","Train","Transportation","false","","regular","Secondary CC","7291","","false"
"2025-02-03","Other Clothing","25.13","posted","Clothing","Shopping","false","","regular","Secondary CC","7291","","false"
"2025-02-04","Target","64.23","posted","Shops","Shopping","false","","regular","Primary CC","4832","","false"
"2025-02-04","Nyct Paygo","3","posted","Train","Transportation","false","","regular","Secondary CC","7291","","false"
"2025-02-05","Nyct Paygo","2.9","posted","Train","Transportation","false","","regular","Secondary CC","7291","","false"
"2025-02-05","Nyct Paygo","2.9","posted","Train","Transportation","false","","regular","Secondary CC","7291","","false"
"2025-02-05","Square Payroll","-423.72","posted","Side Income","Income","true","","income","Checking","3456","","true"
"2025-02-06","Other Fast Food","9.86","posted","Fast Food","Food & Drink","false","","regular","Primary CC","4832","","false"
"2025-02-06","Other Merchant","9.74","posted","Other","Other","false","","regular","Debit","3456","","false"
"2025-02-06","Other Café","9.11","posted","Cafés","Food & Drink","false","","regular","Primary CC","4832","","false"
"2025-02-06","Mta*Nyct Paygo","3","posted","Train","Transportation","false","","regular","Secondary CC","7291","","false"
"2025-02-06","Partners Coffee","4.32","posted","Cafés","Food & Drink","false","","regular","Secondary CC","7291","","false"
"2025-02-06","Whole Foods","8.04","posted","Groceries","Food & Drink","false","","regular","Primary CC","4832","","false"
"2025-02-06","Nyct Paygo","3","posted","Train","Transportation","false","","regular","Secondary CC","7291","","false"
"2025-02-07","Other Fast Food","13.59","posted","Fast Food","Food & Drink","false","","regular","Secondary CC","7291","","false"
"2025-02-07","Metropolitan Tra","2.9","posted","Train","Transportation","false","","regular","Secondary CC","7291","","false"
"2025-02-07","Nyct Paygo","2.9","posted","Train","Transportation","false","","regular","Secondary CC","7291","","false"
"2025-02-07","Sweetgreen","14.3","posted","Fast Food","Food & Drink","false","","regular","Primary CC","4832","","false"
"2025-02-07","Venmo Cashout","92.31","posted","Transfer","Transfer","true","","internal transfer","Checking","3456","","false"
"2025-02-08","Conductor Inc Deposit","-794.89","posted","Side Income","Income","true","","income","Checking","3456","","false"
"2025-02-08","Diner","22.91","posted","Restaurants","Food & Drink","false","","regular","Primary CC","4832","","false"
"2025-02-08","Lark Cafe","-114.39","posted","Tips","Income","true","","income","Checking","3456","","false"
"2025-02-08","Nyct Paygo","2.9","posted","Train","Transportation","false","","regular","Secondary CC","7291","","false"
"2025-02-09","Uber","19.78","posted","Uber","Transportation","false","","regular","Secondary CC","7291","","false"
"2025-02-09","Cleaners","8.5","posted","Laundry","Personal Care","false","","regular","Primary CC","4832","","false"
"2025-02-09","Nyct Paygo","2.9","posted","Train","Transportation","false","","regular","Secondary CC","7291","","false"
"2025-02-09","Costco","19.17","posted","Groceries","Food & Drink","false","","regular","Primary CC","4832","","false"
"2025-02-09","Walgreens","17.06","posted","Other","Other","false","","regular","Secondary CC","7291","","false"
"2025-02-10","Nyct Paygo","3","posted","Train","Transportation","false","","regular","Secondary CC","7291","","false"
"2025-02-10","Other Café","7.29","posted","Cafés","Food & Drink","false","","regular","Primary CC","4832","","false"
"2025-02-11","Nyct Paygo","3","posted","Train","Transportation","false","","regular","Secondary CC","7291","","false"
"2025-02-11","Other Merchant","8.21","posted","Other","Other","false","","regular","Debit","3456","","false"
"2025-02-12","Mta*Nyct Paygo","3","posted","Train","Transportation","false","","regular","Secondary CC","7291","","false"
"2025-02-12","Metropolitan Tra","2.9","posted","Train","Transportation","false","","regular","Secondary CC","7291","","false"
"2025-02-12","Nyct Paygo","3","posted","Train","Transportation","false","","regular","Secondary CC","7291","","false"
"2025-02-13","Keep The Change Transfer","-0.5","posted","Savings","Transfer","true","","internal transfer","Checking","3456","","false"
"2025-02-13","Other Restaurant","63.09","posted","Restaurants","Food & Drink","false","","regular","Primary CC","4832","","false"
"2025-02-13","Nyct Paygo","3","posted","Train","Transportation","false","","regular","Primary CC","4832","","false"
"2025-02-13","Nyct Paygo","2.9","posted","Train","Transportation","false","","regular","Secondary CC","7291","","false"
"2025-02-13","Trader Joe's","87.67","posted","Groceries","Food & Drink","false","","regular","Primary CC","4832","","false"
"2025-02-13","Apple.com/bill","6.99","posted","Subscriptions","Entertainment","false","","regular","Primary CC","4832","","true"
"2025-02-13","Other Shop","87.66","posted","Shops","Shopping","false","","regular","Primary CC","4832","","false"
"2025-02-14","Land To Sea","9.04","posted","Cafés","Food & Drink","false","","regular","Primary CC","4832","","false"
"2025-02-14","Cleaners","12","posted","Laundry","Personal Care","false","","regular","Debit","3456","","false"
"2025-02-14","Con Edison","65.17","posted","Gas & Electric","Utilities","false","","regular","Checking","3456","","false"
"2025-02-15","Spectrum","49.99","posted","Internet","Utilities","false","","regular","Checking","3456","","false"
"2025-02-15","Other Merchant","4.54","posted","Other","Other","false","","regular","Primary CC","4832","","false"
"2025-02-15","Diner","39.61","posted","Restaurants","Food & Drink","false","","regular","Primary CC","4832","","false"
"2025-02-16","Symbioun Payroll","-2569.68","posted","Payroll","Income","true","","income","Checking","3456","","true"
"2025-02-16","Nyct Paygo","2.9","posted","Train","Transportation","false","","regular","Secondary CC","7291","","false"
"2025-02-16","Chick-Fil-A","25.64","posted","Fast Food","Food & Drink","false","","regular","Debit","3456","","false"
"2025-02-16","Nyct Paygo","3","posted","Train","Transportation","false","","regular","Secondary CC","7291","","false"
"2025-02-17","Key Food","15.58","posted","Groceries","Food & Drink","false","","regular","Debit","3456","","false"
"2025-02-18","Navient Student Loan","280","posted","Student Loan","Debt","false","","regular","Checking","3456","","true"
"2025-02-18","Joe Coffee","3.61","posted","Cafés","Food & Drink","false","","regular","Primary CC","4832","","false"
"2025-02-18","Subway","10.79","posted","Fast Food","Food & Drink","false","","regular","Secondary CC","7291","","false"
"2025-02-19","Square Payroll","-428.18","posted","Side Income","Income","true","","income","Checking","3456","","true"
"2025-02-19","Nyct Paygo","3","posted","Train","Transportation","false","","regular","Primary CC","4832","","false"
"2025-02-19","Uber","11.77","posted","Uber","Transportation","false","","regular","Secondary CC","7291","","false"
"2025-02-19","Other Café","13.54","posted","Cafés","Food & Drink","false","","regular","Secondary CC","7291","","false"
"2025-02-19","Nyct Paygo","3","posted","Train","Transportation","false","","regular","Secondary CC","7291","","false"
"2025-02-20","Keep The Change Transfer","-0.82","posted","Savings","Transfer","true","","internal transfer","Checking","3456","","false"
"2025-02-20","Nyct Paygo","2.9","posted","Train","Transportation","false","","regular","Secondary CC","7291","","false"
"2025-02-20","Con Edison","86.12","posted","Gas & Electric","Utilities","false","","regular","Checking","3456","","false"
"2025-02-21","Nyct Paygo","3","posted","Train","Transportation","false","","regular","Secondary CC","7291","","false"
"2025-02-21","Celsious","8.5","posted","Laundry","Personal Care","false","","regular","Debit","3456","","false"
"2025-02-21","Whole Foods","23.1","posted","Groceries","Food & Drink","false","","regular","Debit","3456","","false"
"2025-02-21","Nyct Paygo","2.9","posted","Train","Transportation","false","","regular","Secondary CC","7291","","false"
"2025-02-21","Other Merchant","24.46","posted","Other","Other","false","","regular","Secondary CC","7291","","false"
"2025-02-22","Other Restaurant","36.87","posted","Restaurants","Food & Drink","false","","regular","Secondary CC","7291","","false"
"2025-02-22","Nyct Paygo","2.9","posted","Train","Transportation","false","","regular","Secondary CC","7291","","false"
"2025-02-22","Trader Joe's","50.72","posted","Groceries","Food & Drink","false","","regular","Secondary CC","7291","","false"
"2025-02-22","Keep The Change Transfer","-0.81","posted","Savings","Transfer","true","","internal transfer","Checking","3456","","false"
"2025-02-23","Nyct Paygo","3","posted","Train","Transportation","false","","regular","Secondary CC","7291","","false"
"2025-02-23","Metropolitan Tra","3","posted","Train","Transportation","false","","regular","Secondary CC","7291","","false"
"2025-02-23","Nyct Paygo","2.9","posted","Train","Transportation","false","","regular","Secondary CC","7291","","false"
"2025-02-23","Cleaners","12","posted","Laundry","Personal Care","false","","regular","Debit","3456","","false"
"2025-02-23","Credit Card Payment","-848.52","posted","Credit Card Payment","Transfer","true","","internal transfer","Checking","3456","","true"
"2025-02-24","Nyct Paygo","2.9","posted","Train","Transportation","false","","regular","Secondary CC","7291","","false"
"2025-02-24","Mta*Nyct Paygo","2.9","posted","Train","Transportation","false","","regular","Secondary CC","7291","","false"
"2025-02-24","Uber","31.98","posted","Uber","Transportation","false","","regular","Debit","3456","","false"
"2025-02-25","Mta*Nyct Paygo","2.9","posted","Train","Transportation","false","","regular","Secondary CC","7291","","false"
"2025-02-25","Nyct Paygo","3","posted","Train","Transportation","false","","regular","Secondary CC","7291","","false"
"2025-02-25","Nyct Paygo","2.9","posted","Train","Transportation","false","","regular","Secondary CC","7291","","false"
"2025-02-25","Nyct Paygo","2.9","posted","Train","Transportation","false","","regular","Secondary CC","7291","","false"
"2025-02-25","Nyct Paygo","2.9","posted","Train","Transportation","false","","regular","Secondary CC","7291","","false"
"2025-02-25","Diner","21.1","posted","Restaurants","Food & Drink","false","","regular","Debit","3456","","false"
"2025-02-25","Other Grocery","47.25","posted","Groceries","Food & Drink","false","","regular","Primary CC","4832","","false"
"2025-02-26","Interest Payment","-3.99","posted","Interest","Income","true","","income","Savings","6789","","true"
"2025-02-26","Nyct Paygo","2.9","posted","Train","Transportation","false","","regular","Secondary CC","7291","","false"
"2025-02-26","Mta*Nyct Paygo","3","posted","Train","Transportation","false","","regular","Secondary CC","7291","","false"
"2025-02-26","Walgreens","16.28","posted","Pharmacy","Health","false","","regular","Primary CC","4832","","false"
"2025-02-27","Nyct Paygo","2.9","posted","Train","Transportation","false","","regular","Secondary CC","7291","","false"
"2025-02-27","Nyct Paygo","2.9","posted","Train","Transportation","false","","regular","Secondary CC","7291","","false"
"2025-02-28","Nyct Paygo","2.9","posted","Train","Transportation","false","","regular","Secondary CC","7291","","false"
"2025-02-28","Sushi Katsuei","19.82","posted","Restaurants","Food & Drink","false","","regular","Primary CC","4832","","false"
"2025-02-28","Other Restaurant","28.09","posted","Restaurants","Food & Drink","false","","regular","Debit","3456","","false"
"2025-02-28","Nyct Paygo","2.9","posted","Train","Transportation","false","","regular","Secondary CC","7291","","false"
"2025-02-28","Other Restaurant","16.33","posted","Restaurants","Food & Drink","false","","regular","Secondary CC","7291","","false"
"2025-02-28","Nyct Paygo","3","posted","Train","Transportation","false","","regular","Secondary CC","7291","","false"
"2025-02-28","Metropolitan Tra","3","posted","Train","Transportation","false","","regular","Secondary CC","7291","","false"
"2025-03-01","Rent Payment","1350","posted","Rent","Housing","false","","regular","Checking","3456","","true"
"2025-03-01","Rent Payment","1350","posted","Rent","Housing","false","","regular","Checking","3456","","true"
"2025-03-01","Nyct Paygo","3","posted","Train","Transportation","false","","regular","Secondary CC","7291","","false"
"2025-03-01","Other Grocery","8.14","posted","Groceries","Food & Drink","false","","regular","Secondary CC","7291","","false"
"2025-03-01","Con Edison","107.54","posted","Gas & Electric","Utilities","false","","regular","Checking","3456","","false"
"2025-03-02","Nyct Paygo","2.9","posted","Train","Transportation","false","","regular","Primary CC","4832","","false"
"2025-03-02","Con Edison","85.24","posted","Gas & Electric","Utilities","false","","regular","Primary CC","4832","","false"
"2025-03-02","Other Grocery","20.83","posted","Groceries","Food & Drink","false","","regular","Primary CC","4832","","false"
"2025-03-02","Nyct Paygo","2.9","posted","Train","Transportation","false","","regular","Secondary CC","7291","","false"
"2025-03-02","Symbioun Payroll","-2530.27","posted","Payroll","Income","true","","income","Checking","3456","","true"
"2025-03-03","Sweetleaf","6","posted","Cafés","Food & Drink","false","","regular","Secondary CC","7291","","false"
"2025-03-03","Nyct Paygo","2.9","posted","Train","Transportation","false","","regular","Secondary CC","7291","","false"
"2025-03-03","Other Café","5.61","posted","Cafés","Food & Drink","false","","regular","Primary CC","4832","","false"
"2025-03-03","Amazon","14.04","posted","Other","Other","false","","regular","Primary CC","4832","","false"
"2025-03-03","Nyct Paygo","2.9","posted","Train","Transportation","false","","regular","Secondary CC","7291","","false"
"2025-03-04","Amazon","7.33","posted","Shops","Shopping","false","","regular","Secondary CC","7291","","false"
"2025-03-04","Nyct Paygo","3","posted","Train","Transportation","false","","regular","Secondary CC","7291","","false"
"2025-03-04","Nyct Paygo","2.9","posted","Train","Transportation","false","","regular","Secondary CC","7291","","false"
"2025-03-04","Cleaners","15","posted","Laundry","Personal Care","false","","regular","Debit","3456","","false"
"2025-03-04","Mta*Nyct Paygo","2.9","posted","Train","Transportation","false","","regular","Secondary CC","7291","","false"
"2025-03-05","Sey Coffee","10.45","posted","Cafés","Food & Drink","false","","regular","Primary CC","4832","","false"
"2025-03-05","Keep The Change Transfer","-0.7","posted","Savings","Transfer","true","","internal transfer","Checking","3456","","false"
"2025-03-05","Venmo Cashout","83.89","posted","Transfer","Transfer","true","","internal transfer","Checking","3456","","false"
"2025-03-05","Nyct Paygo","3","posted","Train","Transportation","false","","regular","Secondary CC","7291","","false"
"2025-03-05","Other Restaurant","23.4","posted","Restaurants","Food & Drink","false","","regular","Primary CC","4832","","false"
"2025-03-05","Nyct Paygo","3","posted","Train","Transportation","false","","regular","Secondary CC","7291","","false"
"2025-03-05","Square Payroll","-410.93","posted","Side Income","Income","true","","income","Checking","3456","","true"
"2025-03-06","Trader Joe's","7.99","posted","Groceries","Food & Drink","false","","regular","Debit","3456","","false"
"2025-03-06","Nyct Paygo","2.9","posted","Train","Transportation","false","","regular","Secondary CC","7291","","false"
"2025-03-06","Joe Coffee","10.22","posted","Cafés","Food & Drink","false","","regular","Secondary CC","7291","","false"
"2025-03-06","Nyct Paygo","2.9","posted","Train","Transportation","false","","regular","Secondary CC","7291","","false"
"2025-03-06","Metropolitan Tra","2.9","posted","Train","Transportation","false","","regular","Secondary CC","7291","","false"
"2025-03-07","Nyct Paygo","2.9","posted","Train","Transportation","false","","regular","Secondary CC","7291","","false"
"2025-03-07","Other Fast Food","14.82","posted","Fast Food","Food & Drink","false","","regular","Secondary CC","7291","","false"
"2025-03-07","Keep The Change Transfer","-0.67","posted","Savings","Transfer","true","","internal transfer","Checking","3456","","false"
"2025-03-07","Blue Bottle","11.94","posted","Cafés","Food & Drink","false","","regular","Primary CC","4832","","false"
"2025-03-08","Okonomi","50.78","posted","Restaurants","Food & Drink","false","","regular","Primary CC","4832","","false"
"2025-03-08","Nyct Paygo","2.9","posted","Train","Transportation","false","","regular","Secondary CC","7291","","false"
"2025-03-09","Nyct Paygo","2.9","posted","Train","Transportation","false","","regular","Secondary CC","7291","","false"
"2025-03-09","Devocion","4.44","posted","Cafés","Food & Drink","false","","regular","Secondary CC","7291","","false"
"2025-03-09","Food Bazaar","28.28","posted","Groceries","Food & Drink","false","","regular","Primary CC","4832","","false"
"2025-03-09","Okonomi","28.34","posted","Restaurants","Food & Drink","false","","regular","Secondary CC","7291","","false"
"2025-03-09","Chipotle","9.53","posted","Fast Food","Food & Drink","false","","regular","Secondary CC","7291","","false"
"2025-03-10","Conductor Inc Deposit","-735.53","posted","Side Income","Income","true","","income","Checking","3456","","false"
"2025-03-10","Lark Cafe","-186.03","posted","Tips","Income","true","","income","Checking","3456","","false"
"2025-03-11","Lark Cafe","-73.37","posted","Tips","Income","true","","income","Checking","3456","","false"
"2025-03-11","Nyct Paygo","2.9","posted","Train","Transportation","false","","regular","Secondary CC","7291","","false"
"2025-03-11","Other Entertainment","13.33","posted","Entertainment","Entertainment","false","","regular","Primary CC","4832","","false"
"2025-03-12","Mta*Nyct Paygo","2.9","posted","Train","Transportation","false","","regular","Secondary CC","7291","","false"
"2025-03-12","Land To Sea","5.57","posted","Cafés","Food & Drink","false","","regular","Primary CC","4832","","false"
"2025-03-12","Nyct Paygo","2.9","posted","Train","Transportation","false","","regular","Primary CC","4832","","false"
"2025-03-12","Key Food","25.17","posted","Groceries","Food & Drink","false","","regular","Primary CC","4832","","false"
"2025-03-13","Nyct Paygo","2.9","posted","Train","Transportation","false","","regular","Secondary CC","7291","","false"
"2025-03-13","Nyct Paygo","2.9","posted","Train","Transportation","false","","regular","Secondary CC","7291","","false"
"2025-03-13","Metropolitan Tra","2.9","posted","Train","Transportation","false","","regular","Secondary CC","7291","","false"
"2025-03-13","Whole Foods","54.4","posted","Groceries","Food & Drink","false","","regular","Primary CC","4832","","false"
"2025-03-13","Other Café","3.41","posted","Cafés","Food & Drink","false","","regular","Primary CC","4832","","false"
"2025-03-13","Nyct Paygo","2.9","posted","Train","Transportation","false","","regular","Secondary CC","7291","","false"
"2025-03-13","Mint Mobile","25","posted","Phone","Utilities","false","","regular","Secondary CC","7291","","false"
"2025-03-13","Other Clothing","99.92","posted","Clothing","Shopping","false","","regular","Primary CC","4832","","false"
"2025-03-14","Other Merchant","26.02","posted","Other","Other","false","","regular","Primary CC","4832","","false"
"2025-03-14","Spectrum","69.99","posted","Internet","Utilities","false","","regular","Primary CC","4832","","false"
"2025-03-14","Blue Bottle","6.4","posted","Cafés","Food & Drink","false","","regular","Primary CC","4832","","false"
"2025-03-15","Key Food","16.18","posted","Groceries","Food & Drink","false","","regular","Primary CC","4832","","false"
"2025-03-15","Apple.com/bill","6.99","posted","Subscriptions","Entertainment","false","","regular","Primary CC","4832","","true"
"2025-03-16","The Levee","11.15","posted","Bars","Food & Drink","false","","regular","Venmo","9012","","false"
"2025-03-16","Symbioun Payroll","-2585.46","posted","Payroll","Income","true","","income","Checking","3456","","true"
"2025-03-16","Keep The Change Transfer","-0.6","posted","Savings","Transfer","true","","internal transfer","Checking","3456","","false"
"2025-03-16","Target","76.89","posted","Shops","Shopping","false","","regular","Debit","3456","","false"
"2025-03-16","Whole Foods","65.34","posted","Groceries","Food & Drink","false","","regular","Primary CC","4832","","false"
"2025-03-17","Duane Reade","26.82","posted","Other","Other","false","","regular","Primary CC","4832","","false"
"2025-03-17","Blue Bottle","5.4","posted","Cafés","Food & Drink","false","","regular","Primary CC","4832","","false"
"2025-03-18","Nyct Paygo","2.9","posted","Train","Transportation","false","","regular","Secondary CC","7291","","false"
"2025-03-18","C-Town","41.21","posted","Groceries","Food & Drink","false","","regular","Secondary CC","7291","","false"
"2025-03-18","Amazon","64.31","posted","Shops","Shopping","false","","regular","Secondary CC","7291","","false"
"2025-03-18","Spectrum","69.99","posted","Internet","Utilities","false","","regular","Primary CC","4832","","false"
"2025-03-19","Nyct Paygo","2.9","posted","Train","Transportation","false","","regular","Secondary CC","7291","","false"
"2025-03-19","Nyct Paygo","2.9","posted","Train","Transportation","false","","regular","Secondary CC","7291","","false"
"2025-03-19","Trader Joe's","8.82","posted","Groceries","Food & Drink","false","","regular","Primary CC","4832","","false"
"2025-03-19","Nyct Paygo","2.9","posted","Train","Transportation","false","","regular","Secondary CC","7291","","false"
"2025-03-19","Square Payroll","-450.08","posted","Side Income","Income","true","","income","Checking","3456","","true"
"2025-03-20","Nyct Paygo","2.9","posted","Train","Transportation","false","","regular","Secondary CC","7291","","false"
"2025-03-20","Navient Student Loan","280","posted","Student Loan","Debt","false","","regular","Checking","3456","","true"
"2025-03-20","Nyct Paygo","2.9","posted","Train","Transportation","false","","regular","Secondary CC","7291","","false"
"2025-03-20","Sweetgreen","14.39","posted","Fast Food","Food & Drink","false","","regular","Secondary CC","7291","","false"
"2025-03-20","Metropolitan Tra","3","posted","Train","Transportation","false","","regular","Secondary CC","7291","","false"
"2025-03-20","Nyct Paygo","2.9","posted","Train","Transportation","false","","regular","Secondary CC","7291","","false"
"2025-03-20","Nyct Paygo","3","posted","Train","Transportation","false","","regular","Secondary CC","7291","","false"
"2025-03-20","Nyct Paygo","3","posted","Train","Transportation","false","","regular","Secondary CC","7291","","false"
"2025-03-21","Mta*Nyct Paygo","2.9","posted","Train","Transportation","false","","regular","Secondary CC","7291","","false"
"2025-03-21","Uber","12.08","posted","Uber","Transportation","false","","regular","Primary CC","4832","","false"
"2025-03-21","Nyct Paygo","3","posted","Train","Transportation","false","","regular","Secondary CC","7291","","false"
"2025-03-22","Nyct Paygo","2.9","posted","Train","Transportation","false","","regular","Secondary CC","7291","","false"
"2025-03-22","Venmo Cashout","88.66","posted","Transfer","Transfer","true","","internal transfer","Checking","3456","","false"
"2025-03-23","Nyct Paygo","3","posted","Train","Transportation","false","","regular","Secondary CC","7291","","false"
"2025-03-23","H&M","49.39","posted","Clothing","Shopping","false","","regular","Secondary CC","7291","","false"
"2025-03-23","Target","34.78","posted","Shops","Shopping","false","","regular","Primary CC","4832","","false"
"2025-03-23","Other Restaurant","24.46","posted","Restaurants","Food & Drink","false","","regular","Primary CC","4832","","false"
"2025-03-23","Other Restaurant","62.24","posted","Restaurants","Food & Drink","false","","regular","Primary CC","4832","","false"
"2025-03-23","Other Clothing","34.31","posted","Clothing","Shopping","false","","regular","Primary CC","4832","","false"
"2025-03-23","Target","11.65","posted","Shops","Shopping","false","","regular","Primary CC","4832","","false"
"2025-03-23","Trader Joe's","47.94","posted","Groceries","Food & Drink","false","","regular","Secondary CC","7291","","false"
"2025-03-23","Sushi Katsuei","23.36","posted","Restaurants","Food & Drink","false","","regular","Primary CC","4832","","false"
"2025-03-24","CVS","4.51","posted","Pharmacy","Health","false","","regular","Debit","3456","","false"
"2025-03-25","Nyct Paygo","2.9","posted","Train","Transportation","false","","regular","Primary CC","4832","","false"
"2025-03-25","Credit Card Payment","-1262.21","posted","Credit Card Payment","Transfer","true","","internal transfer","Checking","3456","","true"
"2025-03-25","Panera Bread","16.28","posted","Fast Food","Food & Drink","false","","regular","Primary CC","4832","","false"
"2025-03-25","Whole Foods","18.92","posted","Groceries","Food & Drink","false","","regular","Primary CC","4832","","false"
"2025-03-26","Shake Shack","6.74","posted","Fast Food","Food & Drink","false","","regular","Primary CC","4832","","false"
"2025-03-26","Land To Sea","5.32","posted","Cafés","Food & Drink","false","","regular","Debit","3456","","false"
"2025-03-26","Nyct Paygo","2.9","posted","Train","Transportation","false","","regular","Secondary CC","7291","","false"
"2025-03-27","Nyct Paygo","3","posted","Train","Transportation","false","","regular","Secondary CC","7291","","false"
"2025-03-27","Nyct Paygo","2.9","posted","Train","Transportation","false","","regular","Secondary CC","7291","","false"
"2025-03-27","Nyct Paygo","2.9","posted","Train","Transportation","false","","regular","Secondary CC","7291","","false"
"2025-03-27","Nyct Paygo","2.9","posted","Train","Transportation","false","","regular","Secondary CC","7291","","false"
"2025-03-27","Starbucks","3.51","posted","Cafés","Food & Drink","false","","regular","Primary CC","4832","","false"
"2025-03-27","Other Entertainment","18.29","posted","Entertainment","Entertainment","false","","regular","Secondary CC","7291","","false"
"2025-03-27","Other Fast Food","16.08","posted","Fast Food","Food & Drink","false","","regular","Secondary CC","7291","","false"
"2025-03-28","Other Merchant","6.44","posted","Other","Other","false","","regular","Secondary CC","7291","","false"
"2025-03-28","Amazon","21.12","posted","Shops","Shopping","false","","regular","Debit","3456","","false"
"2025-03-28","Mta*Nyct Paygo","2.9","posted","Train","Transportation","false","","regular","Secondary CC","7291","","false"
"2025-03-28","Win Son","56.26","posted","Restaurants","Food & Drink","false","","regular","Venmo","9012","","false"
"2025-03-28","Interest Payment","-2.6","posted","Interest","Income","true","","income","Savings","6789","","true"
"2025-03-29","Other Café","9.79","posted","Cafés","Food & Drink","false","","regular","Primary CC","4832","","false"
"2025-03-29","Amazon","6.87","posted","Shops","Shopping","false","","regular","Primary CC","4832","","false"
"2025-03-29","Whole Foods","130.08","posted","Groceries","Food & Drink","false","","regular","Debit","3456","","false"
"2025-03-29","Nyct Paygo","2.9","posted","Train","Transportation","false","","regular","Secondary CC","7291","","false"
"2025-03-29","Trader Joe's","36.11","posted","Groceries","Food & Drink","false","","regular","Secondary CC","7291","","false"
"2025-03-29","Other Shop","30.28","posted","Shops","Shopping","false","","regular","Primary CC","4832","","false"
"2025-03-29","Spectrum","59.99","posted","Internet","Utilities","false","","regular","Primary CC","4832","","false"
"2025-03-29","Other Entertainment","10.42","posted","Entertainment","Entertainment","false","","regular","Secondary CC","7291","","false"
"2025-03-30","Other Bar","23.64","posted","Bars","Food & Drink","false","","regular","Primary CC","4832","","false"
"2025-03-30","Spotify","18.86","posted","Entertainment","Entertainment","false","","regular","Secondary CC","7291","","false"
"2025-03-30","Metropolitan Tra","3","posted","Train","Transportation","false","","regular","Secondary CC","7291","","false"
"2025-03-30","Nyct Paygo","2.9","posted","Train","Transportation","false","","regular","Secondary CC","7291","","false"
"2025-03-30","Other Grocery","23.31","posted","Groceries","Food & Drink","false","","regular","Secondary CC","7291","","false"
"2025-03-30","Amazon","42.05","posted","Other","Other","false","","regular","Debit","3456","","false"
"2025-03-30","Other Merchant","11.35","posted","Other","Other","false","","regular","Primary CC","4832","","false"
"2025-03-30","Key Food","54.12","posted","Groceries","Food & Drink","false","","regular","Primary CC","4832","","false"
"2025-03-30","Symbioun Payroll","-2527.59","posted","Payroll","Income","true","","income","Checking","3456","","true"
"2025-03-31","Nyct Paygo","2.9","posted","Train","Transportation","false","","regular","Secondary CC","7291","","false"
"2025-03-31","Nyct Paygo","2.9","posted","Train","Transportation","false","","regular","Secondary CC","7291","","false"
"2025-03-31","Target","21.28","posted","Groceries","Food & Drink","false","","regular","Secondary CC","7291","","false"
"2025-03-31","Sweetgreen","7.22","posted","Fast Food","Food & Drink","false","","regular","Secondary CC","7291","","false"
"2025-03-31","Mta*Nyct Paygo","2.9","posted","Train","Transportation","false","","regular","Secondary CC","7291","","false"
"2025-04-01","Rent Payment","1350","posted","Rent","Housing","false","","regular","Checking","3456","","true"
"2025-04-01","Nyct Paygo","2.9","posted","Train","Transportation","false","","regular","Secondary CC","7291","","false"
"2025-04-01","T-Mobile","25","posted","Phone","Utilities","false","","regular","Secondary CC","7291","","false"
"2025-04-01","Nyct Paygo","2.9","posted","Train","Transportation","false","","regular","Secondary CC","7291","","false"
"2025-04-01","Celsious","12","posted","Laundry","Personal Care","false","","regular","Debit","3456","","false"
"2025-04-02","CVS","10.43","posted","Other","Other","false","","regular","Secondary CC","7291","","false"
"2025-04-02","Other Bar","24.03","posted","Bars","Food & Drink","false","","regular","Secondary CC","7291","","false"
"2025-04-02","Target","23.24","posted","Shops","Shopping","false","","regular","Primary CC","4832","","false"
"2025-04-02","Square Payroll","-373.47","posted","Side Income","Income","true","","income","Checking","3456","","true"
"2025-04-02","Lyft","21.46","posted","Uber","Transportation","false","","regular","Secondary CC","7291","","false"
"2025-04-02","Laundromat","20","posted","Laundry","Personal Care","false","","regular","Primary CC","4832","","false"
"2025-04-02","Nyct Paygo","3","posted","Train","Transportation","false","","regular","Secondary CC","7291","","false"
"2025-04-03","Nyct Paygo","2.9","posted","Train","Transportation","false","","regular","Secondary CC","7291","","false"
"2025-04-03","Nyct Paygo","3","posted","Train","Transportation","false","","regular","Secondary CC","7291","","false"
"2025-04-03","Trader Joe's","11.57","posted","Groceries","Food & Drink","false","","regular","Primary CC","4832","","false"
"2025-04-03","Nyct Paygo","2.9","posted","Train","Transportation","false","","regular","Secondary CC","7291","","false"
"2025-04-04","Lark Cafe","-136.85","posted","Tips","Income","true","","income","Checking","3456","","false"
"2025-04-04","Netflix","23.87","posted","Entertainment","Entertainment","false","","regular","Secondary CC","7291","","false"
"2025-04-04","Nyct Paygo","3","posted","Train","Transportation","false","","regular","Primary CC","4832","","false"
"2025-04-04","Nyct Paygo","2.9","posted","Train","Transportation","false","","regular","Secondary CC","7291","","false"
"2025-04-04","Venmo Cashout","29.66","posted","Transfer","Transfer","true","","internal transfer","Checking","3456","","false"
"2025-04-04","Other Merchant","12.86","posted","Other","Other","false","","regular","Secondary CC","7291","","false"
"2025-04-05","Subway","19.12","posted","Fast Food","Food & Drink","false","","regular","Primary CC","4832","","false"
"2025-04-05","Mta*Nyct Paygo","3","posted","Train","Transportation","false","","regular","Secondary CC","7291","","false"
"2025-04-06","Other Merchant","31.73","posted","Other","Other","false","","regular","Debit","3456","","false"
"2025-04-06","Chipotle","10.97","posted","Fast Food","Food & Drink","false","","regular","Primary CC","4832","","false"
"2025-04-06","Keep The Change Transfer","-0.91","posted","Savings","Transfer","true","","internal transfer","Checking","3456","","false"
"2025-04-06","Key Food","48.13","posted","Groceries","Food & Drink","false","","regular","Primary CC","4832","","false"
"2025-04-06","Partners Coffee","5.3","posted","Cafés","Food & Drink","false","","regular","Primary CC","4832","","false"
"2025-04-06","Laundromat","8.5","posted","Laundry","Personal Care","false","","regular","Debit","3456","","false"
"2025-04-06","Other Shop","34.06","posted","Shops","Shopping","false","","regular","Primary CC","4832","","false"
"2025-04-07","Metropolitan Tra","2.9","posted","Train","Transportation","false","","regular","Secondary CC","7291","","false"
"2025-04-07","Other Restaurant","29.92","posted","Restaurants","Food & Drink","false","","regular","Secondary CC","7291","","false"
"2025-04-07","Sey Coffee","4.67","posted","Cafés","Food & Drink","false","","regular","Secondary CC","7291","","false"
"2025-04-07","Other Café","5.17","posted","Cafés","Food & Drink","false","","regular","Secondary CC","7291","","false"
"2025-04-08","Nyct Paygo","3","posted","Train","Transportation","false","","regular","Secondary CC","7291","","false"
"2025-04-08","Mint Mobile","30","posted","Phone","Utilities","false","","regular","Primary CC","4832","","false"
"2025-04-08","The Levee","18.38","posted","Bars","Food & Drink","false","","regular","Venmo","9012","","false"
"2025-04-08","Panera Bread","9.91","posted","Fast Food","Food & Drink","false","","regular","Primary CC","4832","","false"
"2025-04-08","Nyct Paygo","2.9","posted","Train","Transportation","false","","regular","Secondary CC","7291","","false"
"2025-04-08","Amazon","16.06","posted","Other","Other","false","","regular","Primary CC","4832","","false"
"2025-04-08","CVS","4.58","posted","Other","Other","false","","regular","Primary CC","4832","","false"
"2025-04-08","AMC Theatres","20.05","posted","Entertainment","Entertainment","false","","regular","Secondary CC","7291","","false"
"2025-04-09","Conductor Inc Deposit","-836.74","posted","Side Income","Income","true","","income","Checking","3456","","false"
"2025-04-09","Café Regular","7.29","posted","Cafés","Food & Drink","false","","regular","Debit","3456","","false"
"2025-04-09","Whole Foods","58.02","posted","Groceries","Food & Drink","false","","regular","Secondary CC","7291","","false"
"2025-04-09","Partners Coffee","8.39","posted","Cafés","Food & Drink","false","","regular","Primary CC","4832","","false"
"2025-04-09","Nyct Paygo","2.9","posted","Train","Transportation","false","","regular","Secondary CC","7291","","false"
"2025-04-10","Nyct Paygo","3","posted","Train","Transportation","false","","regular","Secondary CC","7291","","false"
"2025-04-10","Nyct Paygo","3","posted","Train","Transportation","false","","regular","Secondary CC","7291","","false"
"2025-04-10","Other Restaurant","12","posted","Restaurants","Food & Drink","false","","regular","Secondary CC","7291","","false"
"2025-04-10","Lyft","12.39","posted","Uber","Transportation","false","","regular","Primary CC","4832","","false"
"2025-04-10","Mta*Nyct Paygo","2.9","posted","Train","Transportation","false","","regular","Secondary CC","7291","","false"
"2025-04-11","Nyct Paygo","2.9","posted","Train","Transportation","false","","regular","Secondary CC","7291","","false"
"2025-04-11","Nyct Paygo","2.9","posted","Train","Transportation","false","","regular","Secondary CC","7291","","false"
"2025-04-11","Nyct Paygo","2.9","posted","Train","Transportation","false","","regular","Secondary CC","7291","","false"
"2025-04-11","Other Fast Food","12.49","posted","Fast Food","Food & Drink","false","","regular","Secondary CC","7291","","false"
"2025-04-11","Other Merchant","7.15","posted","Other","Other","false","","regular","Secondary CC","7291","","false"
"2025-04-12","Costco","14.07","posted","Groceries","Food & Drink","false","","regular","Primary CC","4832","","false"
"2025-04-12","Land To Sea","10.05","posted","Cafés","Food & Drink","false","","regular","Debit","3456","","false"
"2025-04-12","Trader Joe's","40.67","posted","Groceries","Food & Drink","false","","regular","Secondary CC","7291","","false"
"2025-04-12","Nyct Paygo","2.9","posted","Train","Transportation","false","","regular","Secondary CC","7291","","false"
"2025-04-13","McDonald's","16.17","posted","Fast Food","Food & Drink","false","","regular","Secondary CC","7291","","false"
"2025-04-13","Nyct Paygo","2.9","posted","Train","Transportation","false","","regular","Secondary CC","7291","","false"
"2025-04-13","Symbioun Payroll","-2574.35","posted","Payroll","Income","true","","income","Checking","3456","","true"
"2025-04-13","Land To Sea","8.25","posted","Cafés","Food & Drink","false","","regular","Secondary CC","7291","","false"
"2025-04-13","Sushi Katsuei","22.65","posted","Restaurants","Food & Drink","false","","regular","Secondary CC","7291","","false"
"2025-04-14","Blue Bottle","4.81","posted","Cafés","Food & Drink","false","","regular","Primary CC","4832","","false"
"2025-04-14","Devocion","8.73","posted","Cafés","Food & Drink","false","","regular","Debit","3456","","false"
"2025-04-14","Apple.com/bill","6.99","posted","Subscriptions","Entertainment","false","","regular","Primary CC","4832","","true"
"2025-04-14","Nyct Paygo","2.9","posted","Train","Transportation","false","","regular","Secondary CC","7291","","false"
"2025-04-14","Laundromat","8.5","posted","Laundry","Personal Care","false","","regular","Primary CC","4832","","false"
"2025-04-15","Other Restaurant","24.68","posted","Restaurants","Food & Drink","false","","regular","Primary CC","4832","","false"
"2025-04-15","Nail Salon","51.46","posted","Nails","Personal Care","false","","regular","Secondary CC","7291","","false"
"2025-04-15","Nyct Paygo","2.9","posted","Train","Transportation","false","","regular","Secondary CC","7291","","false"
"2025-04-16","Nyct Paygo","3","posted","Train","Transportation","false","","regular","Secondary CC","7291","","false"
"2025-04-16","Duane Reade","26.44","posted","Other","Other","false","","regular","Primary CC","4832","","false"
"2025-04-16","Partners Coffee","4.69","posted","Cafés","Food & Drink","false","","regular","Secondary CC","7291","","false"
"2025-04-16","Square Payroll","-385.38","posted","Side Income","Income","true","","income","Checking","3456","","true"
"2025-04-16","Nyct Paygo","2.9","posted","Train","Transportation","false","","regular","Secondary CC","7291","","false"
"2025-04-16","Walgreens","43.55","posted","Other","Other","false","","regular","Secondary CC","7291","","false"
"2025-04-17","Metropolitan Tra","2.9","posted","Train","Transportation","false","","regular","Secondary CC","7291","","false"
"2025-04-17","Nyct Paygo","2.9","posted","Train","Transportation","false","","regular","Secondary CC","7291","","false"
"2025-04-17","Metropolitan Tra","3","posted","Train","Transportation","false","","regular","Secondary CC","7291","","false"
"2025-04-17","Mta*Nyct Paygo","2.9","posted","Train","Transportation","false","","regular","Secondary CC","7291","","false"
"2025-04-17","Venmo Cashout","76.84","posted","Transfer","Transfer","true","","internal transfer","Checking","3456","","false"
"2025-04-17","Land To Sea","5.7","posted","Cafés","Food & Drink","false","","regular","Secondary CC","7291","","false"
"2025-04-18","Nyct Paygo","2.9","posted","Train","Transportation","false","","regular","Secondary CC","7291","","false"
"2025-04-18","Nyct Paygo","3","posted","Train","Transportation","false","","regular","Secondary CC","7291","","false"
"2025-04-18","Nyct Paygo","2.9","posted","Train","Transportation","false","","regular","Primary CC","4832","","false"
"2025-04-18","Nyct Paygo","2.9","posted","Train","Transportation","false","","regular","Secondary CC","7291","","false"
"2025-04-18","Whole Foods","8.92","posted","Groceries","Food & Drink","false","","regular","Secondary CC","7291","","false"
"2025-04-18","Nyct Paygo","2.9","posted","Train","Transportation","false","","regular","Secondary CC","7291","","false"
"2025-04-18","Other Shop","33.38","posted","Shops","Shopping","false","","regular","Secondary CC","7291","","false"
"2025-04-18","Other Entertainment","8.72","posted","Entertainment","Entertainment","false","","regular","Secondary CC","7291","","false"
"2025-04-19","Devocion","6.22","posted","Cafés","Food & Drink","false","","regular","Primary CC","4832","","false"
"2025-04-19","Navient Student Loan","280","posted","Student Loan","Debt","false","","regular","Checking","3456","","true"
"2025-04-19","Whole Foods","38.41","posted","Groceries","Food & Drink","false","","regular","Secondary CC","7291","","false"
"2025-04-19","Nyct Paygo","2.9","posted","Train","Transportation","false","","regular","Secondary CC","7291","","false"
"2025-04-19","Nyct Paygo","2.9","posted","Train","Transportation","false","","regular","Secondary CC","7291","","false"
"2025-04-20","Nyct Paygo","3","posted","Train","Transportation","false","","regular","Secondary CC","7291","","false"
"2025-04-20","AMC Theatres","16.28","posted","Entertainment","Entertainment","false","","regular","Primary CC","4832","","false"
"2025-04-20","Other Grocery","95.28","posted","Groceries","Food & Drink","false","","regular","Secondary CC","7291","","false"
"2025-04-20","Metropolitan Tra","2.9","posted","Train","Transportation","false","","regular","Secondary CC","7291","","false"
"2025-04-21","Nyct Paygo","3","posted","Train","Transportation","false","","regular","Primary CC","4832","","false"
"2025-04-21","Walgreens","18.37","posted","Other","Other","false","","regular","Debit","3456","","false"
"2025-04-22","Nyct Paygo","2.9","posted","Train","Transportation","false","","regular","Secondary CC","7291","","false"
"2025-04-22","Mta*Nyct Paygo","2.9","posted","Train","Transportation","false","","regular","Secondary CC","7291","","false"
"2025-04-23","Nyct Paygo","2.9","posted","Train","Transportation","false","","regular","Secondary CC","7291","","false"
"2025-04-23","Nyct Paygo","2.9","posted","Train","Transportation","false","","regular","Secondary CC","7291","","false"
"2025-04-23","Sweetgreen","9.57","posted","Fast Food","Food & Drink","false","","regular","Primary CC","4832","","false"
"2025-04-23","Cleaners","15","posted","Laundry","Personal Care","false","","regular","Primary CC","4832","","false"
"2025-04-24","Keep The Change Transfer","-0.62","posted","Savings","Transfer","true","","internal transfer","Checking","3456","","false"
"2025-04-24","Celsious","12","posted","Laundry","Personal Care","false","","regular","Debit","3456","","false"
"2025-04-24","Credit Card Payment","-628.74","posted","Credit Card Payment","Transfer","true","","internal transfer","Checking","3456","","true"
"2025-04-24","Subway","15.5","posted","Fast Food","Food & Drink","false","","regular","Secondary CC","7291","","false"
"2025-04-24","Nyct Paygo","3","posted","Train","Transportation","false","","regular","Secondary CC","7291","","false"
"2025-04-25","Trader Joe's","18.03","posted","Groceries","Food & Drink","false","","regular","Secondary CC","7291","","false"
"2025-04-25","Lark Cafe","-124.54","posted","Tips","Income","true","","income","Checking","3456","","false"
"2025-04-25","Los Tacos","56.37","posted","Restaurants","Food & Drink","false","","regular","Primary CC","4832","","false"
"2025-04-26","Keep The Change Transfer","-0.48","posted","Savings","Transfer","true","","internal transfer","Checking","3456","","false"
"2025-04-26","Other Entertainment","21.56","posted","Entertainment","Entertainment","false","","regular","Primary CC","4832","","false"
"2025-04-26","Mta*Nyct Paygo","3","posted","Train","Transportation","false","","regular","Secondary CC","7291","","false"
"2025-04-26","Nyct Paygo","2.9","posted","Train","Transportation","false","","regular","Secondary CC","7291","","false"
"2025-04-26","Lyft","12.9","posted","Uber","Transportation","false","","regular","Primary CC","4832","","false"
"2025-04-26","Nyct Paygo","2.9","posted","Train","Transportation","false","","regular","Secondary CC","7291","","false"
"2025-04-26","Metropolitan Tra","2.9","posted","Train","Transportation","false","","regular","Secondary CC","7291","","false"
"2025-04-27","Symbioun Payroll","-2525.66","posted","Payroll","Income","true","","income","Checking","3456","","true"
"2025-04-27","Mta*Nyct Paygo","2.9","posted","Train","Transportation","false","","regular","Secondary CC","7291","","false"
"2025-04-27","Interest Payment","-1.92","posted","Interest","Income","true","","income","Savings","6789","","true"
"2025-04-27","Con Edison","47.31","posted","Gas & Electric","Utilities","false","","regular","Checking","3456","","false"
"2025-04-28","Metropolitan Tra","3","posted","Train","Transportation","false","","regular","Secondary CC","7291","","false"
"2025-04-28","Mta*Nyct Paygo","3","posted","Train","Transportation","false","","regular","Secondary CC","7291","","false"
"2025-04-29","Whole Foods","18.98","posted","Groceries","Food & Drink","false","","regular","Primary CC","4832","","false"
"2025-04-29","Metropolitan Tra","2.9","posted","Train","Transportation","false","","regular","Secondary CC","7291","","false"
"2025-04-29","CVS","35.56","posted","Other","Other","false","","regular","Secondary CC","7291","","false"
"2025-04-29","Nyct Paygo","3","posted","Train","Transportation","false","","regular","Secondary CC","7291","","false"
"2025-04-29","Lyft","6.83","posted","Uber","Transportation","false","","regular","Primary CC","4832","","false"
"2025-04-29","Nyct Paygo","2.9","posted","Train","Transportation","false","","regular","Secondary CC","7291","","false"
"2025-04-30","Keep The Change Transfer","-0.87","posted","Savings","Transfer","true","","internal transfer","Checking","3456","","false"
"2025-04-30","Other Entertainment","32.35","posted","Entertainment","Entertainment","false","","regular","Secondary CC","7291","","false"
"2025-04-30","Nyct Paygo","3","posted","Train","Transportation","false","","regular","Secondary CC","7291","","false"
"2025-04-30","Cleaners","15","posted","Laundry","Personal Care","false","","regular","Debit","3456","","false"
"2025-04-30","Square Payroll","-406.37","posted","Side Income","Income","true","","income","Checking","3456","","true"
"2025-04-30","Panera Bread","8.18","posted","Fast Food","Food & Drink","false","","regular","Primary CC","4832","","false"
"2025-05-01","Other Entertainment","29.45","posted","Entertainment","Entertainment","false","","regular","Primary CC","4832","","false"
"2025-05-01","Devocion","10.79","posted","Cafés","Food & Drink","false","","regular","Primary CC","4832","","false"
"2025-05-01","Café Regular","6.1","posted","Cafés","Food & Drink","false","","regular","Primary CC","4832","","false"
"2025-05-01","Rent Payment","1350","posted","Rent","Housing","false","","regular","Checking","3456","","true"
"2025-05-01","Nyct Paygo","2.9","posted","Train","Transportation","false","","regular","Secondary CC","7291","","false"
"2025-05-02","Sweetleaf","2.5","posted","Cafés","Food & Drink","false","","regular","Primary CC","4832","","false"
"2025-05-02","Other Grocery","12.19","posted","Groceries","Food & Drink","false","","regular","Primary CC","4832","","false"
"2025-05-02","Nyct Paygo","3","posted","Train","Transportation","false","","regular","Secondary CC","7291","","false"
"2025-05-03","Nyct Paygo","2.9","posted","Train","Transportation","false","","regular","Secondary CC","7291","","false"
"2025-05-03","Nyct Paygo","3","posted","Train","Transportation","false","","regular","Secondary CC","7291","","false"
"2025-05-04","Mta*Nyct Paygo","2.9","posted","Train","Transportation","false","","regular","Secondary CC","7291","","false"
"2025-05-04","Nyct Paygo","2.9","posted","Train","Transportation","false","","regular","Secondary CC","7291","","false"
"2025-05-04","Other Fast Food","11.39","posted","Fast Food","Food & Drink","false","","regular","Secondary CC","7291","","false"
"2025-05-04","Venmo Cashout","90.34","posted","Transfer","Transfer","true","","internal transfer","Checking","3456","","false"
"2025-05-04","Trader Joe's","16.44","posted","Groceries","Food & Drink","false","","regular","Primary CC","4832","","false"
"2025-05-04","Nyct Paygo","2.9","posted","Train","Transportation","false","","regular","Secondary CC","7291","","false"
"2025-05-05","Costco","17.05","posted","Groceries","Food & Drink","false","","regular","Secondary CC","7291","","false"
"2025-05-05","Nyct Paygo","2.9","posted","Train","Transportation","false","","regular","Secondary CC","7291","","false"
"2025-05-05","Nyct Paygo","3","posted","Train","Transportation","false","","regular","Secondary CC","7291","","false"
"2025-05-06","Skinny Dennis","12.29","posted","Bars","Food & Drink","false","","regular","Secondary CC","7291","","false"
"2025-05-06","Nyct Paygo","2.9","posted","Train","Transportation","false","","regular","Secondary CC","7291","","false"
"2025-05-06","Nyct Paygo","3","posted","Train","Transportation","false","","regular","Secondary CC","7291","","false"
"2025-05-06","Sweetgreen","7.57","posted","Fast Food","Food & Drink","false","","regular","Debit","3456","","false"
"2025-05-07","Nyct Paygo","3","posted","Train","Transportation","false","","regular","Secondary CC","7291","","false"
"2025-05-07","Nyct Paygo","2.9","posted","Train","Transportation","false","","regular","Secondary CC","7291","","false"
"2025-05-07","Nyct Paygo","2.9","posted","Train","Transportation","false","","regular","Secondary CC","7291","","false"
"2025-05-07","Lark Cafe","-131.39","posted","Tips","Income","true","","income","Checking","3456","","false"
"2025-05-08","Other Fast Food","11.36","posted","Fast Food","Food & Drink","false","","regular","Secondary CC","7291","","false"
"2025-05-08","Food Bazaar","41.58","posted","Groceries","Food & Drink","false","","regular","Debit","3456","","false"
"2025-05-08","Nyct Paygo","2.9","posted","Train","Transportation","false","","regular","Secondary CC","7291","","false"
"2025-05-08","Bowlero","7.52","posted","Entertainment","Entertainment","false","","regular","Primary CC","4832","","false"
"2025-05-09","Nyct Paygo","2.9","posted","Train","Transportation","false","","regular","Secondary CC","7291","","false"
"2025-05-09","Nyct Paygo","3","posted","Train","Transportation","false","","regular","Secondary CC","7291","","false"
"2025-05-09","Conductor Inc Deposit","-745.27","posted","Side Income","Income","true","","income","Checking","3456","","false"
"2025-05-10","CVS","11.05","posted","Pharmacy","Health","false","","regular","Secondary CC","7291","","false"
"2025-05-10","Blue Bottle","3.8","posted","Cafés","Food & Drink","false","","regular","Secondary CC","7291","","false"
"2025-05-11","Mta*Nyct Paygo","2.9","posted","Train","Transportation","false","","regular","Secondary CC","7291","","false"
"2025-05-11","Other Fast Food","16.57","posted","Fast Food","Food & Drink","false","","regular","Primary CC","4832","","false"
"2025-05-11","Nyct Paygo","2.9","posted","Train","Transportation","false","","regular","Secondary CC","7291","","false"
"2025-05-11","Symbioun Payroll","-2568.02","posted","Payroll","Income","true","","income","Checking","3456","","true"
"2025-05-12","Other Restaurant","18.04","posted","Restaurants","Food & Drink","false","","regular","Secondary CC","7291","","false"
"2025-05-13","Other Restaurant","25.52","posted","Restaurants","Food & Drink","false","","regular","Debit","3456","","false"
"2025-05-13","Nyct Paygo","3","posted","Train","Transportation","false","","regular","Secondary CC","7291","","false"
"2025-05-13","Sey Coffee","6.99","posted","Cafés","Food & Drink","false","","regular","Secondary CC","7291","","false"
"2025-05-13","Other Café","4.23","posted","Cafés","Food & Drink","false","","regular","Primary CC","4832","","false"
"2025-05-13","Metropolitan Tra","2.9","posted","Train","Transportation","false","","regular","Secondary CC","7291","","false"
"2025-05-14","Square Payroll","-426.42","posted","Side Income","Income","true","","income","Checking","3456","","true"
"2025-05-14","Mta*Nyct Paygo","2.9","posted","Train","Transportation","false","","regular","Secondary CC","7291","","false"
"2025-05-14","Whole Foods","17","posted","Groceries","Food & Drink","false","","regular","Primary CC","4832","","false"
"2025-05-14","Nyct Paygo","2.9","posted","Train","Transportation","false","","regular","Secondary CC","7291","","false"
"2025-05-14","Apple.com/bill","6.99","posted","Subscriptions","Entertainment","false","","regular","Primary CC","4832","","true"
"2025-05-15","Mint Mobile","30","posted","Phone","Utilities","false","","regular","Primary CC","4832","","false"
"2025-05-16","Nyct Paygo","3","posted","Train","Transportation","false","","regular","Secondary CC","7291","","false"
"2025-05-16","Verizon Fios","69.99","posted","Internet","Utilities","false","","regular","Checking","3456","","false"
"2025-05-16","Key Food","10.4","posted","Groceries","Food & Drink","false","","regular","Primary CC","4832","","false"
"2025-05-16","Other Shop","37.29","posted","Shops","Shopping","false","","regular","Primary CC","4832","","false"
"2025-05-16","Metropolitan Tra","2.9","posted","Train","Transportation","false","","regular","Secondary CC","7291","","false"
"2025-05-16","Blue Bottle","5.03","posted","Cafés","Food & Drink","false","","regular","Secondary CC","7291","","false"
"2025-05-17","Chick-Fil-A","16.84","posted","Fast Food","Food & Drink","false","","regular","Primary CC","4832","","false"
"2025-05-17","Other Café","4.4","posted","Cafés","Food & Drink","false","","regular","Secondary CC","7291","","false"
"2025-05-17","Nyct Paygo","3","posted","Train","Transportation","false","","regular","Secondary CC","7291","","false"
"2025-05-17","Other Grocery","44.23","posted","Groceries","Food & Drink","false","","regular","Secondary CC","7291","","false"
"2025-05-17","Devocion","10.24","posted","Cafés","Food & Drink","false","","regular","Secondary CC","7291","","false"
"2025-05-18","Venmo Cashout","36.37","posted","Transfer","Transfer","true","","internal transfer","Checking","3456","","false"
"2025-05-18","Okonomi","43.16","posted","Restaurants","Food & Drink","false","","regular","Primary CC","4832","","false"
"2025-05-18","Other Café","3.12","posted","Cafés","Food & Drink","false","","regular","Secondary CC","7291","","false"
"2025-05-18","Other Café","11.26","posted","Cafés","Food & Drink","false","","regular","Primary CC","4832","","false"
"2025-05-19","C-Town","26.14","posted","Groceries","Food & Drink","false","","regular","Primary CC","4832","","false"
"2025-05-19","Navient Student Loan","280","posted","Student Loan","Debt","false","","regular","Checking","3456","","true"
"2025-05-19","Nyct Paygo","2.9","posted","Train","Transportation","false","","regular","Secondary CC","7291","","false"
"2025-05-19","Whole Foods","33.39","posted","Groceries","Food & Drink","false","","regular","Secondary CC","7291","","false"
"2025-05-20","Key Food","110.87","posted","Groceries","Food & Drink","false","","regular","Primary CC","4832","","false"
"2025-05-20","Nyct Paygo","2.9","posted","Train","Transportation","false","","regular","Secondary CC","7291","","false"
"2025-05-20","Nyct Paygo","2.9","posted","Train","Transportation","false","","regular","Secondary CC","7291","","false"
"2025-05-21","Nyct Paygo","2.9","posted","Train","Transportation","false","","regular","Secondary CC","7291","","false"
"2025-05-21","Mta*Nyct Paygo","2.9","posted","Train","Transportation","false","","regular","Secondary CC","7291","","false"
"2025-05-21","Metropolitan Tra","3","posted","Train","Transportation","false","","regular","Secondary CC","7291","","false"
"2025-05-21","Other Café","5.3","posted","Cafés","Food & Drink","false","","regular","Primary CC","4832","","false"
"2025-05-22","Other Bar","30.16","posted","Bars","Food & Drink","false","","regular","Primary CC","4832","","false"
"2025-05-22","Shake Shack","14.12","posted","Fast Food","Food & Drink","false","","regular","Secondary CC","7291","","false"
"2025-05-22","Muji","37.94","posted","Shops","Shopping","false","","regular","Primary CC","4832","","false"
"2025-05-22","Regal Cinema","24.9","posted","Entertainment","Entertainment","false","","regular","Debit","3456","","false"
"2025-05-22","Amazon","113.95","posted","Other","Other","false","","regular","Primary CC","4832","","false"
"2025-05-23","Other Shop","28.13","posted","Shops","Shopping","false","","regular","Secondary CC","7291","","false"
"2025-05-23","Café Regular","7.8","posted","Cafés","Food & Drink","false","","regular","Secondary CC","7291","","false"
"2025-05-23","Keep The Change Transfer","-0.32","posted","Savings","Transfer","true","","internal transfer","Checking","3456","","false"
"2025-05-24","Credit Card Payment","-1142.1","posted","Credit Card Payment","Transfer","true","","internal transfer","Checking","3456","","true"
"2025-05-24","Walgreens","22.02","posted","Other","Other","false","","regular","Secondary CC","7291","","false"
"2025-05-24","Other Restaurant","24.48","posted","Restaurants","Food & Drink","false","","regular","Debit","3456","","false"
"2025-05-24","Other Restaurant","37.81","posted","Restaurants","Food & Drink","false","","regular","Primary CC","4832","","false"
"2025-05-24","Nyct Paygo","2.9","posted","Train","Transportation","false","","regular","Secondary CC","7291","","false"
"2025-05-24","Lark Cafe","-102.62","posted","Tips","Income","true","","income","Checking","3456","","false"
"2025-05-24","Nyct Paygo","2.9","posted","Train","Transportation","false","","regular","Secondary CC","7291","","false"
"2025-05-24","Amazon","18.55","posted","Shops","Shopping","false","","regular","Secondary CC","7291","","false"
"2025-05-25","Keep The Change Transfer","-0.22","posted","Savings","Transfer","true","","internal transfer","Checking","3456","","false"
"2025-05-25","Sweetgreen","13.32","posted","Fast Food","Food & Drink","false","","regular","Secondary CC","7291","","false"
"2025-05-25","Sey Coffee","4.52","posted","Cafés","Food & Drink","false","","regular","Primary CC","4832","","false"
"2025-05-25","Other Merchant","6.96","posted","Other","Other","false","","regular","Primary CC","4832","","false"
"2025-05-25","Symbioun Payroll","-2593.24","posted","Payroll","Income","true","","income","Checking","3456","","true"
"2025-05-26","Mta*Nyct Paygo","3","posted","Train","Transportation","false","","regular","Secondary CC","7291","","false"
"2025-05-26","Nyct Paygo","2.9","posted","Train","Transportation","false","","regular","Secondary CC","7291","","false"
"2025-05-26","Nyct Paygo","3","posted","Train","Transportation","false","","regular","Secondary CC","7291","","false"
"2025-05-27","Nyct Paygo","2.9","posted","Train","Transportation","false","","regular","Secondary CC","7291","","false"
"2025-05-27","Nyct Paygo","2.9","posted","Train","Transportation","false","","regular","Secondary CC","7291","","false"
"2025-05-27","Nyct Paygo","3","posted","Train","Transportation","false","","regular","Secondary CC","7291","","false"
"2025-05-27","Nyct Paygo","2.9","posted","Train","Transportation","false","","regular","Secondary CC","7291","","false"
"2025-05-27","Interest Payment","-2.59","posted","Interest","Income","true","","income","Savings","6789","","true"
"2025-05-27","Shake Shack","11.84","posted","Fast Food","Food & Drink","false","","regular","Primary CC","4832","","false"
"2025-05-27","Blue Bottle","12.51","posted","Cafés","Food & Drink","false","","regular","Secondary CC","7291","","false"
"2025-05-28","Nyct Paygo","2.9","posted","Train","Transportation","false","","regular","Secondary CC","7291","","false"
"2025-05-28","Other Restaurant","38.83","posted","Restaurants","Food & Drink","false","","regular","Secondary CC","7291","","false"
"2025-05-28","Square Payroll","-405.38","posted","Side Income","Income","true","","income","Checking","3456","","true"
"2025-05-28","Devocion","7.18","posted","Cafés","Food & Drink","false","","regular","Secondary CC","7291","","false"
"2025-05-28","Devocion","9.07","posted","Cafés","Food & Drink","false","","regular","Secondary CC","7291","","false"
"2025-05-28","Nyct Paygo","3","posted","Train","Transportation","false","","regular","Secondary CC","7291","","false"
"2025-05-29","Other Fast Food","13.05","posted","Fast Food","Food & Drink","false","","regular","Primary CC","4832","","false"
"2025-05-29","Nyct Paygo","2.9","posted","Train","Transportation","false","","regular","Secondary CC","7291","","false"
"2025-05-29","Other Fast Food","21.24","posted","Fast Food","Food & Drink","false","","regular","Primary CC","4832","","false"
"2025-05-29","Nyct Paygo","2.9","posted","Train","Transportation","false","","regular","Secondary CC","7291","","false"
"2025-05-29","Other Fast Food","15.37","posted","Fast Food","Food & Drink","false","","regular","Primary CC","4832","","false"
"2025-05-29","Uber","33.64","posted","Uber","Transportation","false","","regular","Secondary CC","7291","","false"
"2025-05-29","Nyct Paygo","2.9","posted","Train","Transportation","false","","regular","Secondary CC","7291","","false"
"2025-05-29","Whole Foods","81.75","posted","Groceries","Food & Drink","false","","regular","Secondary CC","7291","","false"
"2025-05-29","Nyct Paygo","2.9","posted","Train","Transportation","false","","regular","Secondary CC","7291","","false"
"2025-05-30","Nyct Paygo","3","posted","Train","Transportation","false","","regular","Secondary CC","7291","","false"
"2025-05-30","Mta*Nyct Paygo","2.9","posted","Train","Transportation","false","","regular","Secondary CC","7291","","false"
"2025-05-30","Nyct Paygo","2.9","posted","Train","Transportation","false","","regular","Secondary CC","7291","","false"
"2025-05-31","Metropolitan Tra","3","posted","Train","Transportation","false","","regular","Secondary CC","7291","","false"
"2025-05-31","Mint Mobile","15","posted","Phone","Utilities","false","","regular","Primary CC","4832","","false"
"2025-05-31","Keep The Change Transfer","-0.53","posted","Savings","Transfer","true","","internal transfer","Checking","3456","","false"
"2025-05-31","Subway","10.51","posted","Fast Food","Food & Drink","false","","regular","Secondary CC","7291","","false"
"2025-05-31","Spotify","12.45","posted","Entertainment","Entertainment","false","","regular","Secondary CC","7291","","false"
"2025-05-31","Shake Shack","13.04","posted","Fast Food","Food & Drink","false","","regular","Primary CC","4832","","false"
"2025-06-01","Rent Payment","1350","posted","Rent","Housing","false","","regular","Checking","3456","","true"
"2025-06-01","Food Bazaar","13.46","posted","Groceries","Food & Drink","false","","regular","Primary CC","4832","","false"
"2025-06-01","C-Town","23.14","posted","Groceries","Food & Drink","false","","regular","Secondary CC","7291","","false"
"2025-06-01","Other Restaurant","23.1","posted","Restaurants","Food & Drink","false","","regular","Venmo","9012","","false"
"2025-06-01","Nyct Paygo","3","posted","Train","Transportation","false","","regular","Secondary CC","7291","","false"
"2025-06-01","Key Food","26.36","posted","Groceries","Food & Drink","false","","regular","Secondary CC","7291","","false"
"2025-06-02","Other Café","8.15","posted","Cafés","Food & Drink","false","","regular","Debit","3456","","false"
"2025-06-02","Verizon Fios","59.99","posted","Internet","Utilities","false","","regular","Checking","3456","","false"
"2025-06-02","Key Food","40.26","posted","Groceries","Food & Drink","false","","regular","Primary CC","4832","","false"
"2025-06-02","Sey Coffee","4.26","posted","Cafés","Food & Drink","false","","regular","Primary CC","4832","","false"
"2025-06-02","Lark Cafe","-179.78","posted","Tips","Income","true","","income","Checking","3456","","false"
"2025-06-03","Other Restaurant","28.69","posted","Restaurants","Food & Drink","false","","regular","Secondary CC","7291","","false"
"2025-06-03","Other Fast Food","10.28","posted","Fast Food","Food & Drink","false","","regular","Primary CC","4832","","false"
"2025-06-03","Walgreens","9.38","posted","Pharmacy","Health","false","","regular","Secondary CC","7291","","false"
"2025-06-03","Other Fast Food","16.39","posted","Fast Food","Food & Drink","false","","regular","Primary CC","4832","","false"
"2025-06-03","Nyct Paygo","2.9","posted","Train","Transportation","false","","regular","Secondary CC","7291","","false"
"2025-06-03","Nyct Paygo","3","posted","Train","Transportation","false","","regular","Secondary CC","7291","","false"
"2025-06-04","Target","16.38","posted","Shops","Shopping","false","","regular","Secondary CC","7291","","false"
"2025-06-04","Mta*Nyct Paygo","2.9","posted","Train","Transportation","false","","regular","Secondary CC","7291","","false"
"2025-06-04","Mta*Nyct Paygo","3","posted","Train","Transportation","false","","regular","Secondary CC","7291","","false"
"2025-06-04","Venmo Cashout","124.73","posted","Transfer","Transfer","true","","internal transfer","Checking","3456","","false"
"2025-06-04","Nyct Paygo","3","posted","Train","Transportation","false","","regular","Secondary CC","7291","","false"
"2025-06-04","Other Café","7.01","posted","Cafés","Food & Drink","false","","regular","Secondary CC","7291","","false"
"2025-06-04","Nyct Paygo","2.9","posted","Train","Transportation","false","","regular","Secondary CC","7291","","false"
"2025-06-04","Cleaners","15","posted","Laundry","Personal Care","false","","regular","Debit","3456","","false"
"2025-06-05","Sweetgreen","12.96","posted","Fast Food","Food & Drink","false","","regular","Secondary CC","7291","","false"
"2025-06-05","Nyct Paygo","3","posted","Train","Transportation","false","","regular","Secondary CC","7291","","false"
"2025-06-05","Nyct Paygo","2.9","posted","Train","Transportation","false","","regular","Primary CC","4832","","false"
"2025-06-05","Mta*Nyct Paygo","2.9","posted","Train","Transportation","false","","regular","Secondary CC","7291","","false"
"2025-06-05","Mta*Nyct Paygo","2.9","posted","Train","Transportation","false","","regular","Secondary CC","7291","","false"
"2025-06-06","Spritzenhaus","18.47","posted","Bars","Food & Drink","false","","regular","Secondary CC","7291","","false"
"2025-06-06","CVS","12.42","posted","Pharmacy","Health","false","","regular","Debit","3456","","false"
"2025-06-06","Nyct Paygo","3","posted","Train","Transportation","false","","regular","Secondary CC","7291","","false"
"2025-06-06","Trader Joe's","8.34","posted","Groceries","Food & Drink","false","","regular","Primary CC","4832","","false"
"2025-06-07","Nyct Paygo","3","posted","Train","Transportation","false","","regular","Secondary CC","7291","","false"
"2025-06-07","Other Restaurant","33.98","posted","Restaurants","Food & Drink","false","","regular","Secondary CC","7291","","false"
"2025-06-08","Conductor Inc Deposit","-801.08","posted","Side Income","Income","true","","income","Checking","3456","","false"
"2025-06-08","Chick-Fil-A","27.08","posted","Fast Food","Food & Drink","false","","regular","Primary CC","4832","","false"
"2025-06-08","Nyct Paygo","2.9","posted","Train","Transportation","false","","regular","Primary CC","4832","","false"
"2025-06-08","Symbioun Payroll","-2551.74","posted","Payroll","Income","true","","income","Checking","3456","","true"
"2025-06-09","Other Fast Food","13.72","posted","Fast Food","Food & Drink","false","","regular","Secondary CC","7291","","false"
"2025-06-09","Duane Reade","7.06","posted","Other","Other","false","","regular","Secondary CC","7291","","false"
"2025-06-09","Starbucks","5.66","posted","Cafés","Food & Drink","false","","regular","Secondary CC","7291","","false"
"2025-06-09","Los Tacos","48.17","posted","Restaurants","Food & Drink","false","","regular","Primary CC","4832","","false"
"2025-06-09","Other Grocery","53.97","posted","Groceries","Food & Drink","false","","regular","Primary CC","4832","","false"
"2025-06-09","Metropolitan Tra","2.9","posted","Train","Transportation","false","","regular","Secondary CC","7291","","false"
"2025-06-09","Nyct Paygo","3","posted","Train","Transportation","false","","regular","Secondary CC","7291","","false"
"2025-06-10","Other Restaurant","32.93","posted","Restaurants","Food & Drink","false","","regular","Secondary CC","7291","","false"
"2025-06-10","Metropolitan Tra","2.9","posted","Train","Transportation","false","","regular","Secondary CC","7291","","false"
"2025-06-10","Nyct Paygo","3","posted","Train","Transportation","false","","regular","Primary CC","4832","","false"
"2025-06-10","Trader Joe's","25.4","posted","Groceries","Food & Drink","false","","regular","Primary CC","4832","","false"
"2025-06-10","Trader Joe's","21.56","posted","Groceries","Food & Drink","false","","regular","Primary CC","4832","","false"
"2025-06-10","Mta*Nyct Paygo","3","posted","Train","Transportation","false","","regular","Secondary CC","7291","","false"
"2025-06-10","Café Regular","5.34","posted","Cafés","Food & Drink","false","","regular","Secondary CC","7291","","false"
"2025-06-10","Nyct Paygo","2.9","posted","Train","Transportation","false","","regular","Secondary CC","7291","","false"
"2025-06-10","Los Tacos","20.52","posted","Restaurants","Food & Drink","false","","regular","Secondary CC","7291","","false"
"2025-06-10","Nyct Paygo","3","posted","Train","Transportation","false","","regular","Secondary CC","7291","","false"
"2025-06-10","Nyct Paygo","3","posted","Train","Transportation","false","","regular","Secondary CC","7291","","false"
"2025-06-11","Other Shop","9.4","posted","Shops","Shopping","false","","regular","Debit","3456","","false"
"2025-06-11","Chipotle","15.92","posted","Fast Food","Food & Drink","false","","regular","Primary CC","4832","","false"
"2025-06-11","Cleaners","8.5","posted","Laundry","Personal Care","false","","regular","Debit","3456","","false"
"2025-06-11","Keep The Change Transfer","-0.19","posted","Savings","Transfer","true","","internal transfer","Checking","3456","","false"
"2025-06-11","Square Payroll","-438.57","posted","Side Income","Income","true","","income","Checking","3456","","true"
"2025-06-12","Nyct Paygo","2.9","posted","Train","Transportation","false","","regular","Secondary CC","7291","","false"
"2025-06-12","Other Shop","12.9","posted","Shops","Shopping","false","","regular","Primary CC","4832","","false"
"2025-06-12","Lark Cafe","-127.55","posted","Tips","Income","true","","income","Checking","3456","","false"
"2025-06-12","Nyct Paygo","3","posted","Train","Transportation","false","","regular","Secondary CC","7291","","false"
"2025-06-12","Other Entertainment","30.77","posted","Entertainment","Entertainment","false","","regular","Debit","3456","","false"
"2025-06-13","Apple.com/bill","6.99","posted","Subscriptions","Entertainment","false","","regular","Primary CC","4832","","true"
"2025-06-13","Nyct Paygo","2.9","posted","Train","Transportation","false","","regular","Secondary CC","7291","","false"
"2025-06-13","Whole Foods","8.89","posted","Groceries","Food & Drink","false","","regular","Primary CC","4832","","false"
"2025-06-13","Nyct Paygo","2.9","posted","Train","Transportation","false","","regular","Secondary CC","7291","","false"
"2025-06-13","Thai Villa","21.58","posted","Restaurants","Food & Drink","false","","regular","Primary CC","4832","","false"
"2025-06-13","Other Entertainment","26.73","posted","Entertainment","Entertainment","false","","regular","Primary CC","4832","","false"
"2025-06-14","Other Clothing","19.45","posted","Clothing","Shopping","false","","regular","Primary CC","4832","","false"
"2025-06-14","Nyct Paygo","2.9","posted","Train","Transportation","false","","regular","Secondary CC","7291","","false"
"2025-06-15","Trader Joe's","30.2","posted","Groceries","Food & Drink","false","","regular","Secondary CC","7291","","false"
"2025-06-15","Lyft","16.2","posted","Uber","Transportation","false","","regular","Secondary CC","7291","","false"
"2025-06-15","Nyct Paygo","2.9","posted","Train","Transportation","false","","regular","Secondary CC","7291","","false"
"2025-06-15","Nyct Paygo","2.9","posted","Train","Transportation","false","","regular","Secondary CC","7291","","false"
"2025-06-15","Chipotle","16.76","posted","Fast Food","Food & Drink","false","","regular","Secondary CC","7291","","false"
"2025-06-15","Nyct Paygo","2.9","posted","Train","Transportation","false","","regular","Secondary CC","7291","","false"
"2025-06-15","Walgreens","25.46","posted","Pharmacy","Health","false","","regular","Secondary CC","7291","","false"
"2025-06-16","Mta*Nyct Paygo","2.9","posted","Train","Transportation","false","","regular","Secondary CC","7291","","false"
"2025-06-16","Land To Sea","6.03","posted","Cafés","Food & Drink","false","","regular","Secondary CC","7291","","false"
"2025-06-16","Metropolitan Tra","3","posted","Train","Transportation","false","","regular","Secondary CC","7291","","false"
"2025-06-16","Other Café","5.85","posted","Cafés","Food & Drink","false","","regular","Debit","3456","","false"
"2025-06-16","Los Tacos","37.69","posted","Restaurants","Food & Drink","false","","regular","Primary CC","4832","","false"
"2025-06-17","Nyct Paygo","3","posted","Train","Transportation","false","","regular","Secondary CC","7291","","false"
"2025-06-17","Keep The Change Transfer","-0.61","posted","Savings","Transfer","true","","internal transfer","Checking","3456","","false"
"2025-06-17","Other Fast Food","25.03","posted","Fast Food","Food & Drink","false","","regular","Primary CC","4832","","false"
"2025-06-17","Celsious","8.5","posted","Laundry","Personal Care","false","","regular","Primary CC","4832","","false"
"2025-06-17","Nyct Paygo","3","posted","Train","Transportation","false","","regular","Secondary CC","7291","","false"
"2025-06-17","Nyct Paygo","2.9","posted","Train","Transportation","false","","regular","Secondary CC","7291","","false"
"2025-06-18","Trader Joe's","30.69","posted","Groceries","Food & Drink","false","","regular","Secondary CC","7291","","false"
"2025-06-18","Navient Student Loan","280","posted","Student Loan","Debt","false","","regular","Checking","3456","","true"
"2025-06-18","Trader Joe's","15.71","posted","Groceries","Food & Drink","false","","regular","Secondary CC","7291","","false"
"2025-06-18","Nyct Paygo","2.9","posted","Train","Transportation","false","","regular","Secondary CC","7291","","false"
"2025-06-18","Other Merchant","26.08","posted","Other","Other","false","","regular","Debit","3456","","false"
"2025-06-18","Nyct Paygo","2.9","posted","Train","Transportation","false","","regular","Secondary CC","7291","","false"
"2025-06-19","Mta*Nyct Paygo","2.9","posted","Train","Transportation","false","","regular","Primary CC","4832","","false"
"2025-06-19","Nyct Paygo","2.9","posted","Train","Transportation","false","","regular","Secondary CC","7291","","false"
"2025-06-20","Nyct Paygo","2.9","posted","Train","Transportation","false","","regular","Secondary CC","7291","","false"
"2025-06-20","Amazon","7.93","posted","Other","Other","false","","regular","Debit","3456","","false"
"2025-06-20","Five Guys","19.9","posted","Fast Food","Food & Drink","false","","regular","Primary CC","4832","","false"
"2025-06-20","Whole Foods","38.77","posted","Groceries","Food & Drink","false","","regular","Secondary CC","7291","","false"
"2025-06-20","Venmo Cashout","52.58","posted","Transfer","Transfer","true","","internal transfer","Checking","3456","","false"
"2025-06-21","Nyct Paygo","2.9","posted","Train","Transportation","false","","regular","Secondary CC","7291","","false"
"2025-06-21","Other Fast Food","12.26","posted","Fast Food","Food & Drink","false","","regular","Primary CC","4832","","false"
"2025-06-21","Other Entertainment","41.04","posted","Entertainment","Entertainment","false","","regular","Primary CC","4832","","false"
"2025-06-22","Whole Foods","20.06","posted","Groceries","Food & Drink","false","","regular","Debit","3456","","false"
"2025-06-22","Five Guys","14","posted","Fast Food","Food & Drink","false","","regular","Secondary CC","7291","","false"
"2025-06-22","Symbioun Payroll","-2550.87","posted","Payroll","Income","true","","income","Checking","3456","","true"
"2025-06-22","Other Restaurant","21.79","posted","Restaurants","Food & Drink","false","","regular","Primary CC","4832","","false"
"2025-06-23","Credit Card Payment","-1383.84","posted","Credit Card Payment","Transfer","true","","internal transfer","Checking","3456","","true"
"2025-06-23","Trader Joe's","12.2","posted","Groceries","Food & Drink","false","","regular","Secondary CC","7291","","false"
"2025-06-23","Key Food","51.77","posted","Groceries","Food & Drink","false","","regular","Primary CC","4832","","false"
"2025-06-23","Chipotle","24.69","posted","Fast Food","Food & Drink","false","","regular","Secondary CC","7291","","false"
"2025-06-23","Metropolitan Tra","2.9","posted","Train","Transportation","false","","regular","Secondary CC","7291","","false"
"2025-06-23","Nyct Paygo","2.9","posted","Train","Transportation","false","","regular","Secondary CC","7291","","false"
"2025-06-23","Other Café","2.96","posted","Cafés","Food & Drink","false","","regular","Primary CC","4832","","false"
"2025-06-24","Shake Shack","13.17","posted","Fast Food","Food & Drink","false","","regular","Primary CC","4832","","false"
"2025-06-24","Nyct Paygo","2.9","posted","Train","Transportation","false","","regular","Secondary CC","7291","","false"
"2025-06-25","Square Payroll","-380.15","posted","Side Income","Income","true","","income","Checking","3456","","true"
"2025-06-25","Nyct Paygo","2.9","posted","Train","Transportation","false","","regular","Secondary CC","7291","","false"
"2025-06-25","Metropolitan Tra","2.9","posted","Train","Transportation","false","","regular","Secondary CC","7291","","false"
"2025-06-25","Nyct Paygo","2.9","posted","Train","Transportation","false","","regular","Secondary CC","7291","","false"
"2025-06-25","Nyct Paygo","2.9","posted","Train","Transportation","false","","regular","Secondary CC","7291","","false"
"2025-06-26","Other Entertainment","45.67","posted","Entertainment","Entertainment","false","","regular","Primary CC","4832","","false"
"2025-06-26","Walgreens","28.54","posted","Other","Other","false","","regular","Secondary CC","7291","","false"
"2025-06-26","Nyct Paygo","2.9","posted","Train","Transportation","false","","regular","Primary CC","4832","","false"
"2025-06-26","Nyct Paygo","2.9","posted","Train","Transportation","false","","regular","Secondary CC","7291","","false"
"2025-06-26","Interest Payment","-3.02","posted","Interest","Income","true","","income","Savings","6789","","true"
"2025-06-26","Other Merchant","16","posted","Other","Other","false","","regular","Secondary CC","7291","","false"
"2025-06-27","Nyct Paygo","3","posted","Train","Transportation","false","","regular","Secondary CC","7291","","false"
"2025-06-27","Nyct Paygo","2.9","posted","Train","Transportation","false","","regular","Secondary CC","7291","","false"
"2025-06-28","Nyct Paygo","2.9","posted","Train","Transportation","false","","regular","Secondary CC","7291","","false"
"2025-06-28","Metropolitan Tra","2.9","posted","Train","Transportation","false","","regular","Secondary CC","7291","","false"
"2025-06-28","Nyct Paygo","2.9","posted","Train","Transportation","false","","regular","Secondary CC","7291","","false"
"2025-06-28","Nyct Paygo","2.9","posted","Train","Transportation","false","","regular","Secondary CC","7291","","false"
"2025-06-28","Other Fast Food","17.28","posted","Fast Food","Food & Drink","false","","regular","Primary CC","4832","","false"
"2025-06-29","Other Entertainment","15.98","posted","Entertainment","Entertainment","false","","regular","Primary CC","4832","","false"
"2025-06-29","Venmo Cashout","71.56","posted","Transfer","Transfer","true","","internal transfer","Checking","3456","","false"
"2025-06-29","Other Café","5.05","posted","Cafés","Food & Drink","false","","regular","Primary CC","4832","","false"
"2025-06-30","Keep The Change Transfer","-0.23","posted","Savings","Transfer","true","","internal transfer","Checking","3456","","false"
"2025-06-30","Other Grocery","64.52","posted","Groceries","Food & Drink","false","","regular","Primary CC","4832","","false"
"2025-06-30","Nyct Paygo","2.9","posted","Train","Transportation","false","","regular","Secondary CC","7291","","false"
"2025-06-30","Food Bazaar","18.24","posted","Groceries","Food & Drink","false","","regular","Debit","3456","","false"
"2025-07-01","Nyct Paygo","2.9","posted","Train","Transportation","false","","regular","Secondary CC","7291","","false"
"2025-07-01","Nyct Paygo","3","posted","Train","Transportation","false","","regular","Secondary CC","7291","","false"
"2025-07-01","Nyct Paygo","2.9","posted","Train","Transportation","false","","regular","Secondary CC","7291","","false"
"2025-07-01","Mta*Nyct Paygo","2.9","posted","Train","Transportation","false","","regular","Secondary CC","7291","","false"
"2025-07-01","Other Restaurant","59.77","posted","Restaurants","Food & Drink","false","","regular","Primary CC","4832","","false"
"2025-07-01","Other Restaurant","21.96","posted","Restaurants","Food & Drink","false","","regular","Primary CC","4832","","false"
"2025-07-01","Rent Payment","1350","posted","Rent","Housing","false","","regular","Checking","3456","","true"
"2025-07-01","Nyct Paygo","3","posted","Train","Transportation","false","","regular","Secondary CC","7291","","false"
"2025-07-02","Walgreens","27.81","posted","Other","Other","false","","regular","Debit","3456","","false"
"2025-07-02","Other Restaurant","32.36","posted","Restaurants","Food & Drink","false","","regular","Secondary CC","7291","","false"
"2025-07-02","Nyct Paygo","2.9","posted","Train","Transportation","false","","regular","Secondary CC","7291","","false"
"2025-07-03","H&M","85.66","posted","Clothing","Shopping","false","","regular","Primary CC","4832","","false"
"2025-07-03","Other Fast Food","17.29","posted","Fast Food","Food & Drink","false","","regular","Debit","3456","","false"
"2025-07-03","McDonald's","10.22","posted","Fast Food","Food & Drink","false","","regular","Primary CC","4832","","false"
"2025-07-03","C-Town","11.86","posted","Groceries","Food & Drink","false","","regular","Primary CC","4832","","false"
"2025-07-04","Blue Bottle","17.34","posted","Cafés","Food & Drink","false","","regular","Primary CC","4832","","false"
"2025-07-04","Panera Bread","9.05","posted","Fast Food","Food & Drink","false","","regular","Secondary CC","7291","","false"
"2025-07-04","Mta*Nyct Paygo","2.9","posted","Train","Transportation","false","","regular","Secondary CC","7291","","false"
"2025-07-04","Nyct Paygo","2.9","posted","Train","Transportation","false","","regular","Secondary CC","7291","","false"
"2025-07-06","Nyct Paygo","3","posted","Train","Transportation","false","","regular","Secondary CC","7291","","false"
"2025-07-06","Symbioun Payroll","-2568.21","posted","Payroll","Income","true","","income","Checking","3456","","true"
"2025-07-06","Lark Cafe","-145.18","posted","Tips","Income","true","","income","Checking","3456","","false"
"2025-07-07","Whole Foods","38.55","posted","Groceries","Food & Drink","false","","regular","Secondary CC","7291","","false"
"2025-07-07","Nyct Paygo","3","posted","Train","Transportation","false","","regular","Secondary CC","7291","","false"
"2025-07-07","Other Fast Food","15.62","posted","Fast Food","Food & Drink","false","","regular","Secondary CC","7291","","false"
"2025-07-08","Key Food","21.53","posted","Groceries","Food & Drink","false","","regular","Debit","3456","","false"
"2025-07-08","Nyct Paygo","3","posted","Train","Transportation","false","","regular","Secondary CC","7291","","false"
"2025-07-08","Other Entertainment","24.03","posted","Entertainment","Entertainment","false","","regular","Secondary CC","7291","","false"
"2025-07-08","Nyct Paygo","2.9","posted","Train","Transportation","false","","regular","Secondary CC","7291","","false"
"2025-07-08","Trader Joe's","58.58","posted","Groceries","Food & Drink","false","","regular","Primary CC","4832","","false"
"2025-07-08","Nyct Paygo","3","posted","Train","Transportation","false","","regular","Secondary CC","7291","","false"
"2025-07-08","Thai Villa","28.07","posted","Restaurants","Food & Drink","false","","regular","Primary CC","4832","","false"
"2025-07-08","Conductor Inc Deposit","-782.92","posted","Side Income","Income","true","","income","Checking","3456","","false"
"2025-07-09","Keep The Change Transfer","-0.2","posted","Savings","Transfer","true","","internal transfer","Checking","3456","","false"
"2025-07-09","Chick-Fil-A","8.61","posted","Fast Food","Food & Drink","false","","regular","Primary CC","4832","","false"
"2025-07-09","Square Payroll","-365.78","posted","Side Income","Income","true","","income","Checking","3456","","true"
"2025-07-09","Other Entertainment","22.25","posted","Entertainment","Entertainment","false","","regular","Primary CC","4832","","false"
"2025-07-10","Sweetgreen","15.09","posted","Fast Food","Food & Drink","false","","regular","Primary CC","4832","","false"
"2025-07-10","Sweetgreen","23.47","posted","Fast Food","Food & Drink","false","","regular","Primary CC","4832","","false"
"2025-07-10","Nyct Paygo","2.9","posted","Train","Transportation","false","","regular","Secondary CC","7291","","false"
"2025-07-11","Panera Bread","13.76","posted","Fast Food","Food & Drink","false","","regular","Secondary CC","7291","","false"
"2025-07-11","Land To Sea","4.72","posted","Cafés","Food & Drink","false","","regular","Primary CC","4832","","false"
"2025-07-11","Other Fast Food","27.16","posted","Fast Food","Food & Drink","false","","regular","Primary CC","4832","","false"
"2025-07-11","Trader Joe's","9.74","posted","Groceries","Food & Drink","false","","regular","Primary CC","4832","","false"
"2025-07-11","CVS","12.32","posted","Pharmacy","Health","false","","regular","Secondary CC","7291","","false"
"2025-07-11","Mta*Nyct Paygo","2.9","posted","Train","Transportation","false","","regular","Secondary CC","7291","","false"
"2025-07-11","Duane Reade","48.03","posted","Other","Other","false","","regular","Primary CC","4832","","false"
"2025-07-12","Regal Cinema","36.07","posted","Entertainment","Entertainment","false","","regular","Secondary CC","7291","","false"
"2025-07-12","Sweetgreen","11.6","posted","Fast Food","Food & Drink","false","","regular","Debit","3456","","false"
"2025-07-13","Apple.com/bill","6.99","posted","Subscriptions","Entertainment","false","","regular","Primary CC","4832","","true"
"2025-07-13","Other Bar","21.18","posted","Bars","Food & Drink","false","","regular","Primary CC","4832","","false"
"2025-07-13","CVS","14.91","posted","Pharmacy","Health","false","","regular","Primary CC","4832","","false"
"2025-07-13","Laundromat","20","posted","Laundry","Personal Care","false","","regular","Debit","3456","","false"
"2025-07-13","Nyct Paygo","3","posted","Train","Transportation","false","","regular","Secondary CC","7291","","false"
"2025-07-14","Nyct Paygo","2.9","posted","Train","Transportation","false","","regular","Secondary CC","7291","","false"
"2025-07-14","Nyct Paygo","3","posted","Train","Transportation","false","","regular","Secondary CC","7291","","false"
"2025-07-14","Land To Sea","11.2","posted","Cafés","Food & Drink","false","","regular","Primary CC","4832","","false"
"2025-07-14","CVS","21.6","posted","Pharmacy","Health","false","","regular","Primary CC","4832","","false"
"2025-07-14","Nyct Paygo","2.9","posted","Train","Transportation","false","","regular","Secondary CC","7291","","false"
"2025-07-14","CVS","24.76","posted","Pharmacy","Health","false","","regular","Primary CC","4832","","false"
"2025-07-14","Partners Coffee","8.82","posted","Cafés","Food & Drink","false","","regular","Primary CC","4832","","false"
"2025-07-14","Land To Sea","7.58","posted","Cafés","Food & Drink","false","","regular","Secondary CC","7291","","false"
"2025-07-14","Amazon","11.53","posted","Other","Other","false","","regular","Primary CC","4832","","false"
"2025-07-15","Misc Purchase","27.07","posted","Other","Other","false","","regular","Secondary CC","7291","","false"
"2025-07-15","Nyct Paygo","2.9","posted","Train","Transportation","false","","regular","Secondary CC","7291","","false"
"2025-07-15","Nyct Paygo","2.9","posted","Train","Transportation","false","","regular","Secondary CC","7291","","false"
"2025-07-15","Nyct Paygo","2.9","posted","Train","Transportation","false","","regular","Secondary CC","7291","","false"
"2025-07-15","Nyct Paygo","2.9","posted","Train","Transportation","false","","regular","Secondary CC","7291","","false"
"2025-07-15","CVS","26.38","posted","Other","Other","false","","regular","Secondary CC","7291","","false"
"2025-07-15","Uber","10.6","posted","Uber","Transportation","false","","regular","Debit","3456","","false"
"2025-07-15","Nyct Paygo","2.9","posted","Train","Transportation","false","","regular","Secondary CC","7291","","false"
"2025-07-16","Sweetgreen","13.43","posted","Fast Food","Food & Drink","false","","regular","Primary CC","4832","","false"
"2025-07-16","Keep The Change Transfer","-0.82","posted","Savings","Transfer","true","","internal transfer","Checking","3456","","false"
"2025-07-16","Con Edison","63.41","posted","Gas & Electric","Utilities","false","","regular","Primary CC","4832","","false"
"2025-07-17","Nyct Paygo","2.9","posted","Train","Transportation","false","","regular","Secondary CC","7291","","false"
"2025-07-17","Other Merchant","64.01","posted","Other","Other","false","","regular","Secondary CC","7291","","false"
"2025-07-17","Blue Bottle","4.54","posted","Cafés","Food & Drink","false","","regular","Primary CC","4832","","false"
"2025-07-18","Nyct Paygo","2.9","posted","Train","Transportation","false","","regular","Secondary CC","7291","","false"
"2025-07-18","Nyct Paygo","2.9","posted","Train","Transportation","false","","regular","Secondary CC","7291","","false"
"2025-07-18","Navient Student Loan","280","posted","Student Loan","Debt","false","","regular","Checking","3456","","true"
"2025-07-18","Whole Foods","12.74","posted","Groceries","Food & Drink","false","","regular","Secondary CC","7291","","false"
"2025-07-18","McDonald's","16.44","posted","Fast Food","Food & Drink","false","","regular","Secondary CC","7291","","false"
"2025-07-18","Food Bazaar","54.44","posted","Groceries","Food & Drink","false","","regular","Primary CC","4832","","false"
"2025-07-18","Whole Foods","22.91","posted","Groceries","Food & Drink","false","","regular","Debit","3456","","false"
"2025-07-19","Metropolitan Tra","2.9","posted","Train","Transportation","false","","regular","Secondary CC","7291","","false"
"2025-07-19","Mta*Nyct Paygo","2.9","posted","Train","Transportation","false","","regular","Secondary CC","7291","","false"
"2025-07-19","Spotify","19.61","posted","Entertainment","Entertainment","false","","regular","Secondary CC","7291","","false"
"2025-07-20","Whole Foods","19.81","posted","Groceries","Food & Drink","false","","regular","Secondary CC","7291","","false"
"2025-07-20","Symbioun Payroll","-2549.41","posted","Payroll","Income","true","","income","Checking","3456","","true"
"2025-07-20","Other Restaurant","51.22","posted","Restaurants","Food & Drink","false","","regular","Primary CC","4832","","false"
"2025-07-21","Nyct Paygo","3","posted","Train","Transportation","false","","regular","Secondary CC","7291","","false"
"2025-07-21","Mta*Nyct Paygo","3","posted","Train","Transportation","false","","regular","Secondary CC","7291","","false"
"2025-07-21","Other Bar","36.89","posted","Bars","Food & Drink","false","","regular","Secondary CC","7291","","false"
"2025-07-22","Nyct Paygo","2.9","posted","Train","Transportation","false","","regular","Secondary CC","7291","","false"
"2025-07-22","Nyct Paygo","2.9","posted","Train","Transportation","false","","regular","Secondary CC","7291","","false"
"2025-07-22","Nyct Paygo","2.9","posted","Train","Transportation","false","","regular","Secondary CC","7291","","false"
"2025-07-22","Nyct Paygo","3","posted","Train","Transportation","false","","regular","Secondary CC","7291","","false"
"2025-07-22","Nyct Paygo","2.9","posted","Train","Transportation","false","","regular","Primary CC","4832","","false"
"2025-07-22","Mta*Nyct Paygo","2.9","posted","Train","Transportation","false","","regular","Secondary CC","7291","","false"
"2025-07-23","Nyct Paygo","2.9","posted","Train","Transportation","false","","regular","Secondary CC","7291","","false"
"2025-07-23","Venmo Cashout","86.35","posted","Transfer","Transfer","true","","internal transfer","Checking","3456","","false"
"2025-07-23","Costco","30.6","posted","Groceries","Food & Drink","false","","regular","Secondary CC","7291","","false"
"2025-07-23","Nyct Paygo","3","posted","Train","Transportation","false","","regular","Secondary CC","7291","","false"
"2025-07-23","Credit Card Payment","-988.13","posted","Credit Card Payment","Transfer","true","","internal transfer","Checking","3456","","true"
"2025-07-23","Chick-Fil-A","30.16","posted","Fast Food","Food & Drink","false","","regular","Primary CC","4832","","false"
"2025-07-23","Square Payroll","-409.24","posted","Side Income","Income","true","","income","Checking","3456","","true"
"2025-07-23","Nyct Paygo","2.9","posted","Train","Transportation","false","","regular","Secondary CC","7291","","false"
"2025-07-24","H&M","68.18","posted","Clothing","Shopping","false","","regular","Secondary CC","7291","","false"
"2025-07-24","Other Fast Food","12.93","posted","Fast Food","Food & Drink","false","","regular","Primary CC","4832","","false"
"2025-07-24","Sweetgreen","12.89","posted","Fast Food","Food & Drink","false","","regular","Secondary CC","7291","","false"
"2025-07-24","Nyct Paygo","3","posted","Train","Transportation","false","","regular","Secondary CC","7291","","false"
"2025-07-24","Trader Joe's","22.65","posted","Groceries","Food & Drink","false","","regular","Primary CC","4832","","false"
"2025-07-25","Nyct Paygo","3","posted","Train","Transportation","false","","regular","Secondary CC","7291","","false"
"2025-07-25","Lark Cafe","-125.47","posted","Tips","Income","true","","income","Checking","3456","","false"
"2025-07-25","T-Mobile","30","posted","Phone","Utilities","false","","regular","Primary CC","4832","","false"
"2025-07-25","Zara","41.63","posted","Clothing","Shopping","false","","regular","Secondary CC","7291","","false"
"2025-07-26","Nyct Paygo","3","posted","Train","Transportation","false","","regular","Secondary CC","7291","","false"
"2025-07-26","Interest Payment","-2.39","posted","Interest","Income","true","","income","Savings","6789","","true"
"2025-07-26","Uber","16.19","posted","Uber","Transportation","false","","regular","Debit","3456","","false"
"2025-07-26","Other Merchant","10.52","posted","Other","Other","false","","regular","Debit","3456","","false"
"2025-07-26","Other Restaurant","33.58","posted","Restaurants","Food & Drink","false","","regular","Primary CC","4832","","false"
"2025-07-27","Other Restaurant","62.54","posted","Restaurants","Food & Drink","false","","regular","Secondary CC","7291","","false"
"2025-07-27","Other Bar","20.03","posted","Bars","Food & Drink","false","","regular","Venmo","9012","","false"
"2025-07-27","Nyct Paygo","2.9","posted","Train","Transportation","false","","regular","Secondary CC","7291","","false"
"2025-07-27","Starbucks","5.72","posted","Cafés","Food & Drink","false","","regular","Secondary CC","7291","","false"
"2025-07-27","Nyct Paygo","2.9","posted","Train","Transportation","false","","regular","Secondary CC","7291","","false"
"2025-07-28","Whole Foods","50.1","posted","Groceries","Food & Drink","false","","regular","Primary CC","4832","","false"
"2025-07-29","Target","5.57","posted","Shops","Shopping","false","","regular","Debit","3456","","false"
"2025-07-30","Nyct Paygo","2.9","posted","Train","Transportation","false","","regular","Primary CC","4832","","false"
"2025-07-30","Nyct Paygo","2.9","posted","Train","Transportation","false","","regular","Secondary CC","7291","","false"
"2025-07-30","Nyct Paygo","3","posted","Train","Transportation","false","","regular","Secondary CC","7291","","false"
"2025-07-31","Mta*Nyct Paygo","2.9","posted","Train","Transportation","false","","regular","Secondary CC","7291","","false"
"2025-07-31","McDonald's","8.25","posted","Fast Food","Food & Drink","false","","regular","Secondary CC","7291","","false"
"2025-07-31","Other Fast Food","13.74","posted","Fast Food","Food & Drink","false","","regular","Secondary CC","7291","","false"
"2025-07-31","Metropolitan Tra","2.9","posted","Train","Transportation","false","","regular","Primary CC","4832","","false"
"2025-07-31","Nyct Paygo","3","posted","Train","Transportation","false","","regular","Secondary CC","7291","","false"
"2025-07-31","Mta*Nyct Paygo","2.9","posted","Train","Transportation","false","","regular","Secondary CC","7291","","false"
"2025-08-01","Mta*Nyct Paygo","2.9","posted","Train","Transportation","false","","regular","Primary CC","4832","","false"
"2025-08-01","Rent Payment","1350","posted","Rent","Housing","false","","regular","Checking","3456","","true"
"2025-08-01","Con Edison","33.95","posted","Gas & Electric","Utilities","false","","regular","Checking","3456","","false"
"2025-08-01","Other Entertainment","23.75","posted","Entertainment","Entertainment","false","","regular","Debit","3456","","false"
"2025-08-02","Other Shop","97.83","posted","Shops","Shopping","false","","regular","Primary CC","4832","","false"
"2025-08-02","McDonald's","11.66","posted","Fast Food","Food & Drink","false","","regular","Debit","3456","","false"
"2025-08-02","Mta*Nyct Paygo","2.9","posted","Train","Transportation","false","","regular","Secondary CC","7291","","false"
"2025-08-02","Con Edison","35.13","posted","Gas & Electric","Utilities","false","","regular","Checking","3456","","false"
"2025-08-02","Nyct Paygo","2.9","posted","Train","Transportation","false","","regular","Secondary CC","7291","","false"
"2025-08-03","Venmo Cashout","107.42","posted","Transfer","Transfer","true","","internal transfer","Checking","3456","","false"
"2025-08-03","Lark Cafe","-110.19","posted","Tips","Income","true","","income","Checking","3456","","false"
"2025-08-03","Symbioun Payroll","-2592.37","posted","Payroll","Income","true","","income","Checking","3456","","true"
"2025-08-03","Nyct Paygo","2.9","posted","Train","Transportation","false","","regular","Secondary CC","7291","","false"
"2025-08-04","Other Fast Food","14.05","posted","Fast Food","Food & Drink","false","","regular","Secondary CC","7291","","false"
"2025-08-04","Keep The Change Transfer","-0.64","posted","Savings","Transfer","true","","internal transfer","Checking","3456","","false"
"2025-08-05","Chick-Fil-A","15.11","posted","Fast Food","Food & Drink","false","","regular","Debit","3456","","false"
"2025-08-05","Nyct Paygo","3","posted","Train","Transportation","false","","regular","Secondary CC","7291","","false"
"2025-08-05","Other Entertainment","10.63","posted","Entertainment","Entertainment","false","","regular","Primary CC","4832","","false"
"2025-08-05","Nyct Paygo","3","posted","Train","Transportation","false","","regular","Secondary CC","7291","","false"
"2025-08-05","Mta*Nyct Paygo","2.9","posted","Train","Transportation","false","","regular","Secondary CC","7291","","false"
"2025-08-06","Square Payroll","-397.68","posted","Side Income","Income","true","","income","Checking","3456","","true"
"2025-08-06","Mta*Nyct Paygo","2.9","posted","Train","Transportation","false","","regular","Secondary CC","7291","","false"
"2025-08-06","Lark Cafe","-117.7","posted","Tips","Income","true","","income","Checking","3456","","false"
"2025-08-06","Other Fast Food","11.79","posted","Fast Food","Food & Drink","false","","regular","Primary CC","4832","","false"
"2025-08-07","Conductor Inc Deposit","-844.65","posted","Side Income","Income","true","","income","Checking","3456","","false"
"2025-08-07","Whole Foods","58.62","posted","Groceries","Food & Drink","false","","regular","Primary CC","4832","","false"
"2025-08-07","Nyct Paygo","2.9","posted","Train","Transportation","false","","regular","Secondary CC","7291","","false"
"2025-08-07","CVS","19.84","posted","Other","Other","false","","regular","Secondary CC","7291","","false"
"2025-08-07","Nyct Paygo","2.9","posted","Train","Transportation","false","","regular","Secondary CC","7291","","false"
"2025-08-07","Nyct Paygo","2.9","posted","Train","Transportation","false","","regular","Secondary CC","7291","","false"
"2025-08-07","Devocion","6.67","posted","Cafés","Food & Drink","false","","regular","Primary CC","4832","","false"
"2025-08-08","Nyct Paygo","3","posted","Train","Transportation","false","","regular","Secondary CC","7291","","false"
"2025-08-08","Nyct Paygo","2.9","posted","Train","Transportation","false","","regular","Secondary CC","7291","","false"
"2025-08-08","McDonald's","17.22","posted","Fast Food","Food & Drink","false","","regular","Primary CC","4832","","false"
"2025-08-08","Venmo Cashout","141.75","posted","Transfer","Transfer","true","","internal transfer","Checking","3456","","false"
"2025-08-08","Nyct Paygo","2.9","posted","Train","Transportation","false","","regular","Secondary CC","7291","","false"
"2025-08-08","Nyct Paygo","2.9","posted","Train","Transportation","false","","regular","Secondary CC","7291","","false"
"2025-08-08","Nyct Paygo","3","posted","Train","Transportation","false","","regular","Secondary CC","7291","","false"
"2025-08-08","Nyct Paygo","2.9","posted","Train","Transportation","false","","regular","Secondary CC","7291","","false"
"2025-08-09","Uniqlo","32.05","posted","Clothing","Shopping","false","","regular","Secondary CC","7291","","false"
"2025-08-09","Other Merchant","20.37","posted","Other","Other","false","","regular","Primary CC","4832","","false"
"2025-08-09","Other Café","7.44","posted","Cafés","Food & Drink","false","","regular","Debit","3456","","false"
"2025-08-09","Nyct Paygo","2.9","posted","Train","Transportation","false","","regular","Secondary CC","7291","","false"
"2025-08-10","Chick-Fil-A","10.82","posted","Fast Food","Food & Drink","false","","regular","Secondary CC","7291","","false"
"2025-08-10","Nyct Paygo","2.9","posted","Train","Transportation","false","","regular","Secondary CC","7291","","false"
"2025-08-10","Nyct Paygo","3","posted","Train","Transportation","false","","regular","Secondary CC","7291","","false"
"2025-08-10","Other Restaurant","12","posted","Restaurants","Food & Drink","false","","regular","Secondary CC","7291","","false"
"2025-08-11","Other Fast Food","13.05","posted","Fast Food","Food & Drink","false","","regular","Primary CC","4832","","false"
"2025-08-11","Nyct Paygo","2.9","posted","Train","Transportation","false","","regular","Secondary CC","7291","","false"
"2025-08-11","Metropolitan Tra","2.9","posted","Train","Transportation","false","","regular","Secondary CC","7291","","false"
"2025-08-11","Metropolitan Tra","2.9","posted","Train","Transportation","false","","regular","Secondary CC","7291","","false"
"2025-08-11","Sweetgreen","10.49","posted","Fast Food","Food & Drink","false","","regular","Secondary CC","7291","","false"
"2025-08-11","Keep The Change Transfer","-0.48","posted","Savings","Transfer","true","","internal transfer","Checking","3456","","false"
"2025-08-12","Nyct Paygo","3","posted","Train","Transportation","false","","regular","Secondary CC","7291","","false"
"2025-08-12","Amazon","3","posted","Other","Other","false","","regular","Debit","3456","","false"
"2025-08-12","Costco","23.13","posted","Groceries","Food & Drink","false","","regular","Debit","3456","","false"
"2025-08-12","Apple.com/bill","6.99","posted","Subscriptions","Entertainment","false","","regular","Primary CC","4832","","true"
"2025-08-12","Other Restaurant","57.65","posted","Restaurants","Food & Drink","false","","regular","Primary CC","4832","","false"
"2025-08-12","Nyct Paygo","2.9","posted","Train","Transportation","false","","regular","Secondary CC","7291","","false"
"2025-08-12","McDonald's","20.86","posted","Fast Food","Food & Drink","false","","regular","Primary CC","4832","","false"
"2025-08-12","Keep The Change Transfer","-0.72","posted","Savings","Transfer","true","","internal transfer","Checking","3456","","false"
"2025-08-13","Metropolitan Tra","2.9","posted","Train","Transportation","false","","regular","Secondary CC","7291","","false"
"2025-08-13","Nyct Paygo","2.9","posted","Train","Transportation","false","","regular","Secondary CC","7291","","false"
"2025-08-13","Whole Foods","16.42","posted","Groceries","Food & Drink","false","","regular","Secondary CC","7291","","false"
"2025-08-14","Other Café","10.74","posted","Cafés","Food & Drink","false","","regular","Primary CC","4832","","false"
"2025-08-14","Nyct Paygo","3","posted","Train","Transportation","false","","regular","Secondary CC","7291","","false"
"2025-08-14","Chipotle","17.18","posted","Fast Food","Food & Drink","false","","regular","Primary CC","4832","","false"
"2025-08-14","Uber","10.14","posted","Uber","Transportation","false","","regular","Debit","3456","","false"
"2025-08-15","Nyct Paygo","2.9","posted","Train","Transportation","false","","regular","Secondary CC","7291","","false"
"2025-08-15","Other Shop","200","posted","Shops","Shopping","false","","regular","Secondary CC","7291","","false"
"2025-08-16","Amazon","25.32","posted","Other","Other","false","","regular","Primary CC","4832","","false"
"2025-08-16","Sweetgreen","17.12","posted","Fast Food","Food & Drink","false","","regular","Primary CC","4832","","false"
"2025-08-16","C-Town","11.86","posted","Groceries","Food & Drink","false","","regular","Secondary CC","7291","","false"
"2025-08-16","Other Bar","8","posted","Bars","Food & Drink","false","","regular","Debit","3456","","false"
"2025-08-16","Sushi Katsuei","30.66","posted","Restaurants","Food & Drink","false","","regular","Secondary CC","7291","","false"
"2025-08-17","Navient Student Loan","280","posted","Student Loan","Debt","false","","regular","Checking","3456","","true"
"2025-08-17","Verizon Fios","49.99","posted","Internet","Utilities","false","","regular","Primary CC","4832","","false"
"2025-08-17","Laundromat","12","posted","Laundry","Personal Care","false","","regular","Secondary CC","7291","","false"
"2025-08-17","Symbioun Payroll","-2559.84","posted","Payroll","Income","true","","income","Checking","3456","","true"
"2025-08-17","Uber","11.6","posted","Uber","Transportation","false","","regular","Primary CC","4832","","false"
"2025-08-17","Other Bar","37.04","posted","Bars","Food & Drink","false","","regular","Secondary CC","7291","","false"
"2025-08-18","Nyct Paygo","2.9","posted","Train","Transportation","false","","regular","Secondary CC","7291","","false"
"2025-08-18","Other Restaurant","14.24","posted","Restaurants","Food & Drink","false","","regular","Secondary CC","7291","","false"
"2025-08-18","Other Restaurant","50.05","posted","Restaurants","Food & Drink","false","","regular","Debit","3456","","false"
"2025-08-18","Nyct Paygo","3","posted","Train","Transportation","false","","regular","Secondary CC","7291","","false"
"2025-08-18","Nyct Paygo","3","posted","Train","Transportation","false","","regular","Secondary CC","7291","","false"
"2025-08-18","Amazon","43.11","posted","Other","Other","false","","regular","Secondary CC","7291","","false"
"2025-08-19","Nyct Paygo","2.9","posted","Train","Transportation","false","","regular","Secondary CC","7291","","false"
"2025-08-19","Whole Foods","45.33","posted","Groceries","Food & Drink","false","","regular","Primary CC","4832","","false"
"2025-08-19","Nyct Paygo","2.9","posted","Train","Transportation","false","","regular","Primary CC","4832","","false"
"2025-08-20","Metropolitan Tra","2.9","posted","Train","Transportation","false","","regular","Secondary CC","7291","","false"
"2025-08-20","Square Payroll","-416.29","posted","Side Income","Income","true","","income","Checking","3456","","true"
"2025-08-20","Other Café","4.04","posted","Cafés","Food & Drink","false","","regular","Primary CC","4832","","false"
"2025-08-20","Muji","27.67","posted","Shops","Shopping","false","","regular","Secondary CC","7291","","false"
"2025-08-21","Land To Sea","9.45","posted","Cafés","Food & Drink","false","","regular","Primary CC","4832","","false"
"2025-08-21","Mta*Nyct Paygo","3","posted","Train","Transportation","false","","regular","Secondary CC","7291","","false"
"2025-08-21","Nyct Paygo","3","posted","Train","Transportation","false","","regular","Secondary CC","7291","","false"
"2025-08-21","Panera Bread","20.45","posted","Fast Food","Food & Drink","false","","regular","Primary CC","4832","","false"
"2025-08-21","Chipotle","11.04","posted","Fast Food","Food & Drink","false","","regular","Primary CC","4832","","false"
"2025-08-21","Nyct Paygo","2.9","posted","Train","Transportation","false","","regular","Secondary CC","7291","","false"
"2025-08-21","Other Restaurant","41.08","posted","Restaurants","Food & Drink","false","","regular","Secondary CC","7291","","false"
"2025-08-22","Mta*Nyct Paygo","2.9","posted","Train","Transportation","false","","regular","Secondary CC","7291","","false"
"2025-08-22","Nyct Paygo","2.9","posted","Train","Transportation","false","","regular","Secondary CC","7291","","false"
"2025-08-22","Other Café","11.21","posted","Cafés","Food & Drink","false","","regular","Primary CC","4832","","false"
"2025-08-22","Verizon Fios","49.99","posted","Internet","Utilities","false","","regular","Checking","3456","","false"
"2025-08-22","Nyct Paygo","3","posted","Train","Transportation","false","","regular","Secondary CC","7291","","false"
"2025-08-22","Credit Card Payment","-1343.29","posted","Credit Card Payment","Transfer","true","","internal transfer","Checking","3456","","true"
"2025-08-22","Metropolitan Tra","2.9","posted","Train","Transportation","false","","regular","Primary CC","4832","","false"
"2025-08-22","Devocion","4.83","posted","Cafés","Food & Drink","false","","regular","Primary CC","4832","","false"
"2025-08-23","C-Town","21.46","posted","Groceries","Food & Drink","false","","regular","Primary CC","4832","","false"
"2025-08-23","McDonald's","14.44","posted","Fast Food","Food & Drink","false","","regular","Secondary CC","7291","","false"
"2025-08-23","Nyct Paygo","2.9","posted","Train","Transportation","false","","regular","Secondary CC","7291","","false"
"2025-08-23","Other Café","4.79","posted","Cafés","Food & Drink","false","","regular","Secondary CC","7291","","false"
"2025-08-23","Lyft","40.02","posted","Uber","Transportation","false","","regular","Secondary CC","7291","","false"
"2025-08-24","Other Shop","8.24","posted","Shops","Shopping","false","","regular","Secondary CC","7291","","false"
"2025-08-24","Metropolitan Tra","2.9","posted","Train","Transportation","false","","regular","Secondary CC","7291","","false"
"2025-08-24","Nyct Paygo","2.9","posted","Train","Transportation","false","","regular","Secondary CC","7291","","false"
"2025-08-24","Thai Villa","21.02","posted","Restaurants","Food & Drink","false","","regular","Secondary CC","7291","","false"
"2025-08-24","Other Grocery","44.05","posted","Groceries","Food & Drink","false","","regular","Primary CC","4832","","false"
"2025-08-24","Via","12.48","posted","Uber","Transportation","false","","regular","Primary CC","4832","","false"
"2025-08-25","Walgreens","25.91","posted","Pharmacy","Health","false","","regular","Debit","3456","","false"
"2025-08-25","Nyct Paygo","3","posted","Train","Transportation","false","","regular","Secondary CC","7291","","false"
"2025-08-25","Nyct Paygo","2.9","posted","Train","Transportation","false","","regular","Primary CC","4832","","false"
"2025-08-25","Cleaners","8.5","posted","Laundry","Personal Care","false","","regular","Debit","3456","","false"
"2025-08-25","Other Restaurant","28.72","posted","Restaurants","Food & Drink","false","","regular","Debit","3456","","false"
"2025-08-25","Interest Payment","-2.26","posted","Interest","Income","true","","income","Savings","6789","","true"
"2025-08-25","Nyct Paygo","3","posted","Train","Transportation","false","","regular","Secondary CC","7291","","false"
"2025-08-26","Nyct Paygo","2.9","posted","Train","Transportation","false","","regular","Secondary CC","7291","","false"
"2025-08-26","Other Shop","24.67","posted","Shops","Shopping","false","","regular","Primary CC","4832","","false"
"2025-08-26","Other Clothing","21.87","posted","Clothing","Shopping","false","","regular","Primary CC","4832","","false"
"2025-08-26","Other Fast Food","20.73","posted","Fast Food","Food & Drink","false","","regular","Primary CC","4832","","false"
"2025-08-26","Nyct Paygo","3","posted","Train","Transportation","false","","regular","Secondary CC","7291","","false"
"2025-08-26","Nyct Paygo","2.9","posted","Train","Transportation","false","","regular","Secondary CC","7291","","false"
"2025-08-26","Sweetgreen","18.36","posted","Fast Food","Food & Drink","false","","regular","Primary CC","4832","","false"
"2025-08-27","Nyct Paygo","3","posted","Train","Transportation","false","","regular","Primary CC","4832","","false"
"2025-08-27","Nyct Paygo","2.9","posted","Train","Transportation","false","","regular","Secondary CC","7291","","false"
"2025-08-27","Nyct Paygo","2.9","posted","Train","Transportation","false","","regular","Secondary CC","7291","","false"
"2025-08-27","Other Fast Food","21.58","posted","Fast Food","Food & Drink","false","","regular","Primary CC","4832","","false"
"2025-08-27","Union Pool","9.35","posted","Bars","Food & Drink","false","","regular","Primary CC","4832","","false"
"2025-08-28","AMC Theatres","13.63","posted","Entertainment","Entertainment","false","","regular","Primary CC","4832","","false"
"2025-08-29","Mta*Nyct Paygo","2.9","posted","Train","Transportation","false","","regular","Secondary CC","7291","","false"
"2025-08-29","Sey Coffee","4.97","posted","Cafés","Food & Drink","false","","regular","Primary CC","4832","","false"
"2025-08-29","Nyct Paygo","3","posted","Train","Transportation","false","","regular","Secondary CC","7291","","false"
"2025-08-30","Gap","72.17","posted","Clothing","Shopping","false","","regular","Secondary CC","7291","","false"
"2025-08-30","Shake Shack","8.31","posted","Fast Food","Food & Drink","false","","regular","Secondary CC","7291","","false"
"2025-08-30","Whole Foods","17.05","posted","Groceries","Food & Drink","false","","regular","Primary CC","4832","","false"
"2025-08-31","Food Bazaar","13.57","posted","Groceries","Food & Drink","false","","regular","Secondary CC","7291","","false"
"2025-08-31","Nyct Paygo","3","posted","Train","Transportation","false","","regular","Secondary CC","7291","","false"
"2025-08-31","Nyct Paygo","3","posted","Train","Transportation","false","","regular","Secondary CC","7291","","false"
"2025-08-31","Mta*Nyct Paygo","2.9","posted","Train","Transportation","false","","regular","Secondary CC","7291","","false"
"2025-08-31","Venmo Cashout","108.21","posted","Transfer","Transfer","true","","internal transfer","Checking","3456","","false"
"2025-08-31","Other Café","2.57","posted","Cafés","Food & Drink","false","","regular","Primary CC","4832","","false"
"2025-08-31","Symbioun Payroll","-2549.6","posted","Payroll","Income","true","","income","Checking","3456","","true"
"2025-09-01","Lark Cafe","-178.99","posted","Tips","Income","true","","income","Checking","3456","","false"
"2025-09-01","T-Mobile","30","posted","Phone","Utilities","false","","regular","Primary CC","4832","","false"
"2025-09-01","Rent Payment","1350","posted","Rent","Housing","false","","regular","Checking","3456","","true"
"2025-09-01","Sushi Katsuei","18.25","posted","Restaurants","Food & Drink","false","","regular","Primary CC","4832","","false"
"2025-09-01","Mta*Nyct Paygo","2.9","posted","Train","Transportation","false","","regular","Secondary CC","7291","","false"
"2025-09-01","Nyct Paygo","2.9","posted","Train","Transportation","false","","regular","Secondary CC","7291","","false"
"2025-09-01","Nyct Paygo","2.9","posted","Train","Transportation","false","","regular","Secondary CC","7291","","false"
"2025-09-02","Nyct Paygo","2.9","posted","Train","Transportation","false","","regular","Secondary CC","7291","","false"
"2025-09-02","Uniqlo","51.62","posted","Shops","Shopping","false","","regular","Debit","3456","","false"
"2025-09-02","Other Fast Food","7.68","posted","Fast Food","Food & Drink","false","","regular","Primary CC","4832","","false"
"2025-09-02","Venmo Cashout","131.05","posted","Transfer","Transfer","true","","internal transfer","Checking","3456","","false"
"2025-09-02","Nyct Paygo","2.9","posted","Train","Transportation","false","","regular","Secondary CC","7291","","false"
"2025-09-02","Five Guys","12.87","posted","Fast Food","Food & Drink","false","","regular","Secondary CC","7291","","false"
"2025-09-02","Subway","11.62","posted","Fast Food","Food & Drink","false","","regular","Primary CC","4832","","false"
"2025-09-03","Metropolitan Tra","2.9","posted","Train","Transportation","false","","regular","Secondary CC","7291","","false"
"2025-09-03","Panera Bread","10.31","posted","Fast Food","Food & Drink","false","","regular","Debit","3456","","false"
"2025-09-03","Nyct Paygo","2.9","posted","Train","Transportation","false","","regular","Secondary CC","7291","","false"
"2025-09-03","Square Payroll","-399.18","posted","Side Income","Income","true","","income","Checking","3456","","true"
"2025-09-03","Other Merchant","16.49","posted","Other","Other","false","","regular","Secondary CC","7291","","false"
"2025-09-03","Nyct Paygo","3","posted","Train","Transportation","false","","regular","Secondary CC","7291","","false"
"2025-09-04","Nyct Paygo","3","posted","Train","Transportation","false","","regular","Secondary CC","7291","","false"
"2025-09-04","Mta*Nyct Paygo","3","posted","Train","Transportation","false","","regular","Secondary CC","7291","","false"
"2025-09-04","Via","16.26","posted","Uber","Transportation","false","","regular","Secondary CC","7291","","false"
"2025-09-04","Nyct Paygo","2.9","posted","Train","Transportation","false","","regular","Secondary CC","7291","","false"
"2025-09-04","Nyct Paygo","3","posted","Train","Transportation","false","","regular","Secondary CC","7291","","false"
"2025-09-04","Five Guys","12.16","posted","Fast Food","Food & Drink","false","","regular","Primary CC","4832","","false"
"2025-09-05","Other Entertainment","22.47","posted","Entertainment","Entertainment","false","","regular","Primary CC","4832","","false"
"2025-09-05","Mta*Nyct Paygo","3","posted","Train","Transportation","false","","regular","Secondary CC","7291","","false"
"2025-09-05","Nyct Paygo","2.9","posted","Train","Transportation","false","","regular","Secondary CC","7291","","false"
"2025-09-05","Other Grocery","33.29","posted","Groceries","Food & Drink","false","","regular","Secondary CC","7291","","false"
"2025-09-05","Duane Reade","15.65","posted","Other","Other","false","","regular","Primary CC","4832","","false"
"2025-09-05","Nyct Paygo","2.9","posted","Train","Transportation","false","","regular","Secondary CC","7291","","false"
"2025-09-05","Chipotle","13.89","posted","Fast Food","Food & Drink","false","","regular","Secondary CC","7291","","false"
"2025-09-06","Conductor Inc Deposit","-747.09","posted","Side Income","Income","true","","income","Checking","3456","","false"
"2025-09-06","Keep The Change Transfer","-0.87","posted","Savings","Transfer","true","","internal transfer","Checking","3456","","false"
"2025-09-06","Lark Cafe","-231.84","posted","Tips","Income","true","","income","Checking","3456","","false"
"2025-09-06","Chipotle","11.1","posted","Fast Food","Food & Drink","false","","regular","Debit","3456","","false"
"2025-09-06","Nyct Paygo","2.9","posted","Train","Transportation","false","","regular","Secondary CC","7291","","false"
"2025-09-07","AMC Theatres","40.18","posted","Entertainment","Entertainment","false","","regular","Primary CC","4832","","false"
"2025-09-07","Trader Joe's","23.86","posted","Groceries","Food & Drink","false","","regular","Primary CC","4832","","false"
"2025-09-07","Trader Joe's","30.12","posted","Groceries","Food & Drink","false","","regular","Primary CC","4832","","false"
"2025-09-08","Nyct Paygo","3","posted","Train","Transportation","false","","regular","Secondary CC","7291","","false"
"2025-09-08","Nyct Paygo","2.9","posted","Train","Transportation","false","","regular","Secondary CC","7291","","false"
"2025-09-09","Panera Bread","10.65","posted","Fast Food","Food & Drink","false","","regular","Primary CC","4832","","false"
"2025-09-09","Nyct Paygo","3","posted","Train","Transportation","false","","regular","Secondary CC","7291","","false"
"2025-09-09","Other Bar","10.45","posted","Bars","Food & Drink","false","","regular","Debit","3456","","false"
"2025-09-09","Mta*Nyct Paygo","3","posted","Train","Transportation","false","","regular","Secondary CC","7291","","false"
"2025-09-10","Chipotle","8.2","posted","Fast Food","Food & Drink","false","","regular","Secondary CC","7291","","false"
"2025-09-10","Other Clothing","51.25","posted","Clothing","Shopping","false","","regular","Debit","3456","","false"
"2025-09-10","CVS","5.72","posted","Other","Other","false","","regular","Debit","3456","","false"
"2025-09-10","Sweetleaf","7.88","posted","Cafés","Food & Drink","false","","regular","Primary CC","4832","","false"
"2025-09-10","Other Café","6.61","posted","Cafés","Food & Drink","false","","regular","Primary CC","4832","","false"
"2025-09-10","Sey Coffee","4.66","posted","Cafés","Food & Drink","false","","regular","Secondary CC","7291","","false"
"2025-09-10","Nyct Paygo","3","posted","Train","Transportation","false","","regular","Secondary CC","7291","","false"
"2025-09-10","Other Restaurant","36.05","posted","Restaurants","Food & Drink","false","","regular","Venmo","9012","","false"
"2025-09-11","Amazon","27.02","posted","Shops","Shopping","false","","regular","Primary CC","4832","","false"
"2025-09-11","Apple.com/bill","6.99","posted","Subscriptions","Entertainment","false","","regular","Primary CC","4832","","true"
"2025-09-12","Other Entertainment","18.29","posted","Entertainment","Entertainment","false","","regular","Secondary CC","7291","","false"
"2025-09-12","Nyct Paygo","2.9","posted","Train","Transportation","false","","regular","Secondary CC","7291","","false"
"2025-09-12","Amazon","22.86","posted","Shops","Shopping","false","","regular","Debit","3456","","false"
"2025-09-12","Lyft","15.16","posted","Uber","Transportation","false","","regular","Primary CC","4832","","false"
"2025-09-12","Other Fast Food","16.23","posted","Fast Food","Food & Drink","false","","regular","Primary CC","4832","","false"
"2025-09-13","Other Bar","27.02","posted","Bars","Food & Drink","false","","regular","Secondary CC","7291","","false"
"2025-09-13","Other Merchant","14.25","posted","Other","Other","false","","regular","Secondary CC","7291","","false"
"2025-09-13","Nyct Paygo","2.9","posted","Train","Transportation","false","","regular","Secondary CC","7291","","false"
"2025-09-13","Other Café","8.44","posted","Cafés","Food & Drink","false","","regular","Primary CC","4832","","false"
"2025-09-13","Nyct Paygo","3","posted","Train","Transportation","false","","regular","Secondary CC","7291","","false"
"2025-09-14","Food Bazaar","19.54","posted","Groceries","Food & Drink","false","","regular","Debit","3456","","false"
"2025-09-14","Other Restaurant","62.37","posted","Restaurants","Food & Drink","false","","regular","Debit","3456","","false"
"2025-09-14","Other Entertainment","12.89","posted","Entertainment","Entertainment","false","","regular","Secondary CC","7291","","false"
"2025-09-14","Chipotle","12.08","posted","Fast Food","Food & Drink","false","","regular","Primary CC","4832","","false"
"2025-09-14","Metropolitan Tra","3","posted","Train","Transportation","false","","regular","Secondary CC","7291","","false"
"2025-09-14","Nyct Paygo","3","posted","Train","Transportation","false","","regular","Secondary CC","7291","","false"
"2025-09-14","Symbioun Payroll","-2545.19","posted","Payroll","Income","true","","income","Checking","3456","","true"
"2025-09-15","Nyct Paygo","3","posted","Train","Transportation","false","","regular","Secondary CC","7291","","false"
"2025-09-15","Walgreens","18.43","posted","Other","Other","false","","regular","Secondary CC","7291","","false"
"2025-09-15","Sweetgreen","16.38","posted","Fast Food","Food & Drink","false","","regular","Primary CC","4832","","false"
"2025-09-15","Other Restaurant","15.66","posted","Restaurants","Food & Drink","false","","regular","Secondary CC","7291","","false"
"2025-09-16","Other Entertainment","32.32","posted","Entertainment","Entertainment","false","","regular","Secondary CC","7291","","false"
"2025-09-16","Navient Student Loan","280","posted","Student Loan","Debt","false","","regular","Checking","3456","","true"
"2025-09-16","Nyct Paygo","3","posted","Train","Transportation","false","","regular","Secondary CC","7291","","false"
"2025-09-16","Chipotle","13.85","posted","Fast Food","Food & Drink","false","","regular","Primary CC","4832","","false"
"2025-09-16","Starbucks","3.02","posted","Cafés","Food & Drink","false","","regular","Secondary CC","7291","","false"
"2025-09-16","Metropolitan Tra","2.9","posted","Train","Transportation","false","","regular","Secondary CC","7291","","false"
"2025-09-16","Nyct Paygo","2.9","posted","Train","Transportation","false","","regular","Secondary CC","7291","","false"
"2025-09-17","Nyct Paygo","3","posted","Train","Transportation","false","","regular","Secondary CC","7291","","false"
"2025-09-17","Whole Foods","92.91","posted","Groceries","Food & Drink","false","","regular","Primary CC","4832","","false"
"2025-09-17","Laundromat","8.5","posted","Laundry","Personal Care","false","","regular","Debit","3456","","false"
"2025-09-17","Metropolitan Tra","2.9","posted","Train","Transportation","false","","regular","Secondary CC","7291","","false"
"2025-09-17","Nyct Paygo","2.9","posted","Train","Transportation","false","","regular","Secondary CC","7291","","false"
"2025-09-17","Other Grocery","28.28","posted","Groceries","Food & Drink","false","","regular","Debit","3456","","false"
"2025-09-17","Square Payroll","-389.8","posted","Side Income","Income","true","","income","Checking","3456","","true"
"2025-09-18","Keep The Change Transfer","-0.71","posted","Savings","Transfer","true","","internal transfer","Checking","3456","","false"
"2025-09-18","Costco","58.37","posted","Groceries","Food & Drink","false","","regular","Primary CC","4832","","false"
"2025-09-18","Metropolitan Tra","3","posted","Train","Transportation","false","","regular","Secondary CC","7291","","false"
"2025-09-18","Other Restaurant","46.6","posted","Restaurants","Food & Drink","false","","regular","Primary CC","4832","","false"
"2025-09-19","Shake Shack","16.09","posted","Fast Food","Food & Drink","false","","regular","Primary CC","4832","","false"
"2025-09-19","Nyct Paygo","2.9","posted","Train","Transportation","false","","regular","Secondary CC","7291","","false"
"2025-09-19","Nyct Paygo","2.9","posted","Train","Transportation","false","","regular","Secondary CC","7291","","false"
"2025-09-19","Shake Shack","23.46","posted","Fast Food","Food & Drink","false","","regular","Primary CC","4832","","false"
"2025-09-19","Celsious","20","posted","Laundry","Personal Care","false","","regular","Debit","3456","","false"
"2025-09-19","Nyct Paygo","2.9","posted","Train","Transportation","false","","regular","Secondary CC","7291","","false"
"2025-09-20","Mta*Nyct Paygo","2.9","posted","Train","Transportation","false","","regular","Secondary CC","7291","","false"
"2025-09-20","Keep The Change Transfer","-0.14","posted","Savings","Transfer","true","","internal transfer","Checking","3456","","false"
"2025-09-20","Celsious","15","posted","Laundry","Personal Care","false","","regular","Primary CC","4832","","false"
"2025-09-20","Trader Joe's","36.15","posted","Groceries","Food & Drink","false","","regular","Debit","3456","","false"
"2025-09-20","Other Merchant","14.99","posted","Other","Other","false","","regular","Primary CC","4832","","false"
"2025-09-20","Whole Foods","13.52","posted","Groceries","Food & Drink","false","","regular","Primary CC","4832","","false"
"2025-09-21","Nyct Paygo","3","posted","Train","Transportation","false","","regular","Secondary CC","7291","","false"
"2025-09-21","Via","16.11","posted","Uber","Transportation","false","","regular","Secondary CC","7291","","false"
"2025-09-21","Credit Card Payment","-1431.15","posted","Credit Card Payment","Transfer","true","","internal transfer","Checking","3456","","true"
"2025-09-22","Other Café","5.27","posted","Cafés","Food & Drink","false","","regular","Primary CC","4832","","false"
"2025-09-22","Starbucks","7.19","posted","Cafés","Food & Drink","false","","regular","Primary CC","4832","","false"
"2025-09-22","Nyct Paygo","2.9","posted","Train","Transportation","false","","regular","Secondary CC","7291","","false"
"2025-09-22","Other Merchant","20.01","posted","Other","Other","false","","regular","Secondary CC","7291","","false"
"2025-09-22","Other Café","3.84","posted","Cafés","Food & Drink","false","","regular","Primary CC","4832","","false"
"2025-09-22","Nyct Paygo","3","posted","Train","Transportation","false","","regular","Secondary CC","7291","","false"
"2025-09-22","Other Café","7.63","posted","Cafés","Food & Drink","false","","regular","Secondary CC","7291","","false"
"2025-09-23","Other Merchant","11.75","posted","Other","Other","false","","regular","Secondary CC","7291","","false"
"2025-09-23","Trader Joe's","22.51","posted","Groceries","Food & Drink","false","","regular","Primary CC","4832","","false"
"2025-09-23","Metropolitan Tra","2.9","posted","Train","Transportation","false","","regular","Secondary CC","7291","","false"
"2025-09-23","Nyct Paygo","2.9","posted","Train","Transportation","false","","regular","Secondary CC","7291","","false"
"2025-09-24","Nyct Paygo","2.9","posted","Train","Transportation","false","","regular","Secondary CC","7291","","false"
"2025-09-24","CVS","29.66","posted","Pharmacy","Health","false","","regular","Primary CC","4832","","false"
"2025-09-24","Nyct Paygo","2.9","posted","Train","Transportation","false","","regular","Secondary CC","7291","","false"
"2025-09-24","Chipotle","11.92","posted","Fast Food","Food & Drink","false","","regular","Secondary CC","7291","","false"
"2025-09-24","Metropolitan Tra","2.9","posted","Train","Transportation","false","","regular","Secondary CC","7291","","false"
"2025-09-24","Interest Payment","-1.52","posted","Interest","Income","true","","income","Savings","6789","","true"
"2025-09-24","Other Grocery","31.9","posted","Groceries","Food & Drink","false","","regular","Debit","3456","","false"
"2025-09-24","Other Shop","49.32","posted","Shops","Shopping","false","","regular","Secondary CC","7291","","false"
"2025-09-24","Uber","10.31","posted","Uber","Transportation","false","","regular","Primary CC","4832","","false"
"2025-09-24","Nyct Paygo","2.9","posted","Train","Transportation","false","","regular","Secondary CC","7291","","false"
"2025-09-24","Nyct Paygo","2.9","posted","Train","Transportation","false","","regular","Secondary CC","7291","","false"
"2025-09-24","Nyct Paygo","2.9","posted","Train","Transportation","false","","regular","Secondary CC","7291","","false"
"2025-09-25","Chick-Fil-A","9.14","posted","Fast Food","Food & Drink","false","","regular","Primary CC","4832","","false"
"2025-09-25","Devocion","8.55","posted","Cafés","Food & Drink","false","","regular","Primary CC","4832","","false"
"2025-09-25","Nyct Paygo","2.9","posted","Train","Transportation","false","","regular","Secondary CC","7291","","false"
"2025-09-25","Devocion","3.8","posted","Cafés","Food & Drink","false","","regular","Primary CC","4832","","false"
"2025-09-26","Nyct Paygo","2.9","posted","Train","Transportation","false","","regular","Secondary CC","7291","","false"
"2025-09-26","Nyct Paygo","2.9","posted","Train","Transportation","false","","regular","Secondary CC","7291","","false"
"2025-09-26","Sushi Katsuei","53.06","posted","Restaurants","Food & Drink","false","","regular","Primary CC","4832","","false"
"2025-09-26","Food Bazaar","15.13","posted","Groceries","Food & Drink","false","","regular","Primary CC","4832","","false"
"2025-09-26","Mta*Nyct Paygo","2.9","posted","Train","Transportation","false","","regular","Secondary CC","7291","","false"
"2025-09-27","Other Fast Food","8.7","posted","Fast Food","Food & Drink","false","","regular","Primary CC","4832","","false"
"2025-09-27","Cleaners","8.5","posted","Laundry","Personal Care","false","","regular","Debit","3456","","false"
"2025-09-27","Nail Salon","71.58","posted","Nails","Personal Care","false","","regular","Debit","3456","","false"
"2025-09-27","Amazon","9.93","posted","Other","Other","false","","regular","Primary CC","4832","","false"
"2025-09-27","Nyct Paygo","2.9","posted","Train","Transportation","false","","regular","Secondary CC","7291","","false"
"2025-09-27","Mta*Nyct Paygo","3","posted","Train","Transportation","false","","regular","Secondary CC","7291","","false"
"2025-09-27","Nyct Paygo","3","posted","Train","Transportation","false","","regular","Secondary CC","7291","","false"
"2025-09-28","Symbioun Payroll","-2537.34","posted","Payroll","Income","true","","income","Checking","3456","","true"
"2025-09-28","Other Clothing","136.5","posted","Clothing","Shopping","false","","regular","Primary CC","4832","","false"
"2025-09-28","Mta*Nyct Paygo","3","posted","Train","Transportation","false","","regular","Secondary CC","7291","","false"
"2025-09-29","Nyct Paygo","3","posted","Train","Transportation","false","","regular","Secondary CC","7291","","false"
"2025-09-29","Sweetgreen","17.27","posted","Fast Food","Food & Drink","false","","regular","Primary CC","4832","","false"
"2025-09-29","Nyct Paygo","2.9","posted","Train","Transportation","false","","regular","Secondary CC","7291","","false"
"2025-09-29","Walgreens","16.6","posted","Pharmacy","Health","false","","regular","Primary CC","4832","","false"
"2025-09-29","Food Bazaar","69.55","posted","Groceries","Food & Drink","false","","regular","Primary CC","4832","","false"
"2025-09-29","Nyct Paygo","2.9","posted","Train","Transportation","false","","regular","Secondary CC","7291","","false"
"2025-09-29","Nyct Paygo","2.9","posted","Train","Transportation","false","","regular","Secondary CC","7291","","false"
"2025-09-30","Whole Foods","35.46","posted","Groceries","Food & Drink","false","","regular","Primary CC","4832","","false"
"2025-10-01","Nyct Paygo","2.9","posted","Train","Transportation","false","","regular","Secondary CC","7291","","false"
"2025-10-01","Key Food","51.59","posted","Groceries","Food & Drink","false","","regular","Primary CC","4832","","false"
"2025-10-01","Nyct Paygo","2.9","posted","Train","Transportation","false","","regular","Secondary CC","7291","","false"
"2025-10-01","Nyct Paygo","2.9","posted","Train","Transportation","false","","regular","Secondary CC","7291","","false"
"2025-10-01","Rent Payment","1350","posted","Rent","Housing","false","","regular","Checking","3456","","true"
"2025-10-01","Metropolitan Tra","2.9","posted","Train","Transportation","false","","regular","Secondary CC","7291","","false"
"2025-10-01","Square Payroll","-397.75","posted","Side Income","Income","true","","income","Checking","3456","","true"
"2025-10-02","Target","32.5","posted","Shops","Shopping","false","","regular","Debit","3456","","false"
"2025-10-02","Target","19.66","posted","Groceries","Food & Drink","false","","regular","Secondary CC","7291","","false"
"2025-10-03","Other Merchant","25.42","posted","Other","Other","false","","regular","Secondary CC","7291","","false"
"2025-10-03","Nyct Paygo","2.9","posted","Train","Transportation","false","","regular","Secondary CC","7291","","false"
"2025-10-03","Whole Foods","18.22","posted","Groceries","Food & Drink","false","","regular","Debit","3456","","false"
"2025-10-03","Other Fast Food","8.33","posted","Fast Food","Food & Drink","false","","regular","Primary CC","4832","","false"
"2025-10-04","Partners Coffee","4.63","posted","Cafés","Food & Drink","false","","regular","Primary CC","4832","","false"
"2025-10-04","Walgreens","42.52","posted","Other","Other","false","","regular","Secondary CC","7291","","false"
"2025-10-04","Nyct Paygo","3","posted","Train","Transportation","false","","regular","Secondary CC","7291","","false"
"2025-10-04","Nyct Paygo","2.9","posted","Train","Transportation","false","","regular","Secondary CC","7291","","false"
"2025-10-05","Other Merchant","9.54","posted","Other","Other","false","","regular","Primary CC","4832","","false"
"2025-10-05","Lark Cafe","-221.67","posted","Tips","Income","true","","income","Checking","3456","","false"
"2025-10-05","Other Merchant","14.17","posted","Other","Other","false","","regular","Primary CC","4832","","false"
"2025-10-06","Conductor Inc Deposit","-819.54","posted","Side Income","Income","true","","income","Checking","3456","","false"
"2025-10-06","Other Shop","26.93","posted","Shops","Shopping","false","","regular","Primary CC","4832","","false"
"2025-10-06","Other Restaurant","38.79","posted","Restaurants","Food & Drink","false","","regular","Primary CC","4832","","false"
"2025-10-06","Other Clothing","62.16","posted","Clothing","Shopping","false","","regular","Primary CC","4832","","false"
"2025-10-06","Other Clothing","77.38","posted","Clothing","Shopping","false","","regular","Primary CC","4832","","false"
"2025-10-06","Café Regular","4.81","posted","Cafés","Food & Drink","false","","regular","Primary CC","4832","","false"
"2025-10-07","Nyct Paygo","3","posted","Train","Transportation","false","","regular","Secondary CC","7291","","false"
"2025-10-07","Devocion","6.92","posted","Cafés","Food & Drink","false","","regular","Primary CC","4832","","false"
"2025-10-07","Venmo Cashout","61.43","posted","Transfer","Transfer","true","","internal transfer","Checking","3456","","false"
"2025-10-08","Nyct Paygo","3","posted","Train","Transportation","false","","regular","Secondary CC","7291","","false"
"2025-10-08","Other Shop","13.01","posted","Shops","Shopping","false","","regular","Secondary CC","7291","","false"
"2025-10-08","Mint Mobile","15","posted","Phone","Utilities","false","","regular","Primary CC","4832","","false"
"2025-10-08","Shake Shack","11.6","posted","Fast Food","Food & Drink","false","","regular","Primary CC","4832","","false"
"2025-10-09","Other Grocery","27.06","posted","Groceries","Food & Drink","false","","regular","Secondary CC","7291","","false"
"2025-10-09","Spectrum","69.99","posted","Internet","Utilities","false","","regular","Checking","3456","","false"
"2025-10-09","Amazon","15.62","posted","Shops","Shopping","false","","regular","Primary CC","4832","","false"
"2025-10-09","Whole Foods","10.76","posted","Groceries","Food & Drink","false","","regular","Debit","3456","","false"
"2025-10-09","Key Food","24.24","posted","Groceries","Food & Drink","false","","regular","Debit","3456","","false"
"2025-10-09","Nyct Paygo","2.9","posted","Train","Transportation","false","","regular","Primary CC","4832","","false"
"2025-10-09","Nyct Paygo","2.9","posted","Train","Transportation","false","","regular","Secondary CC","7291","","false"
"2025-10-09","Other Grocery","18.05","posted","Groceries","Food & Drink","false","","regular","Secondary CC","7291","","false"
"2025-10-10","Nyct Paygo","2.9","posted","Train","Transportation","false","","regular","Secondary CC","7291","","false"
"2025-10-10","Other Café","6.47","posted","Cafés","Food & Drink","false","","regular","Primary CC","4832","","false"
"2025-10-10","Venmo Cashout","90.69","posted","Transfer","Transfer","true","","internal transfer","Checking","3456","","false"
"2025-10-10","Mta*Nyct Paygo","2.9","posted","Train","Transportation","false","","regular","Secondary CC","7291","","false"
"2025-10-11","Apple.com/bill","6.99","posted","Subscriptions","Entertainment","false","","regular","Primary CC","4832","","true"
"2025-10-11","Joe Coffee","6.92","posted","Cafés","Food & Drink","false","","regular","Primary CC","4832","","false"
"2025-10-11","Other Nails","37.82","posted","Nails","Personal Care","false","","regular","Primary CC","4832","","false"
"2025-10-12","Mta*Nyct Paygo","2.9","posted","Train","Transportation","false","","regular","Secondary CC","7291","","false"
"2025-10-12","Symbioun Payroll","-2543.44","posted","Payroll","Income","true","","income","Checking","3456","","true"
"2025-10-12","Keep The Change Transfer","-0.83","posted","Savings","Transfer","true","","internal transfer","Checking","3456","","false"
"2025-10-13","Other Restaurant","22.17","posted","Restaurants","Food & Drink","false","","regular","Secondary CC","7291","","false"
"2025-10-13","Amazon","56.27","posted","Other","Other","false","","regular","Primary CC","4832","","false"
"2025-10-13","Nyct Paygo","2.9","posted","Train","Transportation","false","","regular","Secondary CC","7291","","false"
"2025-10-13","Netflix","25.16","posted","Entertainment","Entertainment","false","","regular","Primary CC","4832","","false"
"2025-10-14","Starbucks","4.74","posted","Cafés","Food & Drink","false","","regular","Secondary CC","7291","","false"
"2025-10-14","Nyct Paygo","2.9","posted","Train","Transportation","false","","regular","Secondary CC","7291","","false"
"2025-10-14","Nyct Paygo","3","posted","Train","Transportation","false","","regular","Secondary CC","7291","","false"
"2025-10-14","Nail Salon","27.4","posted","Nails","Personal Care","false","","regular","Primary CC","4832","","false"
"2025-10-14","Walgreens","4.84","posted","Pharmacy","Health","false","","regular","Debit","3456","","false"
"2025-10-15","Mta*Nyct Paygo","2.9","posted","Train","Transportation","false","","regular","Secondary CC","7291","","false"
"2025-10-15","Square Payroll","-400.87","posted","Side Income","Income","true","","income","Checking","3456","","true"
"2025-10-15","Nyct Paygo","3","posted","Train","Transportation","false","","regular","Secondary CC","7291","","false"
"2025-10-15","Sweetgreen","5.27","posted","Fast Food","Food & Drink","false","","regular","Primary CC","4832","","false"
"2025-10-15","Sey Coffee","4.77","posted","Cafés","Food & Drink","false","","regular","Primary CC","4832","","false"
"2025-10-16","Nyct Paygo","2.9","posted","Train","Transportation","false","","regular","Secondary CC","7291","","false"
"2025-10-16","Keep The Change Transfer","-0.89","posted","Savings","Transfer","true","","internal transfer","Checking","3456","","false"
"2025-10-16","Other Restaurant","27.75","posted","Restaurants","Food & Drink","false","","regular","Primary CC","4832","","false"
"2025-10-16","Navient Student Loan","280","posted","Student Loan","Debt","false","","regular","Checking","3456","","true"
"2025-10-17","Lark Cafe","-114.12","posted","Tips","Income","true","","income","Checking","3456","","false"
"2025-10-17","Nyct Paygo","2.9","posted","Train","Transportation","false","","regular","Secondary CC","7291","","false"
"2025-10-17","Duane Reade","5.87","posted","Pharmacy","Health","false","","regular","Debit","3456","","false"
"2025-10-17","Panera Bread","7.15","posted","Fast Food","Food & Drink","false","","regular","Primary CC","4832","","false"
"2025-10-17","Nyct Paygo","2.9","posted","Train","Transportation","false","","regular","Secondary CC","7291","","false"
"2025-10-17","Mta*Nyct Paygo","2.9","posted","Train","Transportation","false","","regular","Secondary CC","7291","","false"
"2025-10-17","Nyct Paygo","2.9","posted","Train","Transportation","false","","regular","Secondary CC","7291","","false"
"2025-10-18","Key Food","34.83","posted","Groceries","Food & Drink","false","","regular","Primary CC","4832","","false"
"2025-10-18","The Levee","25.33","posted","Bars","Food & Drink","false","","regular","Secondary CC","7291","","false"
"2025-10-19","Keep The Change Transfer","-0.79","posted","Savings","Transfer","true","","internal transfer","Checking","3456","","false"
"2025-10-19","Other Fast Food","8.11","posted","Fast Food","Food & Drink","false","","regular","Debit","3456","","false"
"2025-10-19","Other Restaurant","33.33","posted","Restaurants","Food & Drink","false","","regular","Primary CC","4832","","false"
"2025-10-19","Win Son","54.13","posted","Restaurants","Food & Drink","false","","regular","Secondary CC","7291","","false"
"2025-10-20","Subway","19.78","posted","Fast Food","Food & Drink","false","","regular","Primary CC","4832","","false"
"2025-10-20","Nyct Paygo","2.9","posted","Train","Transportation","false","","regular","Secondary CC","7291","","false"
"2025-10-20","Via","11.99","posted","Uber","Transportation","false","","regular","Primary CC","4832","","false"
"2025-10-21","Joe Coffee","6.01","posted","Cafés","Food & Drink","false","","regular","Primary CC","4832","","false"
"2025-10-21","Credit Card Payment","-538.42","posted","Credit Card Payment","Transfer","true","","internal transfer","Checking","3456","","true"
"2025-10-21","Nyct Paygo","3","posted","Train","Transportation","false","","regular","Secondary CC","7291","","false"
"2025-10-21","Starbucks","4.72","posted","Cafés","Food & Drink","false","","regular","Secondary CC","7291","","false"
"2025-10-21","Nyct Paygo","2.9","posted","Train","Transportation","false","","regular","Primary CC","4832","","false"
"2025-10-22","Nyct Paygo","3","posted","Train","Transportation","false","","regular","Secondary CC","7291","","false"
"2025-10-22","Okonomi","50.09","posted","Restaurants","Food & Drink","false","","regular","Primary CC","4832","","false"
"2025-10-23","Panera Bread","8.8","posted","Fast Food","Food & Drink","false","","regular","Primary CC","4832","","false"
"2025-10-23","Uber","13.38","posted","Uber","Transportation","false","","regular","Secondary CC","7291","","false"
"2025-10-23","Land To Sea","13.18","posted","Cafés","Food & Drink","false","","regular","Secondary CC","7291","","false"
"2025-10-23","Joe Coffee","5.13","posted","Cafés","Food & Drink","false","","regular","Primary CC","4832","","false"
"2025-10-23","Other Merchant","5.53","posted","Other","Other","false","","regular","Primary CC","4832","","false"
"2025-10-23","Nyct Paygo","2.9","posted","Train","Transportation","false","","regular","Secondary CC","7291","","false"
"2025-10-23","Joe Coffee","4.83","posted","Cafés","Food & Drink","false","","regular","Secondary CC","7291","","false"
"2025-10-23","Nyct Paygo","3","posted","Train","Transportation","false","","regular","Secondary CC","7291","","false"
"2025-10-24","Uber","12.33","posted","Uber","Transportation","false","","regular","Primary CC","4832","","false"
"2025-10-24","Starbucks","7.19","posted","Cafés","Food & Drink","false","","regular","Primary CC","4832","","false"
"2025-10-24","Whole Foods","37.35","posted","Groceries","Food & Drink","false","","regular","Primary CC","4832","","false"
"2025-10-24","Nyct Paygo","2.9","posted","Train","Transportation","false","","regular","Secondary CC","7291","","false"
"2025-10-24","Other Merchant","20.7","posted","Other","Other","false","","regular","Secondary CC","7291","","false"
"2025-10-24","Interest Payment","-3.71","posted","Interest","Income","true","","income","Savings","6789","","true"
"2025-10-24","Nyct Paygo","2.9","posted","Train","Transportation","false","","regular","Secondary CC","7291","","false"
"2025-10-24","Nyct Paygo","2.9","posted","Train","Transportation","false","","regular","Secondary CC","7291","","false"
"2025-10-24","Nyct Paygo","2.9","posted","Train","Transportation","false","","regular","Secondary CC","7291","","false"
"2025-10-25","Mta*Nyct Paygo","2.9","posted","Train","Transportation","false","","regular","Secondary CC","7291","","false"
"2025-10-25","Uber","23.08","posted","Uber","Transportation","false","","regular","Secondary CC","7291","","false"
"2025-10-25","Nyct Paygo","3","posted","Train","Transportation","false","","regular","Secondary CC","7291","","false"
"2025-10-25","Nyct Paygo","2.9","posted","Train","Transportation","false","","regular","Secondary CC","7291","","false"
"2025-10-25","Other Merchant","6.07","posted","Other","Other","false","","regular","Secondary CC","7291","","false"
"2025-10-26","Other Merchant","38.52","posted","Other","Other","false","","regular","Primary CC","4832","","false"
"2025-10-26","Symbioun Payroll","-2548.99","posted","Payroll","Income","true","","income","Checking","3456","","true"
"2025-10-26","CVS","26.8","posted","Pharmacy","Health","false","","regular","Secondary CC","7291","","false"
"2025-10-26","Other Entertainment","8.5","posted","Entertainment","Entertainment","false","","regular","Primary CC","4832","","false"
"2025-10-26","Spotify","30.28","posted","Entertainment","Entertainment","false","","regular","Primary CC","4832","","false"
"2025-10-27","Spectrum","49.99","posted","Internet","Utilities","false","","regular","Primary CC","4832","","false"
"2025-10-27","Nyct Paygo","2.9","posted","Train","Transportation","false","","regular","Secondary CC","7291","","false"
"2025-10-27","Nyct Paygo","2.9","posted","Train","Transportation","false","","regular","Secondary CC","7291","","false"
"2025-10-27","Other Fast Food","17.23","posted","Fast Food","Food & Drink","false","","regular","Primary CC","4832","","false"
"2025-10-27","Nyct Paygo","2.9","posted","Train","Transportation","false","","regular","Secondary CC","7291","","false"
"2025-10-28","Nyct Paygo","2.9","posted","Train","Transportation","false","","regular","Secondary CC","7291","","false"
"2025-10-28","C-Town","30.83","posted","Groceries","Food & Drink","false","","regular","Secondary CC","7291","","false"
"2025-10-29","Square Payroll","-390.85","posted","Side Income","Income","true","","income","Checking","3456","","true"
"2025-10-29","Nyct Paygo","2.9","posted","Train","Transportation","false","","regular","Secondary CC","7291","","false"
"2025-10-29","Key Food","16.91","posted","Groceries","Food & Drink","false","","regular","Primary CC","4832","","false"
"2025-10-30","Nyct Paygo","3","posted","Train","Transportation","false","","regular","Secondary CC","7291","","false"
"2025-10-30","Nyct Paygo","3","posted","Train","Transportation","false","","regular","Secondary CC","7291","","false"
"2025-10-31","Nyct Paygo","2.9","posted","Train","Transportation","false","","regular","Secondary CC","7291","","false"
"2025-10-31","Metropolitan Tra","2.9","posted","Train","Transportation","false","","regular","Secondary CC","7291","","false"
"2025-10-31","Nyct Paygo","2.9","posted","Train","Transportation","false","","regular","Secondary CC","7291","","false"
"2025-10-31","Other Shop","17.19","posted","Shops","Shopping","false","","regular","Debit","3456","","false"
"2025-11-01","Other Entertainment","30.89","posted","Entertainment","Entertainment","false","","regular","Debit","3456","","false"
"2025-11-01","Nyct Paygo","2.9","posted","Train","Transportation","false","","regular","Primary CC","4832","","false"
"2025-11-01","Other Restaurant","22.84","posted","Restaurants","Food & Drink","false","","regular","Secondary CC","7291","","false"
"2025-11-01","Nail Salon","51.97","posted","Nails","Personal Care","false","","regular","Debit","3456","","false"
"2025-11-01","Rent Payment","1350","posted","Rent","Housing","false","","regular","Checking","3456","","true"
"2025-11-01","Keep The Change Transfer","-0.52","posted","Savings","Transfer","true","","internal transfer","Checking","3456","","false"
"2025-11-01","Trader Joe's","27.51","posted","Groceries","Food & Drink","false","","regular","Debit","3456","","false"
"2025-11-01","Nyct Paygo","3","posted","Train","Transportation","false","","regular","Secondary CC","7291","","false"
"2025-11-02","Venmo Cashout","70.42","posted","Transfer","Transfer","true","","internal transfer","Checking","3456","","false"
"2025-11-02","T-Mobile","15","posted","Phone","Utilities","false","","regular","Primary CC","4832","","false"
"2025-11-02","Nyct Paygo","2.9","posted","Train","Transportation","false","","regular","Secondary CC","7291","","false"
"2025-11-02","Other Bar","12.48","posted","Bars","Food & Drink","false","","regular","Primary CC","4832","","false"
"2025-11-03","Other Clothing","24.7","posted","Clothing","Shopping","false","","regular","Secondary CC","7291","","false"
"2025-11-03","CVS","12.62","posted","Pharmacy","Health","false","","regular","Secondary CC","7291","","false"
"2025-11-03","Nyct Paygo","2.9","posted","Train","Transportation","false","","regular","Secondary CC","7291","","false"
"2025-11-03","CVS","14.51","posted","Other","Other","false","","regular","Primary CC","4832","","false"
"2025-11-03","Nyct Paygo","2.9","posted","Train","Transportation","false","","regular","Secondary CC","7291","","false"
"2025-11-04","Chick-Fil-A","14.22","posted","Fast Food","Food & Drink","false","","regular","Primary CC","4832","","false"
"2025-11-04","Nyct Paygo","2.9","posted","Train","Transportation","false","","regular","Secondary CC","7291","","false"
"2025-11-04","Mta*Nyct Paygo","3","posted","Train","Transportation","false","","regular","Secondary CC","7291","","false"
"2025-11-04","Other Bar","20.76","posted","Bars","Food & Drink","false","","regular","Primary CC","4832","","false"
"2025-11-04","Other Entertainment","29.72","posted","Entertainment","Entertainment","false","","regular","Secondary CC","7291","","false"
"2025-11-04","Regal Cinema","35.18","posted","Entertainment","Entertainment","false","","regular","Primary CC","4832","","false"
"2025-11-04","Nyct Paygo","3","posted","Train","Transportation","false","","regular","Secondary CC","7291","","false"
"2025-11-05","Nyct Paygo","2.9","posted","Train","Transportation","false","","regular","Secondary CC","7291","","false"
"2025-11-05","Other Grocery","27.7","posted","Groceries","Food & Drink","false","","regular","Primary CC","4832","","false"
"2025-11-05","Nyct Paygo","2.9","posted","Train","Transportation","false","","regular","Secondary CC","7291","","false"
"2025-11-05","Conductor Inc Deposit","-758.01","posted","Side Income","Income","true","","income","Checking","3456","","false"
"2025-11-05","Nyct Paygo","3","posted","Train","Transportation","false","","regular","Secondary CC","7291","","false"
"2025-11-05","Mta*Nyct Paygo","2.9","posted","Train","Transportation","false","","regular","Secondary CC","7291","","false"
"2025-11-06","Nyct Paygo","2.9","posted","Train","Transportation","false","","regular","Primary CC","4832","","false"
"2025-11-06","Nyct Paygo","2.9","posted","Train","Transportation","false","","regular","Secondary CC","7291","","false"
"2025-11-06","Nyct Paygo","2.9","posted","Train","Transportation","false","","regular","Secondary CC","7291","","false"
"2025-11-06","Cleaners","8.5","posted","Laundry","Personal Care","false","","regular","Secondary CC","7291","","false"
"2025-11-07","Other Restaurant","43.34","posted","Restaurants","Food & Drink","false","","regular","Primary CC","4832","","false"
"2025-11-07","Blue Bottle","4.53","posted","Cafés","Food & Drink","false","","regular","Primary CC","4832","","false"
"2025-11-07","Nyct Paygo","2.9","posted","Train","Transportation","false","","regular","Secondary CC","7291","","false"
"2025-11-07","Keep The Change Transfer","-0.61","posted","Savings","Transfer","true","","internal transfer","Checking","3456","","false"
"2025-11-07","Metropolitan Tra","2.9","posted","Train","Transportation","false","","regular","Secondary CC","7291","","false"
"2025-11-08","Nyct Paygo","2.9","posted","Train","Transportation","false","","regular","Secondary CC","7291","","false"
"2025-11-08","Other Entertainment","27.74","posted","Entertainment","Entertainment","false","","regular","Primary CC","4832","","false"
"2025-11-09","Trader Joe's","23.97","posted","Groceries","Food & Drink","false","","regular","Debit","3456","","false"
"2025-11-09","Panera Bread","13.49","posted","Fast Food","Food & Drink","false","","regular","Primary CC","4832","","false"
"2025-11-09","Keep The Change Transfer","-0.38","posted","Savings","Transfer","true","","internal transfer","Checking","3456","","false"
"2025-11-09","Symbioun Payroll","-2546.25","posted","Payroll","Income","true","","income","Checking","3456","","true"
"2025-11-09","Nyct Paygo","3","posted","Train","Transportation","false","","regular","Secondary CC","7291","","false"
"2025-11-09","Nyct Paygo","2.9","posted","Train","Transportation","false","","regular","Secondary CC","7291","","false"
"2025-11-09","Whole Foods","44.63","posted","Groceries","Food & Drink","false","","regular","Secondary CC","7291","","false"
"2025-11-10","Apple.com/bill","6.99","posted","Subscriptions","Entertainment","false","","regular","Primary CC","4832","","true"
"2025-11-10","Nyct Paygo","2.9","posted","Train","Transportation","false","","regular","Secondary CC","7291","","false"
"2025-11-10","Laundromat","15","posted","Laundry","Personal Care","false","","regular","Primary CC","4832","","false"
"2025-11-10","Lyft","16.49","posted","Uber","Transportation","false","","regular","Secondary CC","7291","","false"
"2025-11-10","Nyct Paygo","2.9","posted","Train","Transportation","false","","regular","Secondary CC","7291","","false"
"2025-11-11","Shake Shack","19.44","posted","Fast Food","Food & Drink","false","","regular","Debit","3456","","false"
"2025-11-11","Nyct Paygo","2.9","posted","Train","Transportation","false","","regular","Secondary CC","7291","","false"
"2025-11-11","Trader Joe's","37.78","posted","Groceries","Food & Drink","false","","regular","Debit","3456","","false"
"2025-11-11","Misc Purchase","20.59","posted","Other","Other","false","","regular","Primary CC","4832","","false"
"2025-11-11","C-Town","27.62","posted","Groceries","Food & Drink","false","","regular","Secondary CC","7291","","false"
"2025-11-11","Mta*Nyct Paygo","2.9","posted","Train","Transportation","false","","regular","Secondary CC","7291","","false"
"2025-11-11","Other Grocery","38.65","posted","Groceries","Food & Drink","false","","regular","Primary CC","4832","","false"
"2025-11-11","Diner","34.02","posted","Restaurants","Food & Drink","false","","regular","Primary CC","4832","","false"
"2025-11-11","Other Bar","25.06","posted","Bars","Food & Drink","false","","regular","Secondary CC","7291","","false"
"2025-11-11","Trader Joe's","16.59","posted","Groceries","Food & Drink","false","","regular","Primary CC","4832","","false"
"2025-11-12","Square Payroll","-393.91","posted","Side Income","Income","true","","income","Checking","3456","","true"
"2025-11-12","Nyct Paygo","2.9","posted","Train","Transportation","false","","regular","Secondary CC","7291","","false"
"2025-11-12","Sey Coffee","13.41","posted","Cafés","Food & Drink","false","","regular","Primary CC","4832","","false"
"2025-11-13","Nyct Paygo","2.9","posted","Train","Transportation","false","","regular","Secondary CC","7291","","false"
"2025-11-13","Nyct Paygo","2.9","posted","Train","Transportation","false","","regular","Secondary CC","7291","","false"
"2025-11-14","Lark Cafe","-152.51","posted","Tips","Income","true","","income","Checking","3456","","false"
"2025-11-14","Venmo Cashout","26.33","posted","Transfer","Transfer","true","","internal transfer","Checking","3456","","false"
"2025-11-14","Chipotle","9.47","posted","Fast Food","Food & Drink","false","","regular","Secondary CC","7291","","false"
"2025-11-14","Nyct Paygo","3","posted","Train","Transportation","false","","regular","Secondary CC","7291","","false"
"2025-11-14","Nyct Paygo","2.9","posted","Train","Transportation","false","","regular","Secondary CC","7291","","false"
"2025-11-14","Chick-Fil-A","10.5","posted","Fast Food","Food & Drink","false","","regular","Primary CC","4832","","false"
"2025-11-14","CVS","7.19","posted","Pharmacy","Health","false","","regular","Primary CC","4832","","false"
"2025-11-14","Mta*Nyct Paygo","2.9","posted","Train","Transportation","false","","regular","Secondary CC","7291","","false"
"2025-11-14","Nyct Paygo","2.9","posted","Train","Transportation","false","","regular","Primary CC","4832","","false"
"2025-11-15","Navient Student Loan","280","posted","Student Loan","Debt","false","","regular","Checking","3456","","true"
"2025-11-15","Nyct Paygo","2.9","posted","Train","Transportation","false","","regular","Secondary CC","7291","","false"
"2025-11-15","T-Mobile","15","posted","Phone","Utilities","false","","regular","Secondary CC","7291","","false"
"2025-11-15","Nyct Paygo","2.9","posted","Train","Transportation","false","","regular","Secondary CC","7291","","false"
"2025-11-15","Nyct Paygo","3","posted","Train","Transportation","false","","regular","Secondary CC","7291","","false"
"2025-11-16","Other Shop","12.66","posted","Shops","Shopping","false","","regular","Debit","3456","","false"
"2025-11-16","Con Edison","54.92","posted","Gas & Electric","Utilities","false","","regular","Checking","3456","","false"
"2025-11-16","Whole Foods","9.56","posted","Groceries","Food & Drink","false","","regular","Debit","3456","","false"
"2025-11-17","Chipotle","14.79","posted","Fast Food","Food & Drink","false","","regular","Secondary CC","7291","","false"
"2025-11-17","Nyct Paygo","2.9","posted","Train","Transportation","false","","regular","Secondary CC","7291","","false"
"2025-11-17","Nyct Paygo","3","posted","Train","Transportation","false","","regular","Secondary CC","7291","","false"
"2025-11-17","Nyct Paygo","2.9","posted","Train","Transportation","false","","regular","Secondary CC","7291","","false"
"2025-11-17","Chick-Fil-A","16.95","posted","Fast Food","Food & Drink","false","","regular","Secondary CC","7291","","false"
"2025-11-17","Nyct Paygo","3","posted","Train","Transportation","false","","regular","Secondary CC","7291","","false"
"2025-11-18","Nail Salon","33.78","posted","Nails","Personal Care","false","","regular","Primary CC","4832","","false"
"2025-11-18","Target","23.58","posted","Groceries","Food & Drink","false","","regular","Primary CC","4832","","false"
"2025-11-19","Nyct Paygo","2.9","posted","Train","Transportation","false","","regular","Secondary CC","7291","","false"
"2025-11-19","Nyct Paygo","3","posted","Train","Transportation","false","","regular","Secondary CC","7291","","false"
"2025-11-19","Nyct Paygo","2.9","posted","Train","Transportation","false","","regular","Secondary CC","7291","","false"
"2025-11-19","Trader Joe's","84.1","posted","Groceries","Food & Drink","false","","regular","Secondary CC","7291","","false"
"2025-11-19","Other Clothing","59.16","posted","Clothing","Shopping","false","","regular","Secondary CC","7291","","false"
"2025-11-19","Trader Joe's","54.28","posted","Groceries","Food & Drink","false","","regular","Debit","3456","","false"
"2025-11-20","Misc Purchase","22.94","posted","Other","Other","false","","regular","Secondary CC","7291","","false"
"2025-11-20","Credit Card Payment","-1169.73","posted","Credit Card Payment","Transfer","true","","internal transfer","Checking","3456","","true"
"2025-11-20","Nyct Paygo","2.9","posted","Train","Transportation","false","","regular","Primary CC","4832","","false"
"2025-11-20","Nyct Paygo","2.9","posted","Train","Transportation","false","","regular","Secondary CC","7291","","false"
"2025-11-20","Nyct Paygo","2.9","posted","Train","Transportation","false","","regular","Secondary CC","7291","","false"
"2025-11-20","Devocion","7.86","posted","Cafés","Food & Drink","false","","regular","Debit","3456","","false"
"2025-11-20","Other Shop","10.1","posted","Shops","Shopping","false","","regular","Debit","3456","","false"
"2025-11-20","Nyct Paygo","3","posted","Train","Transportation","false","","regular","Primary CC","4832","","false"
"2025-11-20","Nyct Paygo","2.9","posted","Train","Transportation","false","","regular","Primary CC","4832","","false"
"2025-11-20","Nyct Paygo","2.9","posted","Train","Transportation","false","","regular","Secondary CC","7291","","false"
"2025-11-21","Lark Cafe","-199.49","posted","Tips","Income","true","","income","Checking","3456","","false"
"2025-11-21","Whole Foods","17.31","posted","Groceries","Food & Drink","false","","regular","Primary CC","4832","","false"
"2025-11-21","Nyct Paygo","2.9","posted","Train","Transportation","false","","regular","Secondary CC","7291","","false"
"2025-11-22","Lyft","6","posted","Uber","Transportation","false","","regular","Primary CC","4832","","false"
"2025-11-22","T-Mobile","15","posted","Phone","Utilities","false","","regular","Secondary CC","7291","","false"
"2025-11-22","Duane Reade","30.69","posted","Pharmacy","Health","false","","regular","Secondary CC","7291","","false"
"2025-11-23","Con Edison","30.45","posted","Gas & Electric","Utilities","false","","regular","Primary CC","4832","","false"
"2025-11-23","Nyct Paygo","2.9","posted","Train","Transportation","false","","regular","Secondary CC","7291","","false"
"2025-11-23","Symbioun Payroll","-2542.84","posted","Payroll","Income","true","","income","Checking","3456","","true"
"2025-11-23","Interest Payment","-3.65","posted","Interest","Income","true","","income","Savings","6789","","true"
"2025-11-23","Joe Coffee","2.99","posted","Cafés","Food & Drink","false","","regular","Secondary CC","7291","","false"
"2025-11-23","Nyct Paygo","3","posted","Train","Transportation","false","","regular","Secondary CC","7291","","false"
"2025-11-24","Mint Mobile","15","posted","Phone","Utilities","false","","regular","Primary CC","4832","","false"
"2025-11-24","Other Fast Food","5","posted","Fast Food","Food & Drink","false","","regular","Primary CC","4832","","false"
"2025-11-24","CVS","24.29","posted","Other","Other","false","","regular","Primary CC","4832","","false"
"2025-11-24","Nyct Paygo","2.9","posted","Train","Transportation","false","","regular","Secondary CC","7291","","false"
"2025-11-25","Starbucks","7.51","posted","Cafés","Food & Drink","false","","regular","Primary CC","4832","","false"
"2025-11-25","Starbucks","5.51","posted","Cafés","Food & Drink","false","","regular","Primary CC","4832","","false"
"2025-11-25","Nyct Paygo","3","posted","Train","Transportation","false","","regular","Secondary CC","7291","","false"
"2025-11-25","Walgreens","22.45","posted","Pharmacy","Health","false","","regular","Primary CC","4832","","false"
"2025-11-25","Nyct Paygo","2.9","posted","Train","Transportation","false","","regular","Secondary CC","7291","","false"
"2025-11-26","Nyct Paygo","2.9","posted","Train","Transportation","false","","regular","Secondary CC","7291","","false"
"2025-11-26","Con Edison","35.21","posted","Gas & Electric","Utilities","false","","regular","Checking","3456","","false"
"2025-11-26","Other Bar","14.03","posted","Bars","Food & Drink","false","","regular","Primary CC","4832","","false"
"2025-11-26","Square Payroll","-387.89","posted","Side Income","Income","true","","income","Checking","3456","","true"
"2025-11-27","Land To Sea","13.93","posted","Cafés","Food & Drink","false","","regular","Secondary CC","7291","","false"
"2025-11-27","Five Guys","16.86","posted","Fast Food","Food & Drink","false","","regular","Secondary CC","7291","","false"
"2025-11-28","Costco","46.59","posted","Groceries","Food & Drink","false","","regular","Primary CC","4832","","false"
"2025-11-28","Zara","30.48","posted","Clothing","Shopping","false","","regular","Primary CC","4832","","false"
"2025-11-28","Venmo Cashout","65.47","posted","Transfer","Transfer","true","","internal transfer","Checking","3456","","false"
"2025-11-29","Subway","7.43","posted","Fast Food","Food & Drink","false","","regular","Primary CC","4832","","false"
"2025-11-29","Partners Coffee","2.68","posted","Cafés","Food & Drink","false","","regular","Primary CC","4832","","false"
"2025-11-30","Cleaners","8.5","posted","Laundry","Personal Care","false","","regular","Debit","3456","","false"
"2025-11-30","Via","16.03","posted","Uber","Transportation","false","","regular","Primary CC","4832","","false"
"2025-12-01","Rent Payment","1350","posted","Rent","Housing","false","","regular","Checking","3456","","true"
"2025-12-01","Nyct Paygo","2.9","posted","Train","Transportation","false","","regular","Secondary CC","7291","","false"
"2025-12-01","Keep The Change Transfer","-0.7","posted","Savings","Transfer","true","","internal transfer","Checking","3456","","false"
"2025-12-02","Venmo Cashout","135.51","posted","Transfer","Transfer","true","","internal transfer","Checking","3456","","false"
"2025-12-02","Nyct Paygo","2.9","posted","Train","Transportation","false","","regular","Secondary CC","7291","","false"
"2025-12-02","Nyct Paygo","2.9","posted","Train","Transportation","false","","regular","Secondary CC","7291","","false"
"2025-12-02","Nyct Paygo","3","posted","Train","Transportation","false","","regular","Secondary CC","7291","","false"
"2025-12-02","Gap","98.08","posted","Clothing","Shopping","false","","regular","Secondary CC","7291","","false"
"2025-12-02","Sweetgreen","9.04","posted","Fast Food","Food & Drink","false","","regular","Secondary CC","7291","","false"
"2025-12-03","Partners Coffee","9.12","posted","Cafés","Food & Drink","false","","regular","Secondary CC","7291","","false"
"2025-12-03","Nyct Paygo","2.9","posted","Train","Transportation","false","","regular","Secondary CC","7291","","false"
"2025-12-03","Trader Joe's","12.87","posted","Groceries","Food & Drink","false","","regular","Debit","3456","","false"
"2025-12-04","Nyct Paygo","2.9","posted","Train","Transportation","false","","regular","Secondary CC","7291","","false"
"2025-12-04","Nyct Paygo","2.9","posted","Train","Transportation","false","","regular","Secondary CC","7291","","false"
"2025-12-04","Nyct Paygo","3","posted","Train","Transportation","false","","regular","Secondary CC","7291","","false"
"2025-12-04","Nyct Paygo","2.9","posted","Train","Transportation","false","","regular","Secondary CC","7291","","false"
"2025-12-05","AMC Theatres","32.46","posted","Entertainment","Entertainment","false","","regular","Primary CC","4832","","false"
"2025-12-05","Lark Cafe","-246.31","posted","Tips","Income","true","","income","Checking","3456","","false"
"2025-12-05","Conductor Inc Deposit","-774.44","posted","Side Income","Income","true","","income","Checking","3456","","false"
"2025-12-06","Chipotle","6.63","posted","Fast Food","Food & Drink","false","","regular","Secondary CC","7291","","false"
"2025-12-06","Other Entertainment","35.03","posted","Entertainment","Entertainment","false","","regular","Secondary CC","7291","","false"
"2025-12-06","Other Shop","44.72","posted","Shops","Shopping","false","","regular","Primary CC","4832","","false"
"2025-12-06","Costco","14.73","posted","Groceries","Food & Drink","false","","regular","Secondary CC","7291","","false"
"2025-12-06","Other Shop","35.79","posted","Shops","Shopping","false","","regular","Secondary CC","7291","","false"
"2025-12-06","Trader Joe's","65.42","posted","Groceries","Food & Drink","false","","regular","Primary CC","4832","","false"
"2025-12-07","Nyct Paygo","2.9","posted","Train","Transportation","false","","regular","Secondary CC","7291","","false"
"2025-12-07","Symbioun Payroll","-2597.98","posted","Payroll","Income","true","","income","Checking","3456","","true"
"2025-12-07","AMC Theatres","46.28","posted","Entertainment","Entertainment","false","","regular","Primary CC","4832","","false"
"2025-12-07","Chipotle","8.8","posted","Fast Food","Food & Drink","false","","regular","Primary CC","4832","","false"
"2025-12-08","Nyct Paygo","2.9","posted","Train","Transportation","false","","regular","Secondary CC","7291","","false"
"2025-12-08","H&M","105.47","posted","Clothing","Shopping","false","","regular","Primary CC","4832","","false"
"2025-12-08","Nyct Paygo","2.9","posted","Train","Transportation","false","","regular","Primary CC","4832","","false"
"2025-12-08","Metropolitan Tra","2.9","posted","Train","Transportation","false","","regular","Secondary CC","7291","","false"
"2025-12-08","Costco","18.66","posted","Groceries","Food & Drink","false","","regular","Secondary CC","7291","","false"
"2025-12-09","Chipotle","20.32","posted","Fast Food","Food & Drink","false","","regular","Secondary CC","7291","","false"
"2025-12-09","Blue Bottle","6.56","posted","Cafés","Food & Drink","false","","regular","Secondary CC","7291","","false"
"2025-12-09","Nyct Paygo","3","posted","Train","Transportation","false","","regular","Secondary CC","7291","","false"
"2025-12-10","Nail Salon","37.35","posted","Nails","Personal Care","false","","regular","Debit","3456","","false"
"2025-12-10","Other Bar","61.03","posted","Bars","Food & Drink","false","","regular","Primary CC","4832","","false"
"2025-12-10","Apple.com/bill","6.99","posted","Subscriptions","Entertainment","false","","regular","Primary CC","4832","","true"
"2025-12-10","Subway","19.02","posted","Fast Food","Food & Drink","false","","regular","Primary CC","4832","","false"
"2025-12-10","Square Payroll","-425.7","posted","Side Income","Income","true","","income","Checking","3456","","true"
"2025-12-10","Keep The Change Transfer","-0.28","posted","Savings","Transfer","true","","internal transfer","Checking","3456","","false"
"2025-12-10","Nyct Paygo","3","posted","Train","Transportation","false","","regular","Secondary CC","7291","","false"
"2025-12-11","Nyct Paygo","2.9","posted","Train","Transportation","false","","regular","Secondary CC","7291","","false"
"2025-12-11","Nyct Paygo","2.9","posted","Train","Transportation","false","","regular","Secondary CC","7291","","false"
"2025-12-11","Other Bar","17.91","posted","Bars","Food & Drink","false","","regular","Primary CC","4832","","false"
"2025-12-11","Nyct Paygo","2.9","posted","Train","Transportation","false","","regular","Secondary CC","7291","","false"
"2025-12-11","Nyct Paygo","2.9","posted","Train","Transportation","false","","regular","Secondary CC","7291","","false"
"2025-12-12","Nyct Paygo","3","posted","Train","Transportation","false","","regular","Secondary CC","7291","","false"
"2025-12-12","Nyct Paygo","2.9","posted","Train","Transportation","false","","regular","Secondary CC","7291","","false"
"2025-12-12","Joe Coffee","5.13","posted","Cafés","Food & Drink","false","","regular","Primary CC","4832","","false"
"2025-12-12","Nyct Paygo","2.9","posted","Train","Transportation","false","","regular","Secondary CC","7291","","false"
"2025-12-13","Other Merchant","3","posted","Other","Other","false","","regular","Primary CC","4832","","false"
"2025-12-13","Metropolitan Tra","3","posted","Train","Transportation","false","","regular","Secondary CC","7291","","false"
"2025-12-13","Nyct Paygo","2.9","posted","Train","Transportation","false","","regular","Secondary CC","7291","","false"
"2025-12-13","Nyct Paygo","2.9","posted","Train","Transportation","false","","regular","Secondary CC","7291","","false"
"2025-12-13","Other Restaurant","40.14","posted","Restaurants","Food & Drink","false","","regular","Primary CC","4832","","false"
"2025-12-13","Whole Foods","29.31","posted","Groceries","Food & Drink","false","","regular","Debit","3456","","false"
"2025-12-14","Chick-Fil-A","17.87","posted","Fast Food","Food & Drink","false","","regular","Primary CC","4832","","false"
"2025-12-14","Laundromat","15","posted","Laundry","Personal Care","false","","regular","Debit","3456","","false"
"2025-12-14","Joe Coffee","9.21","posted","Cafés","Food & Drink","false","","regular","Primary CC","4832","","false"
"2025-12-14","Duane Reade","10.79","posted","Pharmacy","Health","false","","regular","Debit","3456","","false"
"2025-12-14","Nyct Paygo","3","posted","Train","Transportation","false","","regular","Secondary CC","7291","","false"
"2025-12-14","Other Restaurant","59.22","posted","Restaurants","Food & Drink","false","","regular","Primary CC","4832","","false"
"2025-12-15","Other Shop","39.17","posted","Shops","Shopping","false","","regular","Primary CC","4832","","false"
"2025-12-15","Navient Student Loan","280","posted","Student Loan","Debt","false","","regular","Checking","3456","","true"
"2025-12-16","Nyct Paygo","3","posted","Train","Transportation","false","","regular","Primary CC","4832","","false"
"2025-12-16","Nyct Paygo","2.9","posted","Train","Transportation","false","","regular","Secondary CC","7291","","false"
"2025-12-16","Nyct Paygo","2.9","posted","Train","Transportation","false","","regular","Secondary CC","7291","","false"
"2025-12-16","Trader Joe's","43.72","posted","Groceries","Food & Drink","false","","regular","Secondary CC","7291","","false"
"2025-12-16","Nyct Paygo","2.9","posted","Train","Transportation","false","","regular","Secondary CC","7291","","false"
"2025-12-16","Nyct Paygo","3","posted","Train","Transportation","false","","regular","Secondary CC","7291","","false"
"2025-12-17","Walgreens","7.94","posted","Other","Other","false","","regular","Primary CC","4832","","false"
"2025-12-17","Keep The Change Transfer","-0.22","posted","Savings","Transfer","true","","internal transfer","Checking","3456","","false"
"2025-12-18","Okonomi","45.06","posted","Restaurants","Food & Drink","false","","regular","Primary CC","4832","","false"
"2025-12-18","Costco","25.28","posted","Groceries","Food & Drink","false","","regular","Debit","3456","","false"
"2025-12-19","Mta*Nyct Paygo","3","posted","Train","Transportation","false","","regular","Secondary CC","7291","","false"
"2025-12-19","Nyct Paygo","2.9","posted","Train","Transportation","false","","regular","Secondary CC","7291","","false"
"2025-12-19","Chipotle","8.64","posted","Fast Food","Food & Drink","false","","regular","Secondary CC","7291","","false"
"2025-12-19","Nyct Paygo","2.9","posted","Train","Transportation","false","","regular","Secondary CC","7291","","false"
"2025-12-20","Other Shop","52.93","posted","Shops","Shopping","false","","regular","Debit","3456","","false"
"2025-12-20","Other Fast Food","10.86","posted","Fast Food","Food & Drink","false","","regular","Primary CC","4832","","false"
"2025-12-20","Okonomi","104.78","posted","Restaurants","Food & Drink","false","","regular","Secondary CC","7291","","false"
"2025-12-20","Lark Cafe","-174.78","posted","Tips","Income","true","","income","Checking","3456","","false"
"2025-12-20","Nyct Paygo","2.9","posted","Train","Transportation","false","","regular","Secondary CC","7291","","false"
"2025-12-20","Credit Card Payment","-624.85","posted","Credit Card Payment","Transfer","true","","internal transfer","Checking","3456","","true"
"2025-12-21","Symbioun Payroll","-2535.4","posted","Payroll","Income","true","","income","Checking","3456","","true"
"2025-12-21","Duane Reade","72.44","posted","Other","Other","false","","regular","Secondary CC","7291","","false"
"2025-12-21","Regal Cinema","23.14","posted","Entertainment","Entertainment","false","","regular","Debit","3456","","false"
"2025-12-21","Five Guys","15.12","posted","Fast Food","Food & Drink","false","","regular","Primary CC","4832","","false"
"2025-12-21","Nyct Paygo","2.9","posted","Train","Transportation","false","","regular","Secondary CC","7291","","false"
"2025-12-22","Mta*Nyct Paygo","2.9","posted","Train","Transportation","false","","regular","Secondary CC","7291","","false"
"2025-12-22","Mta*Nyct Paygo","2.9","posted","Train","Transportation","false","","regular","Secondary CC","7291","","false"
"2025-12-22","Metropolitan Tra","2.9","posted","Train","Transportation","false","","regular","Secondary CC","7291","","false"
"2025-12-22","Nyct Paygo","2.9","posted","Train","Transportation","false","","regular","Secondary CC","7291","","false"
"2025-12-23","Interest Payment","-2.16","posted","Interest","Income","true","","income","Savings","6789","","true"
"2025-12-23","Nyct Paygo","3","posted","Train","Transportation","false","","regular","Secondary CC","7291","","false"
"2025-12-23","Amazon","76.43","posted","Shops","Shopping","false","","regular","Secondary CC","7291","","false"
"2025-12-23","Other Entertainment","21.5","posted","Entertainment","Entertainment","false","","regular","Secondary CC","7291","","false"
"2025-12-24","Key Food","42.84","posted","Groceries","Food & Drink","false","","regular","Debit","3456","","false"
"2025-12-24","Square Payroll","-405.82","posted","Side Income","Income","true","","income","Checking","3456","","true"
"2025-12-24","Metropolitan Tra","3","posted","Train","Transportation","false","","regular","Primary CC","4832","","false"
"2025-12-24","Nyct Paygo","2.9","posted","Train","Transportation","false","","regular","Secondary CC","7291","","false"
"2025-12-25","McDonald's","7.41","posted","Fast Food","Food & Drink","false","","regular","Secondary CC","7291","","false"
"2025-12-25","Nyct Paygo","3","posted","Train","Transportation","false","","regular","Secondary CC","7291","","false"
"2025-12-26","Mta*Nyct Paygo","3","posted","Train","Transportation","false","","regular","Secondary CC","7291","","false"
"2025-12-26","Nyct Paygo","2.9","posted","Train","Transportation","false","","regular","Secondary CC","7291","","false"
"2025-12-26","Other Fast Food","12.78","posted","Fast Food","Food & Drink","false","","regular","Primary CC","4832","","false"
"2025-12-26","Other Grocery","29.62","posted","Groceries","Food & Drink","false","","regular","Secondary CC","7291","","false"
"2025-12-27","Nyct Paygo","2.9","posted","Train","Transportation","false","","regular","Secondary CC","7291","","false"
"2025-12-27","Other Merchant","27.32","posted","Other","Other","false","","regular","Secondary CC","7291","","false"
"2025-12-27","Key Food","54.67","posted","Groceries","Food & Drink","false","","regular","Debit","3456","","false"
"2025-12-28","Other Restaurant","20.79","posted","Restaurants","Food & Drink","false","","regular","Secondary CC","7291","","false"
"2025-12-28","Other Bar","22.28","posted","Bars","Food & Drink","false","","regular","Debit","3456","","false"
"2025-12-29","Other Shop","21.57","posted","Shops","Shopping","false","","regular","Secondary CC","7291","","false"
"2025-12-29","Metropolitan Tra","2.9","posted","Train","Transportation","false","","regular","Secondary CC","7291","","false"
"2025-12-29","Venmo Cashout","111.13","posted","Transfer","Transfer","true","","internal transfer","Checking","3456","","false"
"2025-12-29","Other Merchant","37.37","posted","Other","Other","false","","regular","Primary CC","4832","","false"
"2025-12-30","Duane Reade","6.21","posted","Other","Other","false","","regular","Primary CC","4832","","false"
"2025-12-30","McDonald's","18.03","posted","Fast Food","Food & Drink","false","","regular","Secondary CC","7291","","false"
"2025-12-30","Other Fast Food","6.96","posted","Fast Food","Food & Drink","false","","regular","Primary CC","4832","","false"
"2025-12-31","Keep The Change Transfer","-0.58","posted","Savings","Transfer","true","","internal transfer","Checking","3456","","false"
"2025-12-31","Metropolitan Tra","2.9","posted","Train","Transportation","false","","regular","Secondary CC","7291","","false"
"2025-12-31","Nyct Paygo","2.9","posted","Train","Transportation","false","","regular","Secondary CC","7291","","false"
"2026-01-01","Rent Payment","1350","posted","Rent","Housing","false","","regular","Checking","3456","","true"
"2026-01-01","Land To Sea","9.81","posted","Cafés","Food & Drink","false","","regular","Secondary CC","7291","","false"
"2026-01-01","Other Merchant","38.82","posted","Other","Other","false","","regular","Secondary CC","7291","","false"
"2026-01-02","Laundromat","12","posted","Laundry","Personal Care","false","","regular","Debit","3456","","false"
"2026-01-02","Nyct Paygo","3","posted","Train","Transportation","false","","regular","Secondary CC","7291","","false"
"2026-01-02","Lyft","16.9","posted","Uber","Transportation","false","","regular","Primary CC","4832","","false"
"2026-01-03","Walgreens","34.16","posted","Pharmacy","Health","false","","regular","Secondary CC","7291","","false"
"2026-01-03","Keep The Change Transfer","-0.1","posted","Savings","Transfer","true","","internal transfer","Checking","3456","","false"
"2026-01-03","Joe Coffee","5.1","posted","Cafés","Food & Drink","false","","regular","Primary CC","4832","","false"
"2026-01-03","Other Shop","9.91","posted","Shops","Shopping","false","","regular","Primary CC","4832","","false"
"2026-01-04","Conductor Inc Deposit","-618.24","posted","Side Income","Income","true","","income","Checking","3456","","false"
"2026-01-04","Symbioun Payroll","-2558.93","posted","Payroll","Income","true","","income","Checking","3456","","true"
"2026-01-04","Nyct Paygo","2.9","posted","Train","Transportation","false","","regular","Secondary CC","7291","","false"
"2026-01-05","C-Town","38.09","posted","Groceries","Food & Drink","false","","regular","Debit","3456","","false"
"2026-01-05","Mta*Nyct Paygo","2.9","posted","Train","Transportation","false","","regular","Secondary CC","7291","","false"
"2026-01-05","Zara","71.48","posted","Clothing","Shopping","false","","regular","Secondary CC","7291","","false"
"2026-01-05","Chipotle","13.27","posted","Fast Food","Food & Drink","false","","regular","Primary CC","4832","","false"
"2026-01-05","Nyct Paygo","2.9","posted","Train","Transportation","false","","regular","Secondary CC","7291","","false"
"2026-01-05","Spectrum","49.99","posted","Internet","Utilities","false","","regular","Primary CC","4832","","false"
"2026-01-06","Other Café","8.32","posted","Cafés","Food & Drink","false","","regular","Secondary CC","7291","","false"
"2026-01-06","Mta*Nyct Paygo","3","posted","Train","Transportation","false","","regular","Secondary CC","7291","","false"
"2026-01-06","Nyct Paygo","2.9","posted","Train","Transportation","false","","regular","Secondary CC","7291","","false"
"2026-01-06","Nyct Paygo","2.9","posted","Train","Transportation","false","","regular","Secondary CC","7291","","false"
"2026-01-07","Nyct Paygo","2.9","posted","Train","Transportation","false","","regular","Secondary CC","7291","","false"
"2026-01-07","Venmo Cashout","120.71","posted","Transfer","Transfer","true","","internal transfer","Checking","3456","","false"
"2026-01-07","Mta*Nyct Paygo","2.9","posted","Train","Transportation","false","","regular","Secondary CC","7291","","false"
"2026-01-07","Panera Bread","14.84","posted","Fast Food","Food & Drink","false","","regular","Primary CC","4832","","false"
"2026-01-07","Nyct Paygo","2.9","posted","Train","Transportation","false","","regular","Secondary CC","7291","","false"
"2026-01-07","Square Payroll","-467.7","posted","Side Income","Income","true","","income","Checking","3456","","true"
"2026-01-08","Shake Shack","11.62","posted","Fast Food","Food & Drink","false","","regular","Debit","3456","","false"
"2026-01-08","Other Fast Food","22.45","posted","Fast Food","Food & Drink","false","","regular","Secondary CC","7291","","false"
"2026-01-08","Mta*Nyct Paygo","2.9","posted","Train","Transportation","false","","regular","Primary CC","4832","","false"
"2026-01-09","Nyct Paygo","2.9","posted","Train","Transportation","false","","regular","Secondary CC","7291","","false"
"2026-01-09","Apple.com/bill","6.99","posted","Subscriptions","Entertainment","false","","regular","Primary CC","4832","","true"
"2026-01-10","Nyct Paygo","3","posted","Train","Transportation","false","","regular","Secondary CC","7291","","false"
"2026-01-10","Nyct Paygo","2.9","posted","Train","Transportation","false","","regular","Primary CC","4832","","false"
"2026-01-10","Key Food","25.4","posted","Groceries","Food & Drink","false","","regular","Debit","3456","","false"
"2026-01-10","Other Merchant","52.84","posted","Other","Other","false","","regular","Secondary CC","7291","","false"
"2026-01-10","Mta*Nyct Paygo","2.9","posted","Train","Transportation","false","","regular","Secondary CC","7291","","false"
"2026-01-10","Keep The Change Transfer","-0.3","posted","Savings","Transfer","true","","internal transfer","Checking","3456","","false"
"2026-01-10","Uber","16.37","posted","Uber","Transportation","false","","regular","Secondary CC","7291","","false"
"2026-01-11","Other Shop","36.56","posted","Shops","Shopping","false","","regular","Debit","3456","","false"
"2026-01-11","Win Son","56.06","posted","Restaurants","Food & Drink","false","","regular","Primary CC","4832","","false"
"2026-01-12","Café Regular","6.44","posted","Cafés","Food & Drink","false","","regular","Primary CC","4832","","false"
"2026-01-12","Okonomi","17.74","posted","Restaurants","Food & Drink","false","","regular","Secondary CC","7291","","false"
"2026-01-12","Metropolitan Tra","3","posted","Train","Transportation","false","","regular","Secondary CC","7291","","false"
"2026-01-12","Nyct Paygo","2.9","posted","Train","Transportation","false","","regular","Secondary CC","7291","","false"
"2026-01-12","Nyct Paygo","2.9","posted","Train","Transportation","false","","regular","Primary CC","4832","","false"
"2026-01-13","Nyct Paygo","2.9","posted","Train","Transportation","false","","regular","Secondary CC","7291","","false"
"2026-01-13","Lark Cafe","-163.27","posted","Tips","Income","true","","income","Checking","3456","","false"
"2026-01-13","Chipotle","9.96","posted","Fast Food","Food & Drink","false","","regular","Secondary CC","7291","","false"
"2026-01-14","Navient Student Loan","280","posted","Student Loan","Debt","false","","regular","Checking","3456","","true"
"2026-01-14","Muji","130.35","posted","Shops","Shopping","false","","regular","Secondary CC","7291","","false"
"2026-01-14","Nyct Paygo","3","posted","Train","Transportation","false","","regular","Secondary CC","7291","","false"
"2026-01-14","Nyct Paygo","3","posted","Train","Transportation","false","","regular","Secondary CC","7291","","false"
"2026-01-15","Nyct Paygo","2.9","posted","Train","Transportation","false","","regular","Secondary CC","7291","","false"
"2026-01-15","Amazon","21.92","posted","Shops","Shopping","false","","regular","Primary CC","4832","","false"
"2026-01-15","Nyct Paygo","2.9","posted","Train","Transportation","false","","regular","Secondary CC","7291","","false"
"2026-01-15","Devocion","3.96","posted","Cafés","Food & Drink","false","","regular","Secondary CC","7291","","false"
"2026-01-15","Nyct Paygo","2.9","posted","Train","Transportation","false","","regular","Secondary CC","7291","","false"
"2026-01-15","Mint Mobile","25","posted","Phone","Utilities","false","","regular","Primary CC","4832","","false"
"2026-01-16","Other Fast Food","6.66","posted","Fast Food","Food & Drink","false","","regular","Primary CC","4832","","false"
"2026-01-16","Devocion","8.11","posted","Cafés","Food & Drink","false","","regular","Primary CC","4832","","false"
"2026-01-17","Other Restaurant","20.14","posted","Restaurants","Food & Drink","false","","regular","Primary CC","4832","","false"
"2026-01-17","Nyct Paygo","2.9","posted","Train","Transportation","false","","regular","Secondary CC","7291","","false"
"2026-01-17","Café Regular","6.96","posted","Cafés","Food & Drink","false","","regular","Secondary CC","7291","","false"
"2026-01-17","Nyct Paygo","2.9","posted","Train","Transportation","false","","regular","Secondary CC","7291","","false"
"2026-01-17","Duane Reade","35.31","posted","Other","Other","false","","regular","Secondary CC","7291","","false"
"2026-01-18","Symbioun Payroll","-2567.85","posted","Payroll","Income","true","","income","Checking","3456","","true"
"2026-01-18","Other Merchant","4.81","posted","Other","Other","false","","regular","Primary CC","4832","","false"
"2026-01-18","Trader Joe's","46.67","posted","Groceries","Food & Drink","false","","regular","Primary CC","4832","","false"
"2026-01-18","Other Entertainment","26.98","posted","Entertainment","Entertainment","false","","regular","Primary CC","4832","","false"
"2026-01-18","Via","41.68","posted","Uber","Transportation","false","","regular","Secondary CC","7291","","false"
"2026-01-18","Laundromat","8.5","posted","Laundry","Personal Care","false","","regular","Primary CC","4832","","false"
"2026-01-18","Other Restaurant","22.91","posted","Restaurants","Food & Drink","false","","regular","Debit","3456","","false"
"2026-01-19","Nyct Paygo","2.9","posted","Train","Transportation","false","","regular","Secondary CC","7291","","false"
"2026-01-19","Costco","32.5","posted","Groceries","Food & Drink","false","","regular","Primary CC","4832","","false"
"2026-01-19","Mta*Nyct Paygo","2.9","posted","Train","Transportation","false","","regular","Secondary CC","7291","","false"
"2026-01-19","Nyct Paygo","2.9","posted","Train","Transportation","false","","regular","Secondary CC","7291","","false"
"2026-01-19","Credit Card Payment","-1176.36","posted","Credit Card Payment","Transfer","true","","internal transfer","Checking","3456","","true"
"2026-01-19","Sey Coffee","9.32","posted","Cafés","Food & Drink","false","","regular","Debit","3456","","false"
"2026-01-19","Metropolitan Tra","3","posted","Train","Transportation","false","","regular","Secondary CC","7291","","false"
"2026-01-20","Nyct Paygo","2.9","posted","Train","Transportation","false","","regular","Secondary CC","7291","","false"
"2026-01-20","Lark Cafe","-198.63","posted","Tips","Income","true","","income","Checking","3456","","false"
"2026-01-20","Chipotle","10.38","posted","Fast Food","Food & Drink","false","","regular","Debit","3456","","false"
"2026-01-20","Land To Sea","4.83","posted","Cafés","Food & Drink","false","","regular","Primary CC","4832","","false"
"2026-01-21","Rite Aid","12","posted","Pharmacy","Health","false","","regular","Secondary CC","7291","","false"
"2026-01-21","Nyct Paygo","3","posted","Train","Transportation","false","","regular","Secondary CC","7291","","false"
"2026-01-21","Nyct Paygo","3","posted","Train","Transportation","false","","regular","Secondary CC","7291","","false"
"2026-01-21","Duane Reade","52.59","posted","Pharmacy","Health","false","","regular","Primary CC","4832","","false"
"2026-01-21","Square Payroll","-404.82","posted","Side Income","Income","true","","income","Checking","3456","","true"
"2026-01-21","Nyct Paygo","2.9","posted","Train","Transportation","false","","regular","Secondary CC","7291","","false"
"2026-01-21","Starbucks","3.89","posted","Cafés","Food & Drink","false","","regular","Secondary CC","7291","","false"
"2026-01-22","Interest Payment","-4.8","posted","Interest","Income","true","","income","Savings","6789","","true"
"2026-01-22","Nyct Paygo","3","posted","Train","Transportation","false","","regular","Secondary CC","7291","","false"
"2026-01-22","Nyct Paygo","2.9","posted","Train","Transportation","false","","regular","Secondary CC","7291","","false"
"2026-01-22","Metropolitan Tra","2.9","posted","Train","Transportation","false","","regular","Secondary CC","7291","","false"
"2026-01-22","Trader Joe's","31.99","posted","Groceries","Food & Drink","false","","regular","Secondary CC","7291","","false"
"2026-01-23","Mta*Nyct Paygo","2.9","posted","Train","Transportation","false","","regular","Secondary CC","7291","","false"
"2026-01-23","Mta*Nyct Paygo","2.9","posted","Train","Transportation","false","","regular","Secondary CC","7291","","false"
"2026-01-23","Other Clothing","124.89","posted","Clothing","Shopping","false","","regular","Primary CC","4832","","false"
"2026-01-23","Nyct Paygo","2.9","posted","Train","Transportation","false","","regular","Secondary CC","7291","","false"
"2026-01-23","Nyct Paygo","2.9","posted","Train","Transportation","false","","regular","Secondary CC","7291","","false"
"2026-01-24","Other Restaurant","12.04","posted","Restaurants","Food & Drink","false","","regular","Secondary CC","7291","","false"
"2026-01-24","Nyct Paygo","3","posted","Train","Transportation","false","","regular","Secondary CC","7291","","false"
"2026-01-25","Lark Cafe","-89.43","posted","Tips","Income","true","","income","Checking","3456","","false"
"2026-01-25","Other Shop","69.69","posted","Shops","Shopping","false","","regular","Primary CC","4832","","false"
"2026-01-25","Café Regular","2.56","posted","Cafés","Food & Drink","false","","regular","Secondary CC","7291","","false"
"2026-01-26","Mta*Nyct Paygo","3","posted","Train","Transportation","false","","regular","Primary CC","4832","","false"
"2026-01-26","Lark Cafe","-136.54","posted","Tips","Income","true","","income","Checking","3456","","false"
"2026-01-27","Duane Reade","14.51","posted","Pharmacy","Health","false","","regular","Debit","3456","","false"
"2026-01-27","Other Fast Food","11.19","posted","Fast Food","Food & Drink","false","","regular","Secondary CC","7291","","false"
"2026-01-27","Con Edison","56.07","posted","Gas & Electric","Utilities","false","","regular","Primary CC","4832","","false"
"2026-01-27","Mta*Nyct Paygo","2.9","posted","Train","Transportation","false","","regular","Secondary CC","7291","","false"
"2026-01-27","Nyct Paygo","3","posted","Train","Transportation","false","","regular","Secondary CC","7291","","false"
"2026-01-27","Nyct Paygo","2.9","posted","Train","Transportation","false","","regular","Secondary CC","7291","","false"
"2026-01-28","Con Edison","69.13","posted","Gas & Electric","Utilities","false","","regular","Primary CC","4832","","false"
"2026-01-28","Other Fast Food","9.32","posted","Fast Food","Food & Drink","false","","regular","Secondary CC","7291","","false"
"2026-01-29","Nyct Paygo","2.9","posted","Train","Transportation","false","","regular","Secondary CC","7291","","false"
"2026-01-29","Uber","31.08","posted","Uber","Transportation","false","","regular","Primary CC","4832","","false"
"2026-01-29","Other Shop","27","posted","Shops","Shopping","false","","regular","Primary CC","4832","","false"
"2026-01-29","Nyct Paygo","2.9","posted","Train","Transportation","false","","regular","Secondary CC","7291","","false"
"2026-01-29","Other Merchant","28.35","posted","Other","Other","false","","regular","Primary CC","4832","","false"
"2026-01-30","Nyct Paygo","2.9","posted","Train","Transportation","false","","regular","Secondary CC","7291","","false"
"2026-01-30","Nyct Paygo","2.9","posted","Train","Transportation","false","","regular","Secondary CC","7291","","false"
"2026-01-30","Spectrum","59.99","posted","Internet","Utilities","false","","regular","Primary CC","4832","","false"
"2026-01-30","Nyct Paygo","3","posted","Train","Transportation","false","","regular","Secondary CC","7291","","false"
"2026-01-31","Sweetleaf","7.15","posted","Cafés","Food & Drink","false","","regular","Primary CC","4832","","false"
"2026-01-31","Keep The Change Transfer","-0.71","posted","Savings","Transfer","true","","internal transfer","Checking","3456","","false"
"2026-02-01","Nyct Paygo","3","posted","Train","Transportation","false","","regular","Secondary CC","7291","","false"
"2026-02-01","Starbucks","7.01","posted","Cafés","Food & Drink","false","","regular","Primary CC","4832","","false"
"2026-02-01","H&M","122.7","posted","Clothing","Shopping","false","","regular","Secondary CC","7291","","false"
"2026-02-01","Rent Payment","1350","posted","Rent","Housing","false","","regular","Checking","3456","","true"
"2026-02-01","Symbioun Payroll","-2568.6","posted","Payroll","Income","true","","income","Checking","3456","","true"
"2026-02-02","Laundromat","8.5","posted","Laundry","Personal Care","false","","regular","Primary CC","4832","","false"
"2026-02-02","Nyct Paygo","3","posted","Train","Transportation","false","","regular","Secondary CC","7291","","false"
"2026-02-02","Sweetgreen","11.07","posted","Fast Food","Food & Drink","false","","regular","Primary CC","4832","","false"
"2026-02-03","Nyct Paygo","2.9","posted","Train","Transportation","false","","regular","Secondary CC","7291","","false"
"2026-02-03","Nyct Paygo","3","posted","Train","Transportation","false","","regular","Secondary CC","7291","","false"
"2026-02-03","Conductor Inc Deposit","-904.6","posted","Side Income","Income","true","","income","Checking","3456","","false"
"2026-02-04","Nyct Paygo","2.9","posted","Train","Transportation","false","","regular","Secondary CC","7291","","false"
"2026-02-04","Shake Shack","14.52","posted","Fast Food","Food & Drink","false","","regular","Secondary CC","7291","","false"
"2026-02-04","Devocion","8.03","posted","Cafés","Food & Drink","false","","regular","Primary CC","4832","","false"
"2026-02-04","Square Payroll","-383.47","posted","Side Income","Income","true","","income","Checking","3456","","true"
"2026-02-04","Other Café","4.89","posted","Cafés","Food & Drink","false","","regular","Primary CC","4832","","false"
"2026-02-04","Nyct Paygo","2.9","posted","Train","Transportation","false","","regular","Secondary CC","7291","","false"
"2026-02-05","Con Edison","78.26","posted","Gas & Electric","Utilities","false","","regular","Checking","3456","","false"
"2026-02-05","Other Café","17.14","posted","Cafés","Food & Drink","false","","regular","Primary CC","4832","","false"
"2026-02-05","Nyct Paygo","2.9","posted","Train","Transportation","false","","regular","Secondary CC","7291","","false"
"2026-02-05","Nyct Paygo","2.9","posted","Train","Transportation","false","","regular","Secondary CC","7291","","false"
"2026-02-06","Chipotle","8.35","posted","Fast Food","Food & Drink","false","","regular","Primary CC","4832","","false"
"2026-02-06","H&M","42.97","posted","Clothing","Shopping","false","","regular","Debit","3456","","false"
"2026-02-06","Whole Foods","56.57","posted","Groceries","Food & Drink","false","","regular","Secondary CC","7291","","false"
"2026-02-06","Nyct Paygo","3","posted","Train","Transportation","false","","regular","Secondary CC","7291","","false"
"2026-02-06","Metropolitan Tra","2.9","posted","Train","Transportation","false","","regular","Secondary CC","7291","","false"
"2026-02-07","Nyct Paygo","2.9","posted","Train","Transportation","false","","regular","Secondary CC","7291","","false"
"2026-02-07","Nyct Paygo","3","posted","Train","Transportation","false","","regular","Secondary CC","7291","","false"
"2026-02-07","Venmo Cashout","143.36","posted","Transfer","Transfer","true","","internal transfer","Checking","3456","","false"
"2026-02-08","Other Fast Food","10.68","posted","Fast Food","Food & Drink","false","","regular","Secondary CC","7291","","false"
"2026-02-08","Apple.com/bill","6.99","posted","Subscriptions","Entertainment","false","","regular","Primary CC","4832","","true"
"2026-02-08","Costco","41.67","posted","Groceries","Food & Drink","false","","regular","Secondary CC","7291","","false"
"2026-02-08","Chipotle","14.71","posted","Fast Food","Food & Drink","false","","regular","Secondary CC","7291","","false"
"2026-02-08","Misc Purchase","150","posted","Other","Other","false","","regular","Primary CC","4832","","false"
"2026-02-09","Other Fast Food","14.97","posted","Fast Food","Food & Drink","false","","regular","Primary CC","4832","","false"
"2026-02-09","Keep The Change Transfer","-0.33","posted","Savings","Transfer","true","","internal transfer","Checking","3456","","false"
"2026-02-09","Keep The Change Transfer","-0.19","posted","Savings","Transfer","true","","internal transfer","Checking","3456","","false"
"2026-02-09","Nyct Paygo","3","posted","Train","Transportation","false","","regular","Secondary CC","7291","","false"
"2026-02-09","Land To Sea","4.58","posted","Cafés","Food & Drink","false","","regular","Primary CC","4832","","false"
"2026-02-09","Other Clothing","44.1","posted","Clothing","Shopping","false","","regular","Primary CC","4832","","false"
"2026-02-09","Key Food","32.53","posted","Groceries","Food & Drink","false","","regular","Debit","3456","","false"
"2026-02-10","Mta*Nyct Paygo","3","posted","Train","Transportation","false","","regular","Secondary CC","7291","","false"
"2026-02-11","Cleaners","8.5","posted","Laundry","Personal Care","false","","regular","Secondary CC","7291","","false"
"2026-02-11","Nyct Paygo","2.9","posted","Train","Transportation","false","","regular","Secondary CC","7291","","false"
"2026-02-11","Nyct Paygo","2.9","posted","Train","Transportation","false","","regular","Secondary CC","7291","","false"
"2026-02-11","Nyct Paygo","2.9","posted","Train","Transportation","false","","regular","Secondary CC","7291","","false"
"2026-02-11","Five Guys","6.02","posted","Fast Food","Food & Drink","false","","regular","Primary CC","4832","","false"
"2026-02-11","Metropolitan Tra","2.9","posted","Train","Transportation","false","","regular","Secondary CC","7291","","false"
"2026-02-11","Nyct Paygo","2.9","posted","Train","Transportation","false","","regular","Secondary CC","7291","","false"
"2026-02-12","Other Merchant","22.22","posted","Other","Other","false","","regular","Secondary CC","7291","","false"
"2026-02-12","Nyct Paygo","2.9","posted","Train","Transportation","false","","regular","Secondary CC","7291","","false"
"2026-02-12","Nyct Paygo","2.9","posted","Train","Transportation","false","","regular","Secondary CC","7291","","false"
"2026-02-12","Nyct Paygo","2.9","posted","Train","Transportation","false","","regular","Secondary CC","7291","","false"
"2026-02-13","Navient Student Loan","280","posted","Student Loan","Debt","false","","regular","Checking","3456","","true"
"2026-02-13","Con Edison","72.23","posted","Gas & Electric","Utilities","false","","regular","Primary CC","4832","","false"
"2026-02-13","Nyct Paygo","2.9","posted","Train","Transportation","false","","regular","Secondary CC","7291","","false"
"2026-02-14","Other Shop","65.21","posted","Shops","Shopping","false","","regular","Debit","3456","","false"
"2026-02-14","C-Town","24.18","posted","Groceries","Food & Drink","false","","regular","Debit","3456","","false"
"2026-02-14","Nyct Paygo","2.9","posted","Train","Transportation","false","","regular","Secondary CC","7291","","false"
"2026-02-14","Whole Foods","15.54","posted","Groceries","Food & Drink","false","","regular","Debit","3456","","false"
"2026-02-15","Symbioun Payroll","-2554.83","posted","Payroll","Income","true","","income","Checking","3456","","true"
"2026-02-15","Metropolitan Tra","2.9","posted","Train","Transportation","false","","regular","Secondary CC","7291","","false"
"2026-02-15","Other Merchant","25.87","posted","Other","Other","false","","regular","Debit","3456","","false"
"2026-02-15","Nyct Paygo","2.9","posted","Train","Transportation","false","","regular","Secondary CC","7291","","false"
"2026-02-15","Other Bar","25.4","posted","Bars","Food & Drink","false","","regular","Primary CC","4832","","false"
"2026-02-16","Other Grocery","18.98","posted","Groceries","Food & Drink","false","","regular","Primary CC","4832","","false"
"2026-02-16","Other Clothing","32.91","posted","Clothing","Shopping","false","","regular","Secondary CC","7291","","false"
"2026-02-16","Misc Purchase","8.38","posted","Other","Other","false","","regular","Debit","3456","","false"
"2026-02-16","Nyct Paygo","3","posted","Train","Transportation","false","","regular","Secondary CC","7291","","false"
"2026-02-16","Nyct Paygo","2.9","posted","Train","Transportation","false","","regular","Secondary CC","7291","","false"
"2026-02-16","Celsious","8.5","posted","Laundry","Personal Care","false","","regular","Secondary CC","7291","","false"
"2026-02-17","Nyct Paygo","2.9","posted","Train","Transportation","false","","regular","Secondary CC","7291","","false"
"2026-02-17","Mta*Nyct Paygo","2.9","posted","Train","Transportation","false","","regular","Primary CC","4832","","false"
"2026-02-17","Mta*Nyct Paygo","2.9","posted","Train","Transportation","false","","regular","Secondary CC","7291","","false"
"2026-02-17","Nyct Paygo","2.9","posted","Train","Transportation","false","","regular","Secondary CC","7291","","false"
"2026-02-17","Other Merchant","3.55","posted","Other","Other","false","","regular","Primary CC","4832","","false"
"2026-02-17","Nyct Paygo","3","posted","Train","Transportation","false","","regular","Secondary CC","7291","","false"
"2026-02-18","Credit Card Payment","-1198.57","posted","Credit Card Payment","Transfer","true","","internal transfer","Checking","3456","","true"
"2026-02-18","Nyct Paygo","2.9","posted","Train","Transportation","false","","regular","Secondary CC","7291","","false"
"2026-02-18","Sushi Katsuei","25.02","posted","Restaurants","Food & Drink","false","","regular","Primary CC","4832","","false"
"2026-02-18","Square Payroll","-480.12","posted","Side Income","Income","true","","income","Checking","3456","","true"
"2026-02-19","Metropolitan Tra","3","posted","Train","Transportation","false","","regular","Secondary CC","7291","","false"
"2026-02-19","Mta*Nyct Paygo","2.9","posted","Train","Transportation","false","","regular","Secondary CC","7291","","false"
"2026-02-19","Nyct Paygo","2.9","posted","Train","Transportation","false","","regular","Secondary CC","7291","","false"
"2026-02-20","Food Bazaar","23.84","posted","Groceries","Food & Drink","false","","regular","Primary CC","4832","","false"
"2026-02-20","Other Fast Food","10.94","posted","Fast Food","Food & Drink","false","","regular","Primary CC","4832","","false"
"2026-02-20","Nyct Paygo","3","posted","Train","Transportation","false","","regular","Secondary CC","7291","","false"
"2026-02-20","Starbucks","11.3","posted","Cafés","Food & Drink","false","","regular","Primary CC","4832","","false"
"2026-02-20","Venmo Cashout","40.49","posted","Transfer","Transfer","true","","internal transfer","Checking","3456","","false"
"2026-02-20","Key Food","6.01","posted","Groceries","Food & Drink","false","","regular","Primary CC","4832","","false"
"2026-02-20","Nyct Paygo","3","posted","Train","Transportation","false","","regular","Secondary CC","7291","","false"
"2026-02-20","Sey Coffee","9.9","posted","Cafés","Food & Drink","false","","regular","Debit","3456","","false"
"2026-02-21","Interest Payment","-2.93","posted","Interest","Income","true","","income","Savings","6789","","true"
"2026-02-21","Nyct Paygo","3","posted","Train","Transportation","false","","regular","Secondary CC","7291","","false"
"2026-02-21","Other Merchant","18.13","posted","Other","Other","false","","regular","Primary CC","4832","","false"
"2026-02-22","Nyct Paygo","2.9","posted","Train","Transportation","false","","regular","Secondary CC","7291","","false"
"2026-02-22","Nyct Paygo","2.9","posted","Train","Transportation","false","","regular","Secondary CC","7291","","false"
"2026-02-22","Nyct Paygo","2.9","posted","Train","Transportation","false","","regular","Secondary CC","7291","","false"
"2026-02-22","Devocion","4.94","posted","Cafés","Food & Drink","false","","regular","Primary CC","4832","","false"
"2026-02-23","Skinny Dennis","18.43","posted","Bars","Food & Drink","false","","regular","Venmo","9012","","false"
"2026-02-23","Walgreens","9.74","posted","Pharmacy","Health","false","","regular","Primary CC","4832","","false"
"2026-02-23","Con Edison","30","posted","Gas & Electric","Utilities","false","","regular","Checking","3456","","false"
"2026-02-23","Starbucks","10.18","posted","Cafés","Food & Drink","false","","regular","Secondary CC","7291","","false"
"2026-02-23","Nyct Paygo","3","posted","Train","Transportation","false","","regular","Secondary CC","7291","","false"
"2026-02-23","Chick-Fil-A","8.04","posted","Fast Food","Food & Drink","false","","regular","Debit","3456","","false"
"2026-02-23","Mint Mobile","25","posted","Phone","Utilities","false","","regular","Secondary CC","7291","","false"
"2026-02-23","Other Restaurant","17.8","posted","Restaurants","Food & Drink","false","","regular","Primary CC","4832","","false"
"2026-02-25","Five Guys","15.24","posted","Fast Food","Food & Drink","false","","regular","Secondary CC","7291","","false"
"2026-02-26","Other Restaurant","34.19","posted","Restaurants","Food & Drink","false","","regular","Venmo","9012","","false"
"2026-02-26","Lyft","30.57","posted","Uber","Transportation","false","","regular","Secondary CC","7291","","false"
"2026-02-26","Subway","6.76","posted","Fast Food","Food & Drink","false","","regular","Primary CC","4832","","false"
"2026-02-26","Other Clothing","43.09","posted","Clothing","Shopping","false","","regular","Secondary CC","7291","","false"
"2026-02-26","Key Food","21.91","posted","Groceries","Food & Drink","false","","regular","Primary CC","4832","","false"
"2026-02-27","Mta*Nyct Paygo","3","posted","Train","Transportation","false","","regular","Secondary CC","7291","","false"
"2026-02-27","Other Shop","78.38","posted","Shops","Shopping","false","","regular","Primary CC","4832","","false"
"2026-02-27","Nyct Paygo","2.9","posted","Train","Transportation","false","","regular","Secondary CC","7291","","false"
"2026-02-27","Joe Coffee","12.31","posted","Cafés","Food & Drink","false","","regular","Primary CC","4832","","false"
"2026-02-28","Lark Cafe","-134.86","posted","Tips","Income","true","","income","Checking","3456","","false"
"2026-02-28","Mta*Nyct Paygo","2.9","posted","Train","Transportation","false","","regular","Secondary CC","7291","","false"
"2026-02-28","Other Shop","27.03","posted","Shops","Shopping","false","","regular","Debit","3456","","false"
"2026-02-28","Nyct Paygo","3","posted","Train","Transportation","false","","regular","Secondary CC","7291","","false"
"2026-03-01","Symbioun Payroll","-2551.19","posted","Payroll","Income","true","","income","Checking","3456","","true"
"2026-03-01","Venmo Cashout","118.74","posted","Transfer","Transfer","true","","internal transfer","Checking","3456","","false"
"2026-03-01","Nyct Paygo","2.9","posted","Train","Transportation","false","","regular","Secondary CC","7291","","false"
"2026-03-01","Rent Payment","1350","posted","Rent","Housing","false","","regular","Checking","3456","","true"
"2026-03-02","Other Clothing","25.94","posted","Clothing","Shopping","false","","regular","Primary CC","4832","","false"
"2026-03-03","Nyct Paygo","3","posted","Train","Transportation","false","","regular","Secondary CC","7291","","false"
"2026-03-03","Keep The Change Transfer","-0.44","posted","Savings","Transfer","true","","internal transfer","Checking","3456","","false"
"2026-03-03","Duane Reade","9.12","posted","Pharmacy","Health","false","","regular","Secondary CC","7291","","false"
"2026-03-03","H&M","10","posted","Clothing","Shopping","false","","regular","Primary CC","4832","","false"
"2026-03-03","Nyct Paygo","3","posted","Train","Transportation","false","","regular","Secondary CC","7291","","false"
"2026-03-03","McDonald's","16.69","posted","Fast Food","Food & Drink","false","","regular","Primary CC","4832","","false"
"2026-03-03","Nyct Paygo","2.9","posted","Train","Transportation","false","","regular","Secondary CC","7291","","false"
"2026-03-03","Sweetgreen","16.16","posted","Fast Food","Food & Drink","false","","regular","Primary CC","4832","","false"
"2026-03-04","Lark Cafe","-146.31","posted","Tips","Income","true","","income","Checking","3456","","false"
"2026-03-04","Diner","42.44","posted","Restaurants","Food & Drink","false","","regular","Primary CC","4832","","false"
"2026-03-04","Union Pool","44.6","posted","Bars","Food & Drink","false","","regular","Primary CC","4832","","false"
"2026-03-04","Nyct Paygo","2.9","posted","Train","Transportation","false","","regular","Secondary CC","7291","","false"
"2026-03-04","Other Entertainment","20.11","posted","Entertainment","Entertainment","false","","regular","Primary CC","4832","","false"
"2026-03-04","Square Payroll","-412.41","posted","Side Income","Income","true","","income","Checking","3456","","true"
"2026-03-05","Nyct Paygo","3","posted","Train","Transportation","false","","regular","Secondary CC","7291","","false"
"2026-03-05","Nyct Paygo","2.9","posted","Train","Transportation","false","","regular","Secondary CC","7291","","false"
"2026-03-05","Devocion","7.37","posted","Cafés","Food & Drink","false","","regular","Secondary CC","7291","","false"
"2026-03-05","Conductor Inc Deposit","-827.53","posted","Side Income","Income","true","","income","Checking","3456","","false"
"2026-03-06","Subway","9.73","posted","Fast Food","Food & Drink","false","","regular","Secondary CC","7291","","false"
"2026-03-06","Nyct Paygo","2.9","posted","Train","Transportation","false","","regular","Secondary CC","7291","","false"
"2026-03-06","Mta*Nyct Paygo","2.9","posted","Train","Transportation","false","","regular","Secondary CC","7291","","false"
"2026-03-06","Partners Coffee","8.26","posted","Cafés","Food & Drink","false","","regular","Secondary CC","7291","","false"
"2026-03-06","Nyct Paygo","2.9","posted","Train","Transportation","false","","regular","Secondary CC","7291","","false"
"2026-03-07","Chipotle","17.51","posted","Fast Food","Food & Drink","false","","regular","Primary CC","4832","","false"
"2026-03-08","Key Food","49.4","posted","Groceries","Food & Drink","false","","regular","Secondary CC","7291","","false"
"2026-03-08","Amazon","36.68","posted","Other","Other","false","","regular","Primary CC","4832","","false"
"2026-03-08","C-Town","19.33","posted","Groceries","Food & Drink","false","","regular","Secondary CC","7291","","false"
"2026-03-08","Cleaners","8.5","posted","Laundry","Personal Care","false","","regular","Debit","3456","","false"
"2026-03-10","Laundromat","12","posted","Laundry","Personal Care","false","","regular","Primary CC","4832","","false"
"2026-03-10","Apple.com/bill","6.99","posted","Subscriptions","Entertainment","false","","regular","Primary CC","4832","","true"
"2026-03-10","Metropolitan Tra","2.9","posted","Train","Transportation","false","","regular","Secondary CC","7291","","false"
"2026-03-10","Joe Coffee","7.54","posted","Cafés","Food & Drink","false","","regular","Secondary CC","7291","","false"
"2026-03-11","Other Restaurant","38.71","posted","Restaurants","Food & Drink","false","","regular","Debit","3456","","false"
"2026-03-11","Land To Sea","5.44","posted","Cafés","Food & Drink","false","","regular","Primary CC","4832","","false"
"2026-03-11","Nyct Paygo","2.9","posted","Train","Transportation","false","","regular","Secondary CC","7291","","false"
"2026-03-11","Other Fast Food","12.3","posted","Fast Food","Food & Drink","false","","regular","Debit","3456","","false"
"2026-03-11","Nyct Paygo","2.9","posted","Train","Transportation","false","","regular","Secondary CC","7291","","false"
"2026-03-11","Laundromat","12","posted","Laundry","Personal Care","false","","regular","Secondary CC","7291","","false"
"2026-03-11","AMC Theatres","42.69","posted","Entertainment","Entertainment","false","","regular","Secondary CC","7291","","false"
"2026-03-11","Five Guys","28.19","posted","Fast Food","Food & Drink","false","","regular","Primary CC","4832","","false"
"2026-03-12","Nyct Paygo","2.9","posted","Train","Transportation","false","","regular","Secondary CC","7291","","false"
"2026-03-12","Other Bar","28.14","posted","Bars","Food & Drink","false","","regular","Debit","3456","","false"
"2026-03-12","Uniqlo","26.56","posted","Clothing","Shopping","false","","regular","Primary CC","4832","","false"
"2026-03-12","Other Café","2.5","posted","Cafés","Food & Drink","false","","regular","Primary CC","4832","","false"
"2026-03-12","Nyct Paygo","2.9","posted","Train","Transportation","false","","regular","Primary CC","4832","","false"
"2026-03-12","Thai Villa","22.11","posted","Restaurants","Food & Drink","false","","regular","Secondary CC","7291","","false"
"2026-03-12","Other Fast Food","12.34","posted","Fast Food","Food & Drink","false","","regular","Debit","3456","","false"
"2026-03-13","Other Restaurant","77.69","posted","Restaurants","Food & Drink","false","","regular","Secondary CC","7291","","false"
"2026-03-13","Whole Foods","5.51","posted","Groceries","Food & Drink","false","","regular","Debit","3456","","false"
"2026-03-13","Keep The Change Transfer","-0.13","posted","Savings","Transfer","true","","internal transfer","Checking","3456","","false"
"2026-03-14","Cleaners","20","posted","Laundry","Personal Care","false","","regular","Primary CC","4832","","false"
"2026-03-14","Chipotle","17.63","posted","Fast Food","Food & Drink","false","","regular","Secondary CC","7291","","false"
"2026-03-14","Nyct Paygo","2.9","posted","Train","Transportation","false","","regular","Secondary CC","7291","","false"
"2026-03-14","The Levee","24.88","posted","Bars","Food & Drink","false","","regular","Secondary CC","7291","","false"
"2026-03-14","Nyct Paygo","3","posted","Train","Transportation","false","","regular","Secondary CC","7291","","false"
"2026-03-14","Other Merchant","13.36","posted","Other","Other","false","","regular","Primary CC","4832","","false"
"2026-03-15","Symbioun Payroll","-2565.03","posted","Payroll","Income","true","","income","Checking","3456","","true"
"2026-03-15","Other Restaurant","25.97","posted","Restaurants","Food & Drink","false","","regular","Secondary CC","7291","","false"
"2026-03-15","Chipotle","24.34","posted","Fast Food","Food & Drink","false","","regular","Primary CC","4832","","false"
"2026-03-15","Nyct Paygo","2.9","posted","Train","Transportation","false","","regular","Secondary CC","7291","","false"
"2026-03-15","Blue Bottle","14.45","posted","Cafés","Food & Drink","false","","regular","Debit","3456","","false"
"2026-03-15","Chipotle","12.96","posted","Fast Food","Food & Drink","false","","regular","Primary CC","4832","","false"
"2026-03-15","Other Shop","18.76","posted","Shops","Shopping","false","","regular","Secondary CC","7291","","false"
"2026-03-15","Navient Student Loan","280","posted","Student Loan","Debt","false","","regular","Checking","3456","","true"
"2026-03-16","Land To Sea","8.93","posted","Cafés","Food & Drink","false","","regular","Primary CC","4832","","false"
"2026-03-16","Chipotle","21.83","posted","Fast Food","Food & Drink","false","","regular","Primary CC","4832","","false"
"2026-03-16","Other Merchant","28.68","posted","Other","Other","false","","regular","Secondary CC","7291","","false"
"2026-03-16","Other Café","8.1","posted","Cafés","Food & Drink","false","","regular","Primary CC","4832","","false"
"2026-03-17","Other Grocery","15.19","posted","Groceries","Food & Drink","false","","regular","Primary CC","4832","","false"
"2026-03-17","Café Regular","8.41","posted","Cafés","Food & Drink","false","","regular","Primary CC","4832","","false"
"2026-03-17","Nyct Paygo","3","posted","Train","Transportation","false","","regular","Secondary CC","7291","","false"
"2026-03-17","Devocion","7.04","posted","Cafés","Food & Drink","false","","regular","Secondary CC","7291","","false"
"2026-03-17","Other Merchant","58.59","posted","Other","Other","false","","regular","Debit","3456","","false"
"2026-03-17","Other Clothing","85.89","posted","Clothing","Shopping","false","","regular","Secondary CC","7291","","false"
"2026-03-17","Amazon","166.84","posted","Shops","Shopping","false","","regular","Secondary CC","7291","","false"
"2026-03-17","Nyct Paygo","3","posted","Train","Transportation","false","","regular","Secondary CC","7291","","false"
"2026-03-17","Metropolitan Tra","2.9","posted","Train","Transportation","false","","regular","Secondary CC","7291","","false"
"2026-03-17","Nyct Paygo","3","posted","Train","Transportation","false","","regular","Secondary CC","7291","","false"
"2026-03-18","Mta*Nyct Paygo","2.9","posted","Train","Transportation","false","","regular","Secondary CC","7291","","false"
"2026-03-18","Square Payroll","-429.7","posted","Side Income","Income","true","","income","Checking","3456","","true"
"2026-03-18","Mta*Nyct Paygo","2.9","posted","Train","Transportation","false","","regular","Secondary CC","7291","","false"
"2026-03-18","Nyct Paygo","2.9","posted","Train","Transportation","false","","regular","Secondary CC","7291","","false"
"2026-03-19","Nyct Paygo","2.9","posted","Train","Transportation","false","","regular","Secondary CC","7291","","false"
"2026-03-19","Other Shop","11.85","posted","Shops","Shopping","false","","regular","Debit","3456","","false"
"2026-03-20","Nyct Paygo","3","posted","Train","Transportation","false","","regular","Primary CC","4832","","false"
"2026-03-20","Credit Card Payment","-703.49","posted","Credit Card Payment","Transfer","true","","internal transfer","Checking","3456","","true"
"2026-03-20","Partners Coffee","4.15","posted","Cafés","Food & Drink","false","","regular","Debit","3456","","false"
"2026-03-20","Other Fast Food","15.44","posted","Fast Food","Food & Drink","false","","regular","Debit","3456","","false"
"2026-03-21","Other Merchant","16.01","posted","Other","Other","false","","regular","Primary CC","4832","","false"
"2026-03-21","Spectrum","49.99","posted","Internet","Utilities","false","","regular","Checking","3456","","false"
"2026-03-21","Metropolitan Tra","2.9","posted","Train","Transportation","false","","regular","Secondary CC","7291","","false"
"2026-03-21","Nail Salon","40.9","posted","Nails","Personal Care","false","","regular","Primary CC","4832","","false"
"2026-03-21","Panera Bread","10.66","posted","Fast Food","Food & Drink","false","","regular","Primary CC","4832","","false"
"2026-03-21","Venmo Cashout","51.33","posted","Transfer","Transfer","true","","internal transfer","Checking","3456","","false"
"2026-03-22","Starbucks","6.07","posted","Cafés","Food & Drink","false","","regular","Debit","3456","","false"
"2026-03-22","Walgreens","18.48","posted","Other","Other","false","","regular","Secondary CC","7291","","false"
"2026-03-22","Keep The Change Transfer","-0.83","posted","Savings","Transfer","true","","internal transfer","Checking","3456","","false"
"2026-03-23","Nyct Paygo","2.9","posted","Train","Transportation","false","","regular","Secondary CC","7291","","false"
"2026-03-23","Nyct Paygo","2.9","posted","Train","Transportation","false","","regular","Secondary CC","7291","","false"
"2026-03-23","Interest Payment","-1.59","posted","Interest","Income","true","","income","Savings","6789","","true"
"2026-03-23","Nyct Paygo","3","posted","Train","Transportation","false","","regular","Secondary CC","7291","","false"
"2026-03-23","Nyct Paygo","2.9","posted","Train","Transportation","false","","regular","Secondary CC","7291","","false"
"2026-03-24","Other Restaurant","19.87","posted","Restaurants","Food & Drink","false","","regular","Primary CC","4832","","false"
"2026-03-24","Nyct Paygo","2.9","posted","Train","Transportation","false","","regular","Secondary CC","7291","","false"
"2026-03-24","Nyct Paygo","2.9","posted","Train","Transportation","false","","regular","Secondary CC","7291","","false"
"2026-03-25","Nyct Paygo","2.9","posted","Train","Transportation","false","","regular","Secondary CC","7291","","false"
"2026-03-25","Whole Foods","18.11","posted","Groceries","Food & Drink","false","","regular","Primary CC","4832","","false"
"2026-03-25","Other Fast Food","19.17","posted","Fast Food","Food & Drink","false","","regular","Primary CC","4832","","false"
"2026-03-25","Sey Coffee","3.35","posted","Cafés","Food & Drink","false","","regular","Debit","3456","","false"
"2026-03-25","Nyct Paygo","2.9","posted","Train","Transportation","false","","regular","Secondary CC","7291","","false"
"2026-03-26","Trader Joe's","34.22","posted","Groceries","Food & Drink","false","","regular","Debit","3456","","false"
"2026-03-26","Sey Coffee","7.87","posted","Cafés","Food & Drink","false","","regular","Primary CC","4832","","false"
"2026-03-26","Mta*Nyct Paygo","2.9","posted","Train","Transportation","false","","regular","Secondary CC","7291","","false"
"2026-03-26","Nyct Paygo","2.9","posted","Train","Transportation","false","","regular","Secondary CC","7291","","false"
"2026-03-27","Cleaners","12","posted","Laundry","Personal Care","false","","regular","Secondary CC","7291","","false"
"2026-03-27","Partners Coffee","11.04","posted","Cafés","Food & Drink","false","","regular","Primary CC","4832","","false"
"2026-03-27","Spectrum","49.99","posted","Internet","Utilities","false","","regular","Checking","3456","","false"
"2026-03-28","Other Shop","35.56","posted","Shops","Shopping","false","","regular","Primary CC","4832","","false"
"2026-03-28","Trader Joe's","13.12","posted","Groceries","Food & Drink","false","","regular","Primary CC","4832","","false"
"2026-03-28","Other Clothing","17.05","posted","Clothing","Shopping","false","","regular","Primary CC","4832","","false"
"2026-03-28","Nail Salon","52.47","posted","Nails","Personal Care","false","","regular","Secondary CC","7291","","false"
"2026-03-28","Nyct Paygo","3","posted","Train","Transportation","false","","regular","Secondary CC","7291","","false"
"2026-03-28","Panera Bread","13.78","posted","Fast Food","Food & Drink","false","","regular","Primary CC","4832","","false"
"2026-03-28","Lark Cafe","-184.56","posted","Tips","Income","true","","income","Checking","3456","","false"
"2026-03-29","Other Shop","24.1","posted","Shops","Shopping","false","","regular","Primary CC","4832","","false"
"2026-03-29","Symbioun Payroll","-2561.33","posted","Payroll","Income","true","","income","Checking","3456","","true"
"2026-03-29","Other Grocery","38.21","posted","Groceries","Food & Drink","false","","regular","Secondary CC","7291","","false"
"2026-03-29","Amazon","30.78","posted","Other","Other","false","","regular","Primary CC","4832","","false"
"2026-03-29","Other Restaurant","39.5","posted","Restaurants","Food & Drink","false","","regular","Secondary CC","7291","","false"
"2026-03-30","Land To Sea","3.25","posted","Cafés","Food & Drink","false","","regular","Debit","3456","","false"
"2026-03-30","Target","11.08","posted","Groceries","Food & Drink","false","","regular","Primary CC","4832","","false"
"2026-03-30","Other Merchant","25.8","posted","Other","Other","false","","regular","Primary CC","4832","","false"
"2026-03-30","Other Café","2.74","posted","Cafés","Food & Drink","false","","regular","Secondary CC","7291","","false"
"2026-03-30","Other Clothing","112.64","posted","Clothing","Shopping","false","","regular","Debit","3456","","false"
"2026-03-30","Regal Cinema","27.22","posted","Entertainment","Entertainment","false","","regular","Primary CC","4832","","false"
"2026-03-31","CVS","7.57","posted","Other","Other","false","","regular","Secondary CC","7291","","false"
"2026-03-31","Shake Shack","18.96","posted","Fast Food","Food & Drink","false","","regular","Primary CC","4832","","false"
"2026-03-31","Nyct Paygo","2.9","posted","Train","Transportation","false","","regular","Secondary CC","7291","","false"
"2026-03-31","Other Nails","25","posted","Nails","Personal Care","false","","regular","Primary CC","4832","","false"
"2026-04-01","Partners Coffee","10.13","posted","Cafés","Food & Drink","false","","regular","Primary CC","4832","","false"
"2026-04-01","C-Town","16.97","posted","Groceries","Food & Drink","false","","regular","Secondary CC","7291","","false"
"2026-04-01","Amazon","60.84","posted","Other","Other","false","","regular","Primary CC","4832","","false"
"2026-04-01","Rent Payment","1350","posted","Rent","Housing","false","","regular","Checking","3456","","true"
"2026-04-01","Square Payroll","-417.76","posted","Side Income","Income","true","","income","Checking","3456","","true"
"2026-04-01","Blue Bottle","10.69","posted","Cafés","Food & Drink","false","","regular","Debit","3456","","false"
"2026-04-02","Other Merchant","20.37","posted","Other","Other","false","","regular","Secondary CC","7291","","false"
"2026-04-02","Nyct Paygo","3","posted","Train","Transportation","false","","regular","Secondary CC","7291","","false"
"2026-04-02","Target","5","posted","Shops","Shopping","false","","regular","Primary CC","4832","","false"
"2026-04-02","Mta*Nyct Paygo","3","posted","Train","Transportation","false","","regular","Secondary CC","7291","","false"
"2026-04-02","Mta*Nyct Paygo","2.9","posted","Train","Transportation","false","","regular","Secondary CC","7291","","false"
"2026-04-02","Other Entertainment","30.04","posted","Entertainment","Entertainment","false","","regular","Primary CC","4832","","false"
"2026-04-02","Key Food","38.67","posted","Groceries","Food & Drink","false","","regular","Secondary CC","7291","","false"
"2026-04-03","Food Bazaar","14.27","posted","Groceries","Food & Drink","false","","regular","Primary CC","4832","","false"
"2026-04-03","Sweetgreen","14.5","posted","Fast Food","Food & Drink","false","","regular","Primary CC","4832","","false"
"2026-04-03","Metropolitan Tra","2.9","posted","Train","Transportation","false","","regular","Secondary CC","7291","","false"
"2026-04-03","Starbucks","4.43","posted","Cafés","Food & Drink","false","","regular","Primary CC","4832","","false"
"2026-04-03","Whole Foods","22.78","posted","Groceries","Food & Drink","false","","regular","Primary CC","4832","","false"
"2026-04-04","Conductor Inc Deposit","-761.63","posted","Side Income","Income","true","","income","Checking","3456","","false"
"2026-04-05","Nyct Paygo","3","posted","Train","Transportation","false","","regular","Secondary CC","7291","","false"
"2026-04-05","Target","12.89","posted","Shops","Shopping","false","","regular","Secondary CC","7291","","false"
"2026-04-05","Whole Foods","41.1","posted","Groceries","Food & Drink","false","","regular","Primary CC","4832","","false"
"2026-04-05","Other Bar","28.08","posted","Bars","Food & Drink","false","","regular","Primary CC","4832","","false"
"2026-04-05","Nyct Paygo","2.9","posted","Train","Transportation","false","","regular","Secondary CC","7291","","false"
"2026-04-06","Uniqlo","59.02","posted","Clothing","Shopping","false","","regular","Primary CC","4832","","false"
"2026-04-06","Nyct Paygo","2.9","posted","Train","Transportation","false","","regular","Secondary CC","7291","","false"
"2026-04-06","Nyct Paygo","2.9","posted","Train","Transportation","false","","regular","Secondary CC","7291","","false"
"2026-04-06","Mta*Nyct Paygo","3","posted","Train","Transportation","false","","regular","Secondary CC","7291","","false"
"2026-04-06","Nyct Paygo","3","posted","Train","Transportation","false","","regular","Secondary CC","7291","","false"
"2026-04-06","Spectrum","49.99","posted","Internet","Utilities","false","","regular","Primary CC","4832","","false"
"2026-04-06","Trader Joe's","35.73","posted","Groceries","Food & Drink","false","","regular","Secondary CC","7291","","false"
"2026-04-06","Nyct Paygo","3","posted","Train","Transportation","false","","regular","Secondary CC","7291","","false"
"2026-04-06","Nyct Paygo","2.9","posted","Train","Transportation","false","","regular","Secondary CC","7291","","false"
"2026-04-06","Other Fast Food","21.02","posted","Fast Food","Food & Drink","false","","regular","Debit","3456","","false"
"2026-04-07","Lark Cafe","-119.23","posted","Tips","Income","true","","income","Checking","3456","","false"
"2026-04-07","Costco","16.11","posted","Groceries","Food & Drink","false","","regular","Debit","3456","","false"
"2026-04-07","Devocion","7.7","posted","Cafés","Food & Drink","false","","regular","Primary CC","4832","","false"
"2026-04-07","Uber","18.97","posted","Uber","Transportation","false","","regular","Secondary CC","7291","","false"
"2026-04-07","Nyct Paygo","2.9","posted","Train","Transportation","false","","regular","Secondary CC","7291","","false"
"2026-04-07","Nyct Paygo","2.9","posted","Train","Transportation","false","","regular","Secondary CC","7291","","false"
"2026-04-08","Keep The Change Transfer","-0.43","posted","Savings","Transfer","true","","internal transfer","Checking","3456","","false"
"2026-04-08","Nyct Paygo","2.9","posted","Train","Transportation","false","","regular","Secondary CC","7291","","false"
"2026-04-08","Nyct Paygo","2.9","posted","Train","Transportation","false","","regular","Secondary CC","7291","","false"
"2026-04-09","Nyct Paygo","3","posted","Train","Transportation","false","","regular","Secondary CC","7291","","false"
"2026-04-09","Nyct Paygo","2.9","posted","Train","Transportation","false","","regular","Secondary CC","7291","","false"
"2026-04-09","Nyct Paygo","2.9","posted","Train","Transportation","false","","regular","Secondary CC","7291","","false"
"2026-04-09","Nyct Paygo","2.9","posted","Train","Transportation","false","","regular","Primary CC","4832","","false"
"2026-04-09","Apple.com/bill","6.99","posted","Subscriptions","Entertainment","false","","regular","Primary CC","4832","","true"
"2026-04-10","Nyct Paygo","2.9","posted","Train","Transportation","false","","regular","Secondary CC","7291","","false"
"2026-04-10","Con Edison","121.12","posted","Gas & Electric","Utilities","false","","regular","Checking","3456","","false"
"2026-04-10","Uber","11.19","posted","Uber","Transportation","false","","regular","Primary CC","4832","","false"
"2026-04-10","Other Fast Food","9.53","posted","Fast Food","Food & Drink","false","","regular","Primary CC","4832","","false"
"2026-04-11","Mta*Nyct Paygo","3","posted","Train","Transportation","false","","regular","Secondary CC","7291","","false"
"2026-04-11","Uber","13.24","posted","Uber","Transportation","false","","regular","Debit","3456","","false"
"2026-04-11","Whole Foods","18.64","posted","Groceries","Food & Drink","false","","regular","Primary CC","4832","","false"
"2026-04-12","Other Fast Food","9.06","posted","Fast Food","Food & Drink","false","","regular","Primary CC","4832","","false"
"2026-04-12","Symbioun Payroll","-2550.82","posted","Payroll","Income","true","","income","Checking","3456","","true"
"2026-04-13","Nyct Paygo","2.9","posted","Train","Transportation","false","","regular","Secondary CC","7291","","false"
"2026-04-13","Nyct Paygo","3","posted","Train","Transportation","false","","regular","Secondary CC","7291","","false"
"2026-04-13","Nyct Paygo","2.9","posted","Train","Transportation","false","","regular","Secondary CC","7291","","false"
"2026-04-13","Netflix","23.9","posted","Entertainment","Entertainment","false","","regular","Primary CC","4832","","false"
"2026-04-13","Union Pool","26.31","posted","Bars","Food & Drink","false","","regular","Venmo","9012","","false"
"2026-04-13","Other Merchant","21.75","posted","Other","Other","false","","regular","Debit","3456","","false"
"2026-04-13","Starbucks","3.24","posted","Cafés","Food & Drink","false","","regular","Debit","3456","","false"
"2026-04-14","Navient Student Loan","280","posted","Student Loan","Debt","false","","regular","Checking","3456","","true"
"2026-04-14","Other Entertainment","34.24","posted","Entertainment","Entertainment","false","","regular","Secondary CC","7291","","false"
"2026-04-14","Other Clothing","28.16","posted","Clothing","Shopping","false","","regular","Secondary CC","7291","","false"
"2026-04-14","Nyct Paygo","3","posted","Train","Transportation","false","","regular","Secondary CC","7291","","false"
"2026-04-14","Other Fast Food","12.94","posted","Fast Food","Food & Drink","false","","regular","Primary CC","4832","","false"
"2026-04-14","Sweetgreen","11.12","posted","Fast Food","Food & Drink","false","","regular","Primary CC","4832","","false"
"2026-04-14","Nyct Paygo","2.9","posted","Train","Transportation","false","","regular","Secondary CC","7291","","false"
"2026-04-14","Nyct Paygo","3","posted","Train","Transportation","false","","regular","Secondary CC","7291","","false"
"2026-04-15","Other Grocery","27.14","posted","Groceries","Food & Drink","false","","regular","Secondary CC","7291","","false"
"2026-04-15","Chipotle","13.8","posted","Fast Food","Food & Drink","false","","regular","Secondary CC","7291","","false"
"2026-04-15","Other Café","8.04","posted","Cafés","Food & Drink","false","","regular","Secondary CC","7291","","false"
"2026-04-15","Shake Shack","11.29","posted","Fast Food","Food & Drink","false","","regular","Secondary CC","7291","","false"
"2026-04-15","Square Payroll","-418.69","posted","Side Income","Income","true","","income","Checking","3456","","true"
"2026-04-15","Nyct Paygo","3","posted","Train","Transportation","false","","regular","Secondary CC","7291","","false"
"2026-04-15","Blue Bottle","5.11","posted","Cafés","Food & Drink","false","","regular","Secondary CC","7291","","false"
"2026-04-16","Keep The Change Transfer","-0.97","posted","Savings","Transfer","true","","internal transfer","Checking","3456","","false"
"2026-04-16","Nyct Paygo","2.9","posted","Train","Transportation","false","","regular","Primary CC","4832","","false"
"2026-04-16","Key Food","29.63","posted","Groceries","Food & Drink","false","","regular","Primary CC","4832","","false"
"2026-04-16","Other Restaurant","54.66","posted","Restaurants","Food & Drink","false","","regular","Venmo","9012","","false"
"2026-04-16","Okonomi","25.12","posted","Restaurants","Food & Drink","false","","regular","Primary CC","4832","","false"
"2026-04-16","Nyct Paygo","2.9","posted","Train","Transportation","false","","regular","Secondary CC","7291","","false"
"2026-04-17","Keep The Change Transfer","-0.16","posted","Savings","Transfer","true","","internal transfer","Checking","3456","","false"
"2026-04-17","Venmo Cashout","30.97","posted","Transfer","Transfer","true","","internal transfer","Checking","3456","","false"
"2026-04-17","Paintbox","39","posted","Nails","Personal Care","false","","regular","Primary CC","4832","","false"
"2026-04-18","C-Town","35.35","posted","Groceries","Food & Drink","false","","regular","Primary CC","4832","","false"
"2026-04-18","Nyct Paygo","2.9","posted","Train","Transportation","false","","regular","Secondary CC","7291","","false"
"2026-04-18","Uber","7.05","posted","Uber","Transportation","false","","regular","Primary CC","4832","","false"
"2026-04-18","Walgreens","28.51","posted","Other","Other","false","","regular","Primary CC","4832","","false"
"2026-04-18","AMC Theatres","39.44","posted","Entertainment","Entertainment","false","","regular","Secondary CC","7291","","false"
"2026-04-19","Whole Foods","29.96","posted","Groceries","Food & Drink","false","","regular","Secondary CC","7291","","false"
"2026-04-19","Other Restaurant","43.47","posted","Restaurants","Food & Drink","false","","regular","Primary CC","4832","","false"
"2026-04-19","McDonald's","19.98","posted","Fast Food","Food & Drink","false","","regular","Secondary CC","7291","","false"
"2026-04-19","Credit Card Payment","-1584.97","posted","Credit Card Payment","Transfer","true","","internal transfer","Checking","3456","","true"
"2026-04-19","Other Clothing","96.11","posted","Clothing","Shopping","false","","regular","Primary CC","4832","","false"
"2026-04-20","Nyct Paygo","2.9","posted","Train","Transportation","false","","regular","Secondary CC","7291","","false"
"2026-04-20","Nyct Paygo","2.9","posted","Train","Transportation","false","","regular","Secondary CC","7291","","false"
"2026-04-20","Shake Shack","15.15","posted","Fast Food","Food & Drink","false","","regular","Primary CC","4832","","false"
"2026-04-20","Nyct Paygo","3","posted","Train","Transportation","false","","regular","Secondary CC","7291","","false"
"2026-04-20","Nyct Paygo","2.9","posted","Train","Transportation","false","","regular","Secondary CC","7291","","false"
"2026-04-20","Other Café","8.67","posted","Cafés","Food & Drink","false","","regular","Primary CC","4832","","false"
"2026-04-20","Chipotle","18.44","posted","Fast Food","Food & Drink","false","","regular","Debit","3456","","false"
"2026-04-21","AMC Theatres","34.46","posted","Entertainment","Entertainment","false","","regular","Secondary CC","7291","","false"
"2026-04-21","Venmo Cashout","55.53","posted","Transfer","Transfer","true","","internal transfer","Checking","3456","","false"
"2026-04-21","Nyct Paygo","2.9","posted","Train","Transportation","false","","regular","Secondary CC","7291","","false"
"2026-04-22","Nyct Paygo","3","posted","Train","Transportation","false","","regular","Secondary CC","7291","","false"
"2026-04-22","Interest Payment","-2.27","posted","Interest","Income","true","","income","Savings","6789","","true"
"2026-04-22","Other Bar","23.56","posted","Bars","Food & Drink","false","","regular","Secondary CC","7291","","false"
"2026-04-23","Nyct Paygo","2.9","posted","Train","Transportation","false","","regular","Secondary CC","7291","","false"
"2026-04-23","Nyct Paygo","2.9","posted","Train","Transportation","false","","regular","Secondary CC","7291","","false"
"2026-04-23","Chipotle","14.95","posted","Fast Food","Food & Drink","false","","regular","Primary CC","4832","","false"
"2026-04-23","Amazon","19.45","posted","Shops","Shopping","false","","regular","Secondary CC","7291","","false"
"2026-04-23","Sweetleaf","6.53","posted","Cafés","Food & Drink","false","","regular","Primary CC","4832","","false"
"2026-04-23","Devocion","3.88","posted","Cafés","Food & Drink","false","","regular","Debit","3456","","false"
"2026-04-23","Mta*Nyct Paygo","2.9","posted","Train","Transportation","false","","regular","Secondary CC","7291","","false"
"2026-04-24","Land To Sea","5.48","posted","Cafés","Food & Drink","false","","regular","Secondary CC","7291","","false"
"2026-04-24","Nyct Paygo","2.9","posted","Train","Transportation","false","","regular","Primary CC","4832","","false"
"2026-04-24","Land To Sea","10.87","posted","Cafés","Food & Drink","false","","regular","Primary CC","4832","","false"
"2026-04-24","Other Grocery","13.05","posted","Groceries","Food & Drink","false","","regular","Secondary CC","7291","","false"
"2026-04-25","Mta*Nyct Paygo","3","posted","Train","Transportation","false","","regular","Secondary CC","7291","","false"
"2026-04-25","Other Café","4.61","posted","Cafés","Food & Drink","false","","regular","Secondary CC","7291","","false"
"2026-04-25","Walgreens","27.35","posted","Other","Other","false","","regular","Debit","3456","","false"
"2026-04-25","H&M","67.63","posted","Clothing","Shopping","false","","regular","Secondary CC","7291","","false"
"2026-04-26","Mta*Nyct Paygo","3","posted","Train","Transportation","false","","regular","Primary CC","4832","","false"
"2026-04-26","Symbioun Payroll","-2524.76","posted","Payroll","Income","true","","income","Checking","3456","","true"
"2026-04-26","Other Restaurant","75.03","posted","Restaurants","Food & Drink","false","","regular","Primary CC","4832","","false"
"2026-04-26","Metropolitan Tra","2.9","posted","Train","Transportation","false","","regular","Secondary CC","7291","","false"
"2026-04-26","Starbucks","6.81","posted","Cafés","Food & Drink","false","","regular","Primary CC","4832","","false"
"2026-04-27","Five Guys","10.93","posted","Fast Food","Food & Drink","false","","regular","Debit","3456","","false"
"2026-04-27","Chick-Fil-A","16.94","posted","Fast Food","Food & Drink","false","","regular","Primary CC","4832","","false"
"2026-04-27","Nyct Paygo","3","posted","Train","Transportation","false","","regular","Secondary CC","7291","","false"
"2026-04-27","Other Grocery","27.95","posted","Groceries","Food & Drink","false","","regular","Debit","3456","","false"
"2026-04-28","T-Mobile","30","posted","Phone","Utilities","false","","regular","Primary CC","4832","","false"
"2026-04-28","Other Entertainment","21.31","posted","Entertainment","Entertainment","false","","regular","Secondary CC","7291","","false"
"2026-04-28","Laundromat","15","posted","Laundry","Personal Care","false","","regular","Debit","3456","","false"
"2026-04-28","Amazon","32.76","posted","Shops","Shopping","false","","regular","Primary CC","4832","","false"
"2026-04-29","Cleaners","20","posted","Laundry","Personal Care","false","","regular","Secondary CC","7291","","false"
"2026-04-29","Square Payroll","-416.07","posted","Side Income","Income","true","","income","Checking","3456","","true"
"2026-04-29","Metropolitan Tra","2.9","posted","Train","Transportation","false","","regular","Secondary CC","7291","","false"
"2026-04-29","Nyct Paygo","2.9","posted","Train","Transportation","false","","regular","Secondary CC","7291","","false"
"2026-04-29","Okonomi","71.88","posted","Restaurants","Food & Drink","false","","regular","Secondary CC","7291","","false"
"2026-04-30","Nyct Paygo","2.9","posted","Train","Transportation","false","","regular","Secondary CC","7291","","false"
"2026-04-30","Nyct Paygo","2.9","posted","Train","Transportation","false","","regular","Secondary CC","7291","","false"
"2026-04-30","Amazon","108.35","posted","Shops","Shopping","false","","regular","Debit","3456","","false"
"2026-05-01","Mta*Nyct Paygo","2.9","posted","Train","Transportation","false","","regular","Secondary CC","7291","","false"
"2026-05-02","Cleaners","12","posted","Laundry","Personal Care","false","","regular","Secondary CC","7291","","false"
"2026-05-02","Whole Foods","20.54","posted","Groceries","Food & Drink","false","","regular","Primary CC","4832","","false"
"2026-05-02","Food Bazaar","31.82","posted","Groceries","Food & Drink","false","","regular","Debit","3456","","false"
"2026-05-02","Blue Bottle","8.09","posted","Cafés","Food & Drink","false","","regular","Primary CC","4832","","false"
"2026-05-02","Other Fast Food","8.54","posted","Fast Food","Food & Drink","false","","regular","Secondary CC","7291","","false"
"2026-05-03","Trader Joe's","30.66","posted","Groceries","Food & Drink","false","","regular","Primary CC","4832","","false"
"2026-05-03","Partners Coffee","4.86","posted","Cafés","Food & Drink","false","","regular","Debit","3456","","false"
"2026-05-03","The Levee","16.56","posted","Bars","Food & Drink","false","","regular","Primary CC","4832","","false"
"2026-05-03","Uniqlo","50.61","posted","Clothing","Shopping","false","","regular","Primary CC","4832","","false"
"2026-05-03","Los Tacos","25.02","posted","Restaurants","Food & Drink","false","","regular","Secondary CC","7291","","false"
"2026-05-04","C-Town","65.22","posted","Groceries","Food & Drink","false","","regular","Primary CC","4832","","false"
"2026-05-04","Conductor Inc Deposit","-743.77","posted","Side Income","Income","true","","income","Checking","3456","","false"
"2026-05-04","Other Merchant","17.62","posted","Other","Other","false","","regular","Primary CC","4832","","false"
"2026-05-05","Metropolitan Tra","2.9","posted","Train","Transportation","false","","regular","Secondary CC","7291","","false"
"2026-05-05","Other Entertainment","17.78","posted","Entertainment","Entertainment","false","","regular","Primary CC","4832","","false"
"2026-05-05","Nyct Paygo","2.9","posted","Train","Transportation","false","","regular","Secondary CC","7291","","false"
"2026-05-06","Café Regular","7.91","posted","Cafés","Food & Drink","false","","regular","Secondary CC","7291","","false"
"2026-05-06","Nyct Paygo","2.9","posted","Train","Transportation","false","","regular","Secondary CC","7291","","false"
"2026-05-06","Nyct Paygo","2.9","posted","Train","Transportation","false","","regular","Secondary CC","7291","","false"
"2026-05-06","Nyct Paygo","2.9","posted","Train","Transportation","false","","regular","Secondary CC","7291","","false"
"2026-05-06","Target","15.07","posted","Groceries","Food & Drink","false","","regular","Secondary CC","7291","","false"
"2026-05-07","Other Entertainment","29.7","posted","Entertainment","Entertainment","false","","regular","Primary CC","4832","","false"
"2026-05-07","H&M","25.05","posted","Clothing","Shopping","false","","regular","Secondary CC","7291","","false"
"2026-05-07","Mta*Nyct Paygo","2.9","posted","Train","Transportation","false","","regular","Secondary CC","7291","","false"
"2026-05-07","Nyct Paygo","2.9","posted","Train","Transportation","false","","regular","Secondary CC","7291","","false"
"2026-05-07","Other Clothing","34.06","posted","Clothing","Shopping","false","","regular","Debit","3456","","false"
"2026-05-07","Shake Shack","26.2","posted","Fast Food","Food & Drink","false","","regular","Secondary CC","7291","","false"
"2026-05-07","Nyct Paygo","2.9","posted","Train","Transportation","false","","regular","Secondary CC","7291","","false"
"2026-05-08","Nyct Paygo","3","posted","Train","Transportation","false","","regular","Secondary CC","7291","","false"
"2026-05-08","Nyct Paygo","2.9","posted","Train","Transportation","false","","regular","Secondary CC","7291","","false"
"2026-05-08","Nyct Paygo","2.9","posted","Train","Transportation","false","","regular","Secondary CC","7291","","false"
"2026-05-09","Apple.com/bill","6.99","posted","Subscriptions","Entertainment","false","","regular","Primary CC","4832","","true"
"2026-05-09","Devocion","4.52","posted","Cafés","Food & Drink","false","","regular","Secondary CC","7291","","false"
"2026-05-01","Rent Payment","1350","posted","Rent","Housing","false","","regular","Checking","3456","","true"
