"date","name","amount","status","category","parent category","excluded","tags","type","account","account mask","note","recurring"
"2024-05-01","Uber","6.8","posted","Rideshare","Car & Transport","false","","regular","Chase Sapphire Reserve (9234)","","",""
"2024-05-01","Aire Ancient Baths","39.93","posted","Personal Care","Personal Care","false","","regular","Amex Gold (3012)","","",""
"2024-05-01","PATH Tapp Paygo","2.75","posted","Transit","Car & Transport","false","","regular","Chase Sapphire Reserve (9234)","","",""
"2024-05-01","Zelle - Landlord","3200.0","posted","Rent","","false","","regular","Chase Checking (5567)","","",""
"2024-05-01","Blue Bottle Coffee","5.57","posted","Cafés","Food & Drink","false","","regular","Amex Gold (3012)","","",""
"2024-05-01","Abraço","7.89","posted","Cafés","Food & Drink","false","","regular","Amex Gold (3012)","","",""
"2024-05-02","Grubhub","20.82","posted","Food Delivery","Food & Drink","false","","regular","Amex Gold (3012)","","",""
"2024-05-02","Uber","31.29","posted","Rideshare","Car & Transport","false","","regular","Chase Sapphire Reserve (9234)","","",""
"2024-05-02","NYCT Paygo","2.9","posted","Transit","Car & Transport","false","","regular","Chase Sapphire Reserve (9234)","","",""
"2024-05-02","NYCT Paygo","2.9","posted","Transit","Car & Transport","false","","regular","Chase Sapphire Reserve (9234)","","",""
"2024-05-03","ADP Payroll - Direct Deposit","-4720.06","posted","Income","","true","","income","Chase Checking (5567)","","",""
"2024-05-03","Apple One","17.99","posted","Subscriptions","","false","","regular","Chase Checking (5567)","","",""
"2024-05-03","iCloud Storage","9.99","posted","Subscriptions","","false","","regular","Chase Checking (5567)","","",""
"2024-05-03","Tatiana","11.04","posted","Restaurants","Food & Drink","false","","regular","Chase Sapphire Reserve (9234)","","",""
"2024-05-03","MTA*NYCT Paygo","2.75","posted","Transit","Car & Transport","false","","regular","Chase Sapphire Reserve (9234)","","",""
"2024-05-03","Transfer to Marcus Savings","1800.1","posted","Savings Transfer","","true","","internal transfer","Chase Checking (5567)","","",""
"2024-05-03","Uber","10.43","posted","Rideshare","Car & Transport","false","","regular","Chase Sapphire Reserve (9234)","","",""
"2024-05-04","Seamless","49.38","posted","Food Delivery","Food & Drink","false","","regular","Amex Gold (3012)","","",""
"2024-05-04","NYCT Paygo","2.9","posted","Transit","Car & Transport","false","","regular","Chase Sapphire Reserve (9234)","","",""
"2024-05-05","Venmo - Uber Split","57.85","posted","Venmo Social","","false","","regular","Venmo","","",""
"2024-05-05","Maison Premiere","83.93","posted","Bars","Food & Drink","false","","regular","Chase Sapphire Reserve (9234)","","",""
"2024-05-05","ClassPass","14.99","posted","Subscriptions","","false","","regular","Chase Checking (5567)","","",""
"2024-05-05","Ruby's Cafe","39.93","posted","Brunch","Food & Drink","false","","regular","Amex Gold (3012)","","",""
"2024-05-05","MTA*NYCT Paygo","2.9","posted","Transit","Car & Transport","false","","regular","Chase Sapphire Reserve (9234)","","",""
"2024-05-05","AMC Theatres","52.1","posted","Entertainment","","false","","regular","Chase Sapphire Reserve (9234)","","",""
"2024-05-05","The Met","21.44","posted","Entertainment","","false","","regular","Chase Sapphire Reserve (9234)","","",""
"2024-05-06","Birch Coffee","3.56","posted","Cafés","Food & Drink","false","","regular","Amex Gold (3012)","","",""
"2024-05-06","Sugarfish","23.7","posted","Restaurants","Food & Drink","false","","regular","Chase Sapphire Reserve (9234)","","",""
"2024-05-07","Joe Coffee","3.56","posted","Cafés","Food & Drink","false","","regular","Amex Gold (3012)","","",""
"2024-05-07","Venmo - Uber Split","31.29","posted","Venmo Social","","false","","regular","Venmo","","",""
"2024-05-07","NYCT Paygo","2.9","posted","Transit","Car & Transport","false","","regular","Chase Sapphire Reserve (9234)","","",""
"2024-05-08","Spotify","12.99","posted","Subscriptions","","false","","regular","Chase Checking (5567)","","",""
"2024-05-08","Netflix","15.49","posted","Subscriptions","","false","","regular","Chase Checking (5567)","","",""
"2024-05-08","NYCT Paygo","2.9","posted","Transit","Car & Transport","false","","regular","Chase Sapphire Reserve (9234)","","",""
"2024-05-09","Chase CC Payment - Sapphire Reserve","2633.04","posted","Credit Card Payment","","true","","internal transfer","Chase Checking (5567)","","",""
"2024-05-09","Uber Eats","66.27","posted","Food Delivery","Food & Drink","false","","regular","Amex Gold (3012)","","",""
"2024-05-09","DoorDash","17.41","posted","Food Delivery","Food & Drink","false","","regular","Amex Gold (3012)","","",""
"2024-05-09","Uber Eats","23.82","posted","Food Delivery","Food & Drink","false","","regular","Amex Gold (3012)","","",""
"2024-05-09","DoorDash","18.76","posted","Food Delivery","Food & Drink","false","","regular","Amex Gold (3012)","","",""
"2024-05-10","DoorDash","19.39","posted","Food Delivery","Food & Drink","false","","regular","Amex Gold (3012)","","",""
"2024-05-10","PATH Tapp Paygo","3.0","posted","Transit","Car & Transport","false","","regular","Chase Sapphire Reserve (9234)","","",""
"2024-05-10","Devocion","5.69","posted","Cafés","Food & Drink","false","","regular","Amex Gold (3012)","","",""
"2024-05-10","DoorDash","20.63","posted","Food Delivery","Food & Drink","false","","regular","Amex Gold (3012)","","",""
"2024-05-11","Whole Foods Market","42.64","posted","Groceries","Food & Drink","false","","regular","Amex Gold (3012)","","",""
"2024-05-11","DoorDash","33.56","posted","Food Delivery","Food & Drink","false","","regular","Amex Gold (3012)","","",""
"2024-05-11","NYCT Paygo","3.0","posted","Transit","Car & Transport","false","","regular","Chase Sapphire Reserve (9234)","","",""
"2024-05-11","Ruby's Cafe","34.15","posted","Brunch","Food & Drink","false","","regular","Amex Gold (3012)","","",""
"2024-05-11","Grubhub","13.16","posted","Food Delivery","Food & Drink","false","","regular","Amex Gold (3012)","","",""
"2024-05-11","Bubby's","45.67","posted","Brunch","Food & Drink","false","","regular","Amex Gold (3012)","","",""
"2024-05-11","Heyday Facial","27.84","posted","Personal Care","Personal Care","false","","regular","Amex Gold (3012)","","",""
"2024-05-12","DoorDash","21.9","posted","Food Delivery","Food & Drink","false","","regular","Amex Gold (3012)","","",""
"2024-05-12","TJ Maxx","17.06","posted","General Shopping","Shopping","false","","regular","Chase Sapphire Reserve (9234)","","",""
"2024-05-13","Gristedes","16.9","posted","Groceries","Food & Drink","false","","regular","Amex Gold (3012)","","",""
"2024-05-13","Via","16.78","posted","Rideshare","Car & Transport","false","","regular","Chase Sapphire Reserve (9234)","","",""
"2024-05-13","Flat Iron","49.52","posted","London Expenses","","false","","regular","Chase Sapphire Reserve (9234)","","",""
"2024-05-14","Devocion","6.78","posted","Cafés","Food & Drink","false","","regular","Amex Gold (3012)","","",""
"2024-05-14","NYCT Paygo","2.75","posted","Transit","Car & Transport","false","","regular","Chase Sapphire Reserve (9234)","","",""
"2024-05-14","NYCT Paygo","2.9","posted","Transit","Car & Transport","false","","regular","Chase Sapphire Reserve (9234)","","",""
"2024-05-14","MTA*NYCT Paygo","2.9","posted","Transit","Car & Transport","false","","regular","Chase Sapphire Reserve (9234)","","",""
"2024-05-14","DoorDash","22.48","posted","Food Delivery","Food & Drink","false","","regular","Amex Gold (3012)","","",""
"2024-05-14","Uber Eats","19.2","posted","Food Delivery","Food & Drink","false","","regular","Amex Gold (3012)","","",""
"2024-05-14","CVS Pharmacy","15.84","posted","Healthcare","","false","","regular","Chase Checking (5567)","","",""
"2024-05-14","Uber Eats","24.87","posted","Food Delivery","Food & Drink","false","","regular","Amex Gold (3012)","","",""
"2024-05-14","Grubhub","18.63","posted","Food Delivery","Food & Drink","false","","regular","Amex Gold (3012)","","",""
"2024-05-15","Seamless","32.67","posted","Food Delivery","Food & Drink","false","","regular","Amex Gold (3012)","","",""
"2024-05-16","MTA*NYCT Paygo","2.9","posted","Transit","Car & Transport","false","","regular","Chase Sapphire Reserve (9234)","","",""
"2024-05-17","Equinox+","266.71","posted","Gym Membership","","false","","regular","Chase Checking (5567)","","",""
"2024-05-17","MTA*NYCT Paygo","3.0","posted","Transit","Car & Transport","false","","regular","Chase Sapphire Reserve (9234)","","",""
"2024-05-17","Transfer to Marcus Savings","1530.07","posted","Savings Transfer","","true","","internal transfer","Chase Checking (5567)","","",""
"2024-05-17","ADP Payroll - Direct Deposit","-4749.47","posted","Income","","true","","income","Chase Checking (5567)","","",""
"2024-05-17","Estela","36.0","posted","Restaurants","Food & Drink","false","","regular","Chase Sapphire Reserve (9234)","","",""
"2024-05-17","Grubhub","22.37","posted","Food Delivery","Food & Drink","false","","regular","Amex Gold (3012)","","",""
"2024-05-18","Seamless","41.59","posted","Food Delivery","Food & Drink","false","","regular","Amex Gold (3012)","","",""
"2024-05-18","PATH Tapp Paygo","3.0","posted","Transit","Car & Transport","false","","regular","Chase Sapphire Reserve (9234)","","",""
"2024-05-18","DoorDash","11.87","posted","Food Delivery","Food & Drink","false","","regular","Amex Gold (3012)","","",""
"2024-05-19","TJ Maxx","40.12","posted","General Shopping","Shopping","false","","regular","Chase Sapphire Reserve (9234)","","",""
"2024-05-20","Blue Bottle Coffee","13.15","posted","Cafés","Food & Drink","false","","regular","Amex Gold (3012)","","",""
"2024-05-20","Chase CC Payment - Sapphire Reserve","2273.97","posted","Credit Card Payment","","true","","internal transfer","Chase Checking (5567)","","",""
"2024-05-20","Starbucks","5.48","posted","Cafés","Food & Drink","false","","regular","Amex Gold (3012)","","",""
"2024-05-20","MTA*NYCT Paygo","2.75","posted","Transit","Car & Transport","false","","regular","Chase Sapphire Reserve (9234)","","",""
"2024-05-21","Clinton St. Baking","27.78","posted","Brunch","Food & Drink","false","","regular","Amex Gold (3012)","","",""
"2024-05-21","DoorDash","13.09","posted","Food Delivery","Food & Drink","false","","regular","Amex Gold (3012)","","",""
"2024-05-21","DoorDash","25.7","posted","Food Delivery","Food & Drink","false","","regular","Amex Gold (3012)","","",""
"2024-05-21","Bubby's","39.62","posted","Brunch","Food & Drink","false","","regular","Amex Gold (3012)","","",""
"2024-05-22","Starbucks","3.78","posted","Cafés","Food & Drink","false","","regular","Amex Gold (3012)","","",""
"2024-05-23","Seamless","28.97","posted","Food Delivery","Food & Drink","false","","regular","Amex Gold (3012)","","",""
"2024-05-23","DoorDash","53.39","posted","Food Delivery","Food & Drink","false","","regular","Amex Gold (3012)","","",""
"2024-05-23","Seamless","12.11","posted","Food Delivery","Food & Drink","false","","regular","Amex Gold (3012)","","",""
"2024-05-23","Whole Foods Market","33.13","posted","Groceries","Food & Drink","false","","regular","Amex Gold (3012)","","",""
"2024-05-24","Caviar","13.13","posted","Food Delivery","Food & Drink","false","","regular","Amex Gold (3012)","","",""
"2024-05-24","NYCT Paygo","3.0","posted","Transit","Car & Transport","false","","regular","Chase Sapphire Reserve (9234)","","",""
"2024-05-24","Joe Coffee","16.72","posted","Cafés","Food & Drink","false","","regular","Amex Gold (3012)","","",""
"2024-05-24","Unknown","3200.0","posted","Rent","","false","","regular","Chase Checking (5567)","","",""
"2024-05-25","Two Hands","91.01","posted","Brunch","Food & Drink","false","","regular","Amex Gold (3012)","","",""
"2024-05-25","Uber","60.87","posted","Rideshare","Car & Transport","false","","regular","Chase Sapphire Reserve (9234)","","",""
"2024-05-25","West Elm","28.13","posted","General Shopping","Shopping","false","","regular","Chase Sapphire Reserve (9234)","","",""
"2024-05-25","MTA*NYCT Paygo","2.75","posted","Transit","Car & Transport","false","","regular","Chase Sapphire Reserve (9234)","","",""
"2024-05-26","DoorDash","17.13","posted","Food Delivery","Food & Drink","false","","regular","Amex Gold (3012)","","",""
"2024-05-26","Lululemon","15.07","posted","General Shopping","Shopping","false","","regular","Chase Sapphire Reserve (9234)","","",""
"2024-05-26","Joe Coffee","22.4","posted","Cafés","Food & Drink","false","","regular","Amex Gold (3012)","","",""
"2024-05-26","Patent Pending","25.19","posted","Bars","Food & Drink","false","","regular","Chase Sapphire Reserve (9234)","","",""
"2024-05-27","DoorDash","23.68","posted","Food Delivery","Food & Drink","false","","regular","Amex Gold (3012)","","",""
"2024-05-27","MTA*NYCT Paygo","2.9","posted","Transit","Car & Transport","false","","regular","Chase Sapphire Reserve (9234)","","",""
"2024-05-27","PATH Tapp Paygo","2.9","posted","Transit","Car & Transport","false","","regular","Chase Sapphire Reserve (9234)","","",""
"2024-05-27","Trader Joe's","39.38","posted","Groceries","Food & Drink","false","","regular","Amex Gold (3012)","","",""
"2024-05-27","Seamless","46.98","posted","Food Delivery","Food & Drink","false","","regular","Amex Gold (3012)","","",""
"2024-05-27","DoorDash","32.44","posted","Food Delivery","Food & Drink","false","","regular","Amex Gold (3012)","","",""
"2024-05-27","Amex Payment - Gold Card","2099.74","posted","Credit Card Payment","","true","","internal transfer","Chase Checking (5567)","","",""
"2024-05-28","MTA*NYCT Paygo","2.9","posted","Transit","Car & Transport","false","","regular","Chase Sapphire Reserve (9234)","","",""
"2024-05-28","NYCT Paygo","3.0","posted","Transit","Car & Transport","false","","regular","Chase Sapphire Reserve (9234)","","",""
"2024-05-28","DoorDash","16.86","posted","Food Delivery","Food & Drink","false","","regular","Amex Gold (3012)","","",""
"2024-05-28","DoorDash","28.91","posted","Food Delivery","Food & Drink","false","","regular","Amex Gold (3012)","","",""
"2024-05-28","Marcus by Goldman Sachs - Interest","-61.33","posted","Interest Income","","true","","income","Marcus Savings (8841)","","",""
"2024-05-28","Uber Eats","30.15","posted","Food Delivery","Food & Drink","false","","regular","Amex Gold (3012)","","",""
"2024-05-28","Zara","47.97","posted","Clothing","Shopping","false","","regular","Amex Gold (3012)","","",""
"2024-05-29","DoorDash","9.34","posted","Food Delivery","Food & Drink","false","","regular","Amex Gold (3012)","","",""
"2024-05-29","Trader Joe's","35.11","posted","Groceries","Food & Drink","false","","regular","Amex Gold (3012)","","",""
"2024-05-30","MTA*NYCT Paygo","2.9","posted","Transit","Car & Transport","false","","regular","Chase Sapphire Reserve (9234)","","",""
"2024-05-30","NYCT Paygo","2.9","posted","Transit","Car & Transport","false","","regular","Chase Sapphire Reserve (9234)","","",""
"2024-05-30","DoorDash","39.11","posted","Food Delivery","Food & Drink","false","","regular","Amex Gold (3012)","","",""
"2024-05-30","Gregory's Coffee","5.52","posted","Cafés","Food & Drink","false","","regular","Amex Gold (3012)","","",""
"2024-05-31","Transfer to Marcus Savings","1677.61","posted","Savings Transfer","","true","","internal transfer","Chase Checking (5567)","","",""
"2024-05-31","ADP Payroll - Direct Deposit","-4787.43","posted","Income","","true","","income","Chase Checking (5567)","","",""
"2024-05-31","Unknown","3200.0","posted","Rent","","false","","regular","Chase Checking (5567)","","",""
"2024-05-31","DoorDash","41.86","posted","Food Delivery","Food & Drink","false","","regular","Amex Gold (3012)","","",""
"2024-05-31","DoorDash","14.02","posted","Food Delivery","Food & Drink","false","","regular","Amex Gold (3012)","","",""
"2024-05-31","Nike","8.77","posted","General Shopping","Shopping","false","","regular","Chase Sapphire Reserve (9234)","","",""
"2024-06-01","Bar Goto","18.67","posted","Bars","Food & Drink","false","","regular","Chase Sapphire Reserve (9234)","","",""
"2024-06-01","Apple One","17.99","posted","Subscriptions","","false","","regular","Chase Checking (5567)","","",""
"2024-06-01","Joe Coffee","15.89","posted","Cafés","Food & Drink","false","","regular","Amex Gold (3012)","","",""
"2024-06-01","DoorDash","42.05","posted","Food Delivery","Food & Drink","false","","regular","Amex Gold (3012)","","",""
"2024-06-01","DoorDash","26.62","posted","Food Delivery","Food & Drink","false","","regular","Amex Gold (3012)","","",""
"2024-06-01","Whole Foods Market","26.63","posted","Groceries","Food & Drink","false","","regular","Amex Gold (3012)","","",""
"2024-06-01","DoorDash","32.13","posted","Food Delivery","Food & Drink","false","","regular","Amex Gold (3012)","","",""
"2024-06-01","DoorDash","47.56","posted","Food Delivery","Food & Drink","false","","regular","Amex Gold (3012)","","",""
"2024-06-01","ClassPass","14.99","posted","Subscriptions","","false","","regular","Chase Checking (5567)","","",""
"2024-06-01","Zelle - Landlord","3206.25","posted","Rent","","false","","regular","Chase Checking (5567)","","",""
"2024-06-01","Clinton St. Baking","25.81","posted","Brunch","Food & Drink","false","","regular","Amex Gold (3012)","","",""
"2024-06-02","Café Mogador","20.58","posted","Brunch","Food & Drink","false","","regular","Amex Gold (3012)","","",""
"2024-06-02","Café Mogador","50.57","posted","Brunch","Food & Drink","false","","regular","Amex Gold (3012)","","",""
"2024-06-02","Netflix","15.49","posted","Subscriptions","","false","","regular","Chase Checking (5567)","","",""
"2024-06-02","Gramercy Tavern","44.55","posted","Restaurants","Food & Drink","false","","regular","Chase Sapphire Reserve (9234)","","",""
"2024-06-02","Spotify","12.99","posted","Subscriptions","","false","","regular","Chase Checking (5567)","","",""
"2024-06-02","Uber Eats","28.81","posted","Food Delivery","Food & Drink","false","","regular","Amex Gold (3012)","","",""
"2024-06-03","PATH Tapp Paygo","3.0","posted","Transit","Car & Transport","false","","regular","Chase Sapphire Reserve (9234)","","",""
"2024-06-03","La Colombe","6.78","posted","Cafés","Food & Drink","false","","regular","Amex Gold (3012)","","",""
"2024-06-04","PATH Tapp Paygo","2.9","posted","Transit","Car & Transport","false","","regular","Chase Sapphire Reserve (9234)","","",""
"2024-06-05","iCloud Storage","9.99","posted","Subscriptions","","false","","regular","Chase Checking (5567)","","",""
"2024-06-05","Chase CC Payment - Sapphire Reserve","1502.46","posted","Credit Card Payment","","true","","internal transfer","Chase Checking (5567)","","",""
"2024-06-06","PATH Tapp Paygo","3.0","posted","Transit","Car & Transport","false","","regular","Chase Sapphire Reserve (9234)","","",""
"2024-06-06","Venmo - Uber Split","54.05","posted","Venmo Social","","false","","regular","Venmo","","",""
"2024-06-06","Starbucks","3.03","posted","Cafés","Food & Drink","false","","regular","Amex Gold (3012)","","",""
"2024-06-06","MTA*NYCT Paygo","2.9","posted","Transit","Car & Transport","false","","regular","Chase Sapphire Reserve (9234)","","",""
"2024-06-06","NYCT Paygo","2.9","posted","Transit","Car & Transport","false","","regular","Chase Sapphire Reserve (9234)","","",""
"2024-06-06","Abraço","7.11","posted","Cafés","Food & Drink","false","","regular","Amex Gold (3012)","","",""
"2024-06-07","Blue Bottle Coffee","5.35","posted","Cafés","Food & Drink","false","","regular","Amex Gold (3012)","","",""
"2024-06-07","DoorDash","13.17","posted","Food Delivery","Food & Drink","false","","regular","Amex Gold (3012)","","",""
"2024-06-07","Starbucks","5.37","posted","Cafés","Food & Drink","false","","regular","Amex Gold (3012)","","",""
"2024-06-07","Venmo - Brunch Split","15.34","posted","Venmo Social","","false","","regular","Venmo","","",""
"2024-06-07","Y7 Studio","29.05","posted","Fitness Classes","","false","","regular","Chase Checking (5567)","","",""
"2024-06-07","Sugarfish","23.79","posted","Restaurants","Food & Drink","false","","regular","Chase Sapphire Reserve (9234)","","",""
"2024-06-07","DoorDash","40.19","posted","Food Delivery","Food & Drink","false","","regular","Amex Gold (3012)","","",""
"2024-06-07","DoorDash","8.59","posted","Food Delivery","Food & Drink","false","","regular","Amex Gold (3012)","","",""
"2024-06-08","Uber Eats","15.97","posted","Food Delivery","Food & Drink","false","","regular","Amex Gold (3012)","","",""
"2024-06-08","Caviar","91.14","posted","Food Delivery","Food & Drink","false","","regular","Amex Gold (3012)","","",""
"2024-06-08","Venmo - Friend Split","9.26","posted","Venmo Social","","false","","regular","Venmo","","",""
"2024-06-09","Bar Goto","19.28","posted","Bars","Food & Drink","false","","regular","Chase Sapphire Reserve (9234)","","",""
"2024-06-09","Venmo - Brunch Split","25.44","posted","Venmo Social","","false","","regular","Venmo","","",""
"2024-06-09","Olmsted","42.24","posted","Restaurants","Food & Drink","false","","regular","Chase Sapphire Reserve (9234)","","",""
"2024-06-09","Patent Pending","56.52","posted","Bars","Food & Drink","false","","regular","Chase Sapphire Reserve (9234)","","",""
"2024-06-09","Grubhub","16.97","posted","Food Delivery","Food & Drink","false","","regular","Amex Gold (3012)","","",""
"2024-06-10","Gregory's Coffee","4.07","posted","Cafés","Food & Drink","false","","regular","Amex Gold (3012)","","",""
"2024-06-10","Seamless","58.29","posted","Food Delivery","Food & Drink","false","","regular","Amex Gold (3012)","","",""
"2024-06-10","Caviar","26.61","posted","Food Delivery","Food & Drink","false","","regular","Amex Gold (3012)","","",""
"2024-06-10","Lyft","14.91","posted","Rideshare","Car & Transport","false","","regular","Chase Sapphire Reserve (9234)","","",""
"2024-06-10","MTA*NYCT Paygo","3.0","posted","Transit","Car & Transport","false","","regular","Chase Sapphire Reserve (9234)","","",""
"2024-06-10","DoorDash","38.3","posted","Food Delivery","Food & Drink","false","","regular","Amex Gold (3012)","","",""
"2024-06-11","Uber","5.16","posted","Rideshare","Car & Transport","false","","regular","Chase Sapphire Reserve (9234)","","",""
"2024-06-11","MTA*NYCT Paygo","2.9","posted","Transit","Car & Transport","false","","regular","Chase Sapphire Reserve (9234)","","",""
"2024-06-11","DoorDash","8.36","posted","Food Delivery","Food & Drink","false","","regular","Amex Gold (3012)","","",""
"2024-06-12","La Colombe","10.11","posted","Cafés","Food & Drink","false","","regular","Amex Gold (3012)","","",""
"2024-06-12","DoorDash","30.44","posted","Food Delivery","Food & Drink","false","","regular","Amex Gold (3012)","","",""
"2024-06-12","DoorDash","40.17","posted","Food Delivery","Food & Drink","false","","regular","Amex Gold (3012)","","",""
"2024-06-12","DoorDash","43.37","posted","Food Delivery","Food & Drink","false","","regular","Amex Gold (3012)","","",""
"2024-06-12","Starbucks","6.68","posted","Cafés","Food & Drink","false","","regular","Amex Gold (3012)","","",""
"2024-06-12","Uber","21.77","posted","Rideshare","Car & Transport","false","","regular","Chase Sapphire Reserve (9234)","","",""
"2024-06-12","Trader Joe's","25.24","posted","Groceries","Food & Drink","false","","regular","Amex Gold (3012)","","",""
"2024-06-13","Abraço","3.08","posted","Cafés","Food & Drink","false","","regular","Amex Gold (3012)","","",""
"2024-06-13","Blue Bottle Coffee","4.88","posted","Cafés","Food & Drink","false","","regular","Amex Gold (3012)","","",""
"2024-06-13","NYCT Paygo","2.75","posted","Transit","Car & Transport","false","","regular","Chase Sapphire Reserve (9234)","","",""
"2024-06-13","NYCT Paygo","3.0","posted","Transit","Car & Transport","false","","regular","Chase Sapphire Reserve (9234)","","",""
"2024-06-14","Transfer to Marcus Savings","1540.13","posted","Savings Transfer","","true","","internal transfer","Chase Checking (5567)","","",""
"2024-06-14","Blue Bottle Coffee","15.76","posted","Cafés","Food & Drink","false","","regular","Amex Gold (3012)","","",""
"2024-06-14","DoorDash","21.95","posted","Food Delivery","Food & Drink","false","","regular","Amex Gold (3012)","","",""
"2024-06-14","DoorDash","87.79","posted","Food Delivery","Food & Drink","false","","regular","Amex Gold (3012)","","",""
"2024-06-14","Blue Bottle Coffee","6.78","posted","Cafés","Food & Drink","false","","regular","Amex Gold (3012)","","",""
"2024-06-14","ADP Payroll - Direct Deposit","-4847.65","posted","Income","","true","","income","Chase Checking (5567)","","",""
"2024-06-15","Chase CC Payment - Sapphire Reserve","2253.53","posted","Credit Card Payment","","true","","internal transfer","Chase Checking (5567)","","",""
"2024-06-15","Sephora","31.08","posted","General Shopping","Shopping","false","","regular","Chase Sapphire Reserve (9234)","","",""
"2024-06-15","The Met","14.89","posted","Entertainment","","false","","regular","Chase Sapphire Reserve (9234)","","",""
"2024-06-16","Diamond Reef","18.41","posted","Bars","Food & Drink","false","","regular","Chase Sapphire Reserve (9234)","","",""
"2024-06-16","Devocion","12.96","posted","Cafés","Food & Drink","false","","regular","Amex Gold (3012)","","",""
"2024-06-17","NYCT Paygo","2.9","posted","Transit","Car & Transport","false","","regular","Chase Sapphire Reserve (9234)","","",""
"2024-06-17","NYCT Paygo","2.9","posted","Transit","Car & Transport","false","","regular","Chase Sapphire Reserve (9234)","","",""
"2024-06-17","DoorDash","5.27","posted","Food Delivery","Food & Drink","false","","regular","Amex Gold (3012)","","",""
"2024-06-17","Equinox+","269.22","posted","Gym Membership","","false","","regular","Chase Checking (5567)","","",""
"2024-06-17","Venmo - Uber Split","33.79","posted","Venmo Social","","false","","regular","Venmo","","",""
"2024-06-17","DoorDash","50.27","posted","Food Delivery","Food & Drink","false","","regular","Amex Gold (3012)","","",""
"2024-06-17","Whole Foods Market","20.19","posted","Groceries","Food & Drink","false","","regular","Amex Gold (3012)","","",""
"2024-06-18","MTA*NYCT Paygo","2.75","posted","Transit","Car & Transport","false","","regular","Chase Sapphire Reserve (9234)","","",""
"2024-06-18","Altro Paradiso","66.3","posted","Restaurants","Food & Drink","false","","regular","Chase Sapphire Reserve (9234)","","",""
"2024-06-18","NYCT Paygo","3.0","posted","Transit","Car & Transport","false","","regular","Chase Sapphire Reserve (9234)","","",""
"2024-06-19","DoorDash","30.39","posted","Food Delivery","Food & Drink","false","","regular","Amex Gold (3012)","","",""
"2024-06-19","Dhamaka","125.75","posted","Restaurants","Food & Drink","false","","regular","Chase Sapphire Reserve (9234)","","",""
"2024-06-19","Blue Bottle Coffee","3.51","posted","Cafés","Food & Drink","false","","regular","Amex Gold (3012)","","",""
"2024-06-19","Equinox+","241.67","posted","Gym Membership","","false","","regular","Chase Checking (5567)","","",""
"2024-06-20","Uber Eats","16.17","posted","Food Delivery","Food & Drink","false","","regular","Amex Gold (3012)","","",""
"2024-06-20","NYCT Paygo","3.0","posted","Transit","Car & Transport","false","","regular","Chase Sapphire Reserve (9234)","","",""
"2024-06-20","Devocion","3.79","posted","Cafés","Food & Drink","false","","regular","Amex Gold (3012)","","",""
"2024-06-20","MTA*NYCT Paygo","2.9","posted","Transit","Car & Transport","false","","regular","Chase Sapphire Reserve (9234)","","",""
"2024-06-20","Laser Wolf","30.0","posted","Restaurants","Food & Drink","false","","regular","Chase Sapphire Reserve (9234)","","",""
"2024-06-21","Uber Eats","20.98","posted","Food Delivery","Food & Drink","false","","regular","Amex Gold (3012)","","",""
"2024-06-21","Abraço","3.57","posted","Cafés","Food & Drink","false","","regular","Amex Gold (3012)","","",""
"2024-06-21","DoorDash","27.43","posted","Food Delivery","Food & Drink","false","","regular","Amex Gold (3012)","","",""
"2024-06-21","MTA*NYCT Paygo","2.9","posted","Transit","Car & Transport","false","","regular","Chase Sapphire Reserve (9234)","","",""
"2024-06-21","Glamsquad","134.11","posted","Personal Care","Personal Care","false","","regular","Amex Gold (3012)","","",""
"2024-06-22","Seamless","29.32","posted","Food Delivery","Food & Drink","false","","regular","Amex Gold (3012)","","",""
"2024-06-22","Whole Foods Market","11.46","posted","Groceries","Food & Drink","false","","regular","Amex Gold (3012)","","",""
"2024-06-23","The Met","33.26","posted","Entertainment","","false","","regular","Chase Sapphire Reserve (9234)","","",""
"2024-06-23","Altro Paradiso","17.39","posted","Restaurants","Food & Drink","false","","regular","Chase Sapphire Reserve (9234)","","",""
"2024-06-24","Starbucks","5.41","posted","Cafés","Food & Drink","false","","regular","Amex Gold (3012)","","",""
"2024-06-24","Sketch London","14.05","posted","London Expenses","","false","","regular","Chase Sapphire Reserve (9234)","","",""
"2024-06-24","Grubhub","54.92","posted","Food Delivery","Food & Drink","false","","regular","Amex Gold (3012)","","",""
"2024-06-24","DoorDash","19.33","posted","Food Delivery","Food & Drink","false","","regular","Amex Gold (3012)","","",""
"2024-06-24","PATH Tapp Paygo","3.0","posted","Transit","Car & Transport","false","","regular","Chase Sapphire Reserve (9234)","","",""
"2024-06-25","NYCT Paygo","2.9","posted","Transit","Car & Transport","false","","regular","Chase Sapphire Reserve (9234)","","",""
"2024-06-25","La Colombe","5.87","posted","Cafés","Food & Drink","false","","regular","Amex Gold (3012)","","",""
"2024-06-25","DoorDash","43.18","posted","Food Delivery","Food & Drink","false","","regular","Amex Gold (3012)","","",""
"2024-06-25","NYCT Paygo - Refund","-2.9","posted","Transit","Car & Transport","false","","regular","Chase Sapphire Reserve (9234)","","",""
"2024-06-26","Amex Payment - Gold Card","3841.42","posted","Credit Card Payment","","true","","internal transfer","Chase Checking (5567)","","",""
"2024-06-26","NYCT Paygo","3.0","posted","Transit","Car & Transport","false","","regular","Chase Sapphire Reserve (9234)","","",""
"2024-06-26","European Wax Center","26.64","posted","Personal Care","Personal Care","false","","regular","Amex Gold (3012)","","",""
"2024-06-26","La Colombe","15.78","posted","Cafés","Food & Drink","false","","regular","Amex Gold (3012)","","",""
"2024-06-27","Equinox+","268.92","posted","Gym Membership","","false","","regular","Chase Checking (5567)","","",""
"2024-06-27","Aire Ancient Baths","40.76","posted","Personal Care","Personal Care","false","","regular","Amex Gold (3012)","","",""
"2024-06-27","Starbucks","3.08","posted","Cafés","Food & Drink","false","","regular","Amex Gold (3012)","","",""
"2024-06-27","DoorDash","23.4","posted","Food Delivery","Food & Drink","false","","regular","Amex Gold (3012)","","",""
"2024-06-27","Lilia","50.14","posted","Restaurants","Food & Drink","false","","regular","Chase Sapphire Reserve (9234)","","",""
"2024-06-27","Starbucks","15.29","posted","Cafés","Food & Drink","false","","regular","Amex Gold (3012)","","",""
"2024-06-27","Blue Bottle Coffee","21.62","posted","Cafés","Food & Drink","false","","regular","Amex Gold (3012)","","",""
"2024-06-28","Transfer to Marcus Savings","1759.47","posted","Savings Transfer","","true","","internal transfer","Chase Checking (5567)","","",""
"2024-06-28","Marcus by Goldman Sachs - Interest","-72.45","posted","Interest Income","","true","","income","Marcus Savings (8841)","","",""
"2024-06-28","NYCT Paygo","2.9","posted","Transit","Car & Transport","false","","regular","Chase Sapphire Reserve (9234)","","",""
"2024-06-28","ADP Payroll - Direct Deposit","-4750.84","posted","Income","","true","","income","Chase Checking (5567)","","",""
"2024-06-28","DoorDash","32.84","posted","Food Delivery","Food & Drink","false","","regular","Amex Gold (3012)","","",""
"2024-06-28","European Wax Center","39.96","posted","Personal Care","Personal Care","false","","regular","Amex Gold (3012)","","",""
"2024-06-28","Uber Eats","18.81","posted","Food Delivery","Food & Drink","false","","regular","Amex Gold (3012)","","",""
"2024-06-29","Equinox","262.29","posted","Gym Membership","","false","","regular","Chase Checking (5567)","","",""
"2024-06-29","Uber Eats","37.96","posted","Food Delivery","Food & Drink","false","","regular","Amex Gold (3012)","","",""
"2024-06-29","The Ivy","30.96","posted","London Expenses","","false","","regular","Chase Sapphire Reserve (9234)","","",""
"2024-06-29","DoorDash","8.41","posted","Food Delivery","Food & Drink","false","","regular","Amex Gold (3012)","","",""
"2024-06-29","Westside Market","13.53","posted","Groceries","Food & Drink","false","","regular","Amex Gold (3012)","","",""
"2024-06-29","Uber Eats","46.88","posted","Food Delivery","Food & Drink","false","","regular","Amex Gold (3012)","","",""
"2024-06-29","European Wax Center","30.33","posted","Personal Care","Personal Care","false","","regular","Amex Gold (3012)","","",""
"2024-06-30","Seamless","34.52","posted","Food Delivery","Food & Drink","false","","regular","Amex Gold (3012)","","",""
"2024-06-30","Abraço","6.97","posted","Cafés","Food & Drink","false","","regular","Amex Gold (3012)","","",""
"2024-06-30","Devocion","7.5","posted","Cafés","Food & Drink","false","","regular","Amex Gold (3012)","","",""
"2024-06-30","DoorDash","25.03","posted","Food Delivery","Food & Drink","false","","regular","Amex Gold (3012)","","",""
"2024-07-01","ClassPass","14.99","posted","Subscriptions","","false","","regular","Chase Checking (5567)","","",""
"2024-07-01","DoorDash","21.41","posted","Food Delivery","Food & Drink","false","","regular","Amex Gold (3012)","","",""
"2024-07-01","NYCT Paygo","2.9","posted","Transit","Car & Transport","false","","regular","Chase Sapphire Reserve (9234)","","",""
"2024-07-01","NYCT Paygo","2.9","posted","Transit","Car & Transport","false","","regular","Chase Sapphire Reserve (9234)","","",""
"2024-07-01","Zelle - Landlord","3212.5","posted","Rent","","false","","regular","Chase Checking (5567)","","",""
"2024-07-02","Spotify","12.99","posted","Subscriptions","","false","","regular","Chase Checking (5567)","","",""
"2024-07-02","La Colombe","8.43","posted","Cafés","Food & Drink","false","","regular","Amex Gold (3012)","","",""
"2024-07-02","iCloud Storage","9.99","posted","Subscriptions","","false","","regular","Chase Checking (5567)","","",""
"2024-07-02","Apple One","17.99","posted","Subscriptions","","false","","regular","Chase Checking (5567)","","",""
"2024-07-02","& Other Stories","45.53","posted","Clothing","Shopping","false","","regular","Amex Gold (3012)","","",""
"2024-07-02","Honest Burgers","31.47","posted","London Expenses","","false","","regular","Chase Sapphire Reserve (9234)","","",""
"2024-07-02","Blank Street Coffee","24.26","posted","Cafés","Food & Drink","false","","regular","Amex Gold (3012)","","",""
"2024-07-02","NYCT Paygo","3.0","posted","Transit","Car & Transport","false","","regular","Chase Sapphire Reserve (9234)","","",""
"2024-07-02","Devocion","9.61","posted","Cafés","Food & Drink","false","","regular","Amex Gold (3012)","","",""
"2024-07-02","Uber Eats","35.44","posted","Food Delivery","Food & Drink","false","","regular","Amex Gold (3012)","","",""
"2024-07-02","Raines Law Room","24.62","posted","Bars","Food & Drink","false","","regular","Chase Sapphire Reserve (9234)","","",""
"2024-07-03","PATH Tapp Paygo","2.75","posted","Transit","Car & Transport","false","","regular","Chase Sapphire Reserve (9234)","","",""
"2024-07-03","Bar Goto","9.36","posted","Bars","Food & Drink","false","","regular","Chase Sapphire Reserve (9234)","","",""
"2024-07-03","Broadway/Telecharge","28.32","posted","Entertainment","","false","","regular","Chase Sapphire Reserve (9234)","","",""
"2024-07-03","DoorDash","17.1","posted","Food Delivery","Food & Drink","false","","regular","Amex Gold (3012)","","",""
"2024-07-03","Netflix","15.49","posted","Subscriptions","","false","","regular","Chase Checking (5567)","","",""
"2024-07-03","La Colombe","8.24","posted","Cafés","Food & Drink","false","","regular","Amex Gold (3012)","","",""
"2024-07-04","Devocion","6.89","posted","Cafés","Food & Drink","false","","regular","Amex Gold (3012)","","",""
"2024-07-04","Tatiana","63.71","posted","Restaurants","Food & Drink","false","","regular","Chase Sapphire Reserve (9234)","","",""
"2024-07-04","Venmo - Friend Split","22.32","posted","Venmo Social","","false","","regular","Venmo","","",""
"2024-07-04","Caviar","16.2","posted","Food Delivery","Food & Drink","false","","regular","Amex Gold (3012)","","",""
"2024-07-04","MTA*NYCT Paygo","3.0","posted","Transit","Car & Transport","false","","regular","Chase Sapphire Reserve (9234)","","",""
"2024-07-05","Uber Eats","16.21","posted","Food Delivery","Food & Drink","false","","regular","Amex Gold (3012)","","",""
"2024-07-05","MTA*NYCT Paygo","2.9","posted","Transit","Car & Transport","false","","regular","Chase Sapphire Reserve (9234)","","",""
"2024-07-05","NYCT Paygo","2.9","posted","Transit","Car & Transport","false","","regular","Chase Sapphire Reserve (9234)","","",""
"2024-07-05","MTA*NYCT Paygo","2.9","posted","Transit","Car & Transport","false","","regular","Chase Sapphire Reserve (9234)","","",""
"2024-07-05","Devocion","20.48","posted","Cafés","Food & Drink","false","","regular","Amex Gold (3012)","","",""
"2024-07-05","NYCT Paygo","3.0","posted","Transit","Car & Transport","false","","regular","Chase Sapphire Reserve (9234)","","",""
"2024-07-06","Nail Salon","45.6","posted","Personal Care","Personal Care","false","","regular","Amex Gold (3012)","","",""
"2024-07-06","DoorDash","22.93","posted","Food Delivery","Food & Drink","false","","regular","Amex Gold (3012)","","",""
"2024-07-06","Uber Eats","35.42","posted","Food Delivery","Food & Drink","false","","regular","Amex Gold (3012)","","",""
"2024-07-06","PATH Tapp Paygo","2.75","posted","Transit","Car & Transport","false","","regular","Chase Sapphire Reserve (9234)","","",""
"2024-07-07","Sephora","15.42","posted","General Shopping","Shopping","false","","regular","Chase Sapphire Reserve (9234)","","",""
"2024-07-07","DoorDash","26.18","posted","Food Delivery","Food & Drink","false","","regular","Amex Gold (3012)","","",""
"2024-07-07","DoorDash","22.3","posted","Food Delivery","Food & Drink","false","","regular","Amex Gold (3012)","","",""
"2024-07-08","Bubby's","39.37","posted","Brunch","Food & Drink","false","","regular","Amex Gold (3012)","","",""
"2024-07-08","Uber Eats","34.03","posted","Food Delivery","Food & Drink","false","","regular","Amex Gold (3012)","","",""
"2024-07-08","DoorDash","24.09","posted","Food Delivery","Food & Drink","false","","regular","Amex Gold (3012)","","",""
"2024-07-09","Blue Bottle Coffee","22.93","posted","Cafés","Food & Drink","false","","regular","Amex Gold (3012)","","",""
"2024-07-09","Blue Bottle Coffee","12.52","posted","Cafés","Food & Drink","false","","regular","Amex Gold (3012)","","",""
"2024-07-09","Devocion","23.53","posted","Cafés","Food & Drink","false","","regular","Amex Gold (3012)","","",""
"2024-07-09","Chase CC Payment - Sapphire Reserve","1585.34","posted","Credit Card Payment","","true","","internal transfer","Chase Checking (5567)","","",""
"2024-07-09","Seamless","45.3","posted","Food Delivery","Food & Drink","false","","regular","Amex Gold (3012)","","",""
"2024-07-09","Blank Street Coffee","5.71","posted","Cafés","Food & Drink","false","","regular","Amex Gold (3012)","","",""
"2024-07-09","La Colombe","5.76","posted","Cafés","Food & Drink","false","","regular","Amex Gold (3012)","","",""
"2024-07-10","PATH Tapp Paygo","2.9","posted","Transit","Car & Transport","false","","regular","Chase Sapphire Reserve (9234)","","",""
"2024-07-10","Uber Eats","16.49","posted","Food Delivery","Food & Drink","false","","regular","Amex Gold (3012)","","",""
"2024-07-10","Abraço","19.2","posted","Cafés","Food & Drink","false","","regular","Amex Gold (3012)","","",""
"2024-07-11","Chase CC Payment - Sapphire Reserve","2050.4","posted","Credit Card Payment","","true","","internal transfer","Chase Checking (5567)","","",""
"2024-07-11","NYCT Paygo","2.75","posted","Transit","Car & Transport","false","","regular","Chase Sapphire Reserve (9234)","","",""
"2024-07-11","Blue Bottle Coffee","8.18","posted","Cafés","Food & Drink","false","","regular","Amex Gold (3012)","","",""
"2024-07-11","Caviar","23.97","posted","Food Delivery","Food & Drink","false","","regular","Amex Gold (3012)","","",""
"2024-07-11","MTA*NYCT Paygo","2.9","posted","Transit","Car & Transport","false","","regular","Chase Sapphire Reserve (9234)","","",""
"2024-07-11","DoorDash","16.76","posted","Food Delivery","Food & Drink","false","","regular","Amex Gold (3012)","","",""
"2024-07-12","PATH Tapp Paygo","2.9","posted","Transit","Car & Transport","false","","regular","Chase Sapphire Reserve (9234)","","",""
"2024-07-12","Glamsquad","56.15","posted","Personal Care","Personal Care","false","","regular","Amex Gold (3012)","","",""
"2024-07-12","Transfer to Marcus Savings","1729.15","posted","Savings Transfer","","true","","internal transfer","Chase Checking (5567)","","",""
"2024-07-12","ADP Payroll - Direct Deposit","-4782.19","posted","Income","","true","","income","Chase Checking (5567)","","",""
"2024-07-12","NYCT Paygo","3.0","posted","Transit","Car & Transport","false","","regular","Chase Sapphire Reserve (9234)","","",""
"2024-07-12","MTA*NYCT Paygo","2.75","posted","Transit","Car & Transport","false","","regular","Chase Sapphire Reserve (9234)","","",""
"2024-07-12","DoorDash","33.22","posted","Food Delivery","Food & Drink","false","","regular","Amex Gold (3012)","","",""
"2024-07-13","DoorDash","20.04","posted","Food Delivery","Food & Drink","false","","regular","Amex Gold (3012)","","",""
"2024-07-13","Unknown","3212.5","posted","Rent","","false","","regular","Chase Checking (5567)","","",""
"2024-07-13","DoorDash","15.51","posted","Food Delivery","Food & Drink","false","","regular","Amex Gold (3012)","","",""
"2024-07-13","Nike","15.69","posted","General Shopping","Shopping","false","","regular","Chase Sapphire Reserve (9234)","","",""
"2024-07-13","Seamless","27.97","posted","Food Delivery","Food & Drink","false","","regular","Amex Gold (3012)","","",""
"2024-07-13","Blank Street Coffee","4.94","posted","Cafés","Food & Drink","false","","regular","Amex Gold (3012)","","",""
"2024-07-14","Uber Eats","38.18","posted","Food Delivery","Food & Drink","false","","regular","Amex Gold (3012)","","",""
"2024-07-14","Y7 Studio","27.79","posted","Fitness Classes","","false","","regular","Chase Checking (5567)","","",""
"2024-07-15","NYCT Paygo","2.9","posted","Transit","Car & Transport","false","","regular","Chase Sapphire Reserve (9234)","","",""
"2024-07-15","NYCT Paygo","2.9","posted","Transit","Car & Transport","false","","regular","Chase Sapphire Reserve (9234)","","",""
"2024-07-15","Abraço","5.56","posted","Cafés","Food & Drink","false","","regular","Amex Gold (3012)","","",""
"2024-07-15","DoorDash","48.58","posted","Food Delivery","Food & Drink","false","","regular","Amex Gold (3012)","","",""
"2024-07-15","Venmo - Drinks Split","73.02","posted","Venmo Social","","false","","regular","Venmo","","",""
"2024-07-16","Peloton Studio","33.05","posted","Fitness Classes","","false","","regular","Chase Checking (5567)","","",""
"2024-07-17","Whole Foods Market","13.84","posted","Groceries","Food & Drink","false","","regular","Amex Gold (3012)","","",""
"2024-07-17","Venmo - Drinks Split","45.26","posted","Venmo Social","","false","","regular","Venmo","","",""
"2024-07-17","La Colombe","10.4","posted","Cafés","Food & Drink","false","","regular","Amex Gold (3012)","","",""
"2024-07-17","Abraço","22.04","posted","Cafés","Food & Drink","false","","regular","Amex Gold (3012)","","",""
"2024-07-17","Grubhub","20.81","posted","Food Delivery","Food & Drink","false","","regular","Amex Gold (3012)","","",""
"2024-07-18","DoorDash","42.55","posted","Food Delivery","Food & Drink","false","","regular","Amex Gold (3012)","","",""
"2024-07-18","DoorDash","14.46","posted","Food Delivery","Food & Drink","false","","regular","Amex Gold (3012)","","",""
"2024-07-18","Sadelle's","28.88","posted","Brunch","Food & Drink","false","","regular","Amex Gold (3012)","","",""
"2024-07-19","NYCT Paygo","2.9","posted","Transit","Car & Transport","false","","regular","Chase Sapphire Reserve (9234)","","",""
"2024-07-19","Uber Eats","18.47","posted","Food Delivery","Food & Drink","false","","regular","Amex Gold (3012)","","",""
"2024-07-19","Seamless","30.89","posted","Food Delivery","Food & Drink","false","","regular","Amex Gold (3012)","","",""
"2024-07-19","Uber Eats","47.05","posted","Food Delivery","Food & Drink","false","","regular","Amex Gold (3012)","","",""
"2024-07-19","Venmo - Dinner Split","25.84","posted","Venmo Social","","false","","regular","Venmo","","",""
"2024-07-19","Starbucks","18.54","posted","Cafés","Food & Drink","false","","regular","Amex Gold (3012)","","",""
"2024-07-20","Venmo - Drinks Split","15.61","posted","Venmo Social","","false","","regular","Venmo","","",""
"2024-07-20","Glossier","13.62","posted","General Shopping","Shopping","false","","regular","Chase Sapphire Reserve (9234)","","",""
"2024-07-20","Dante","24.05","posted","Bars","Food & Drink","false","","regular","Chase Sapphire Reserve (9234)","","",""
"2024-07-20","DoorDash","6.9","posted","Food Delivery","Food & Drink","false","","regular","Amex Gold (3012)","","",""
"2024-07-21","Seamless","13.62","posted","Food Delivery","Food & Drink","false","","regular","Amex Gold (3012)","","",""
"2024-07-21","PATH Tapp Paygo","3.0","posted","Transit","Car & Transport","false","","regular","Chase Sapphire Reserve (9234)","","",""
"2024-07-21","Seamless","14.07","posted","Food Delivery","Food & Drink","false","","regular","Amex Gold (3012)","","",""
"2024-07-21","Aritzia","62.15","posted","Clothing","Shopping","false","","regular","Amex Gold (3012)","","",""
"2024-07-21","Egg Shop","47.04","posted","Brunch","Food & Drink","false","","regular","Amex Gold (3012)","","",""
"2024-07-21","Bemelmans Bar","21.41","posted","Bars","Food & Drink","false","","regular","Chase Sapphire Reserve (9234)","","",""
"2024-07-21","Sephora","44.92","posted","General Shopping","Shopping","false","","regular","Chase Sapphire Reserve (9234)","","",""
"2024-07-21","MTA*NYCT Paygo","2.9","posted","Transit","Car & Transport","false","","regular","Chase Sapphire Reserve (9234)","","",""
"2024-07-21","Amazon","73.86","posted","General Shopping","Shopping","false","","regular","Chase Sapphire Reserve (9234)","","",""
"2024-07-21","Lululemon","17.85","posted","General Shopping","Shopping","false","","regular","Chase Sapphire Reserve (9234)","","",""
"2024-07-21","Amex Payment - Gold Card","2485.03","posted","Credit Card Payment","","true","","internal transfer","Chase Checking (5567)","","",""
"2024-07-22","NYCT Paygo","3.0","posted","Transit","Car & Transport","false","","regular","Chase Sapphire Reserve (9234)","","",""
"2024-07-22","PATH Tapp Paygo","3.0","posted","Transit","Car & Transport","false","","regular","Chase Sapphire Reserve (9234)","","",""
"2024-07-23","PATH Tapp Paygo","2.9","posted","Transit","Car & Transport","false","","regular","Chase Sapphire Reserve (9234)","","",""
"2024-07-23","Westside Market","40.36","posted","Groceries","Food & Drink","false","","regular","Amex Gold (3012)","","",""
"2024-07-23","Laser Wolf","28.61","posted","Restaurants","Food & Drink","false","","regular","Chase Sapphire Reserve (9234)","","",""
"2024-07-24","Solidcore","24.82","posted","Fitness Classes","","false","","regular","Chase Checking (5567)","","",""
"2024-07-24","Via","10.87","posted","Rideshare","Car & Transport","false","","regular","Chase Sapphire Reserve (9234)","","",""
"2024-07-24","NYCT Paygo","2.9","posted","Transit","Car & Transport","false","","regular","Chase Sapphire Reserve (9234)","","",""
"2024-07-24","NYCT Paygo","2.75","posted","Transit","Car & Transport","false","","regular","Chase Sapphire Reserve (9234)","","",""
"2024-07-24","Birch Coffee","6.61","posted","Cafés","Food & Drink","false","","regular","Amex Gold (3012)","","",""
"2024-07-24","Venmo - Dinner Split","48.0","posted","Venmo Social","","false","","regular","Venmo","","",""
"2024-07-25","La Colombe","8.55","posted","Cafés","Food & Drink","false","","regular","Amex Gold (3012)","","",""
"2024-07-25","Via","25.2","posted","Rideshare","Car & Transport","false","","regular","Chase Sapphire Reserve (9234)","","",""
"2024-07-25","British Airways","863.32","posted","Flights","","false","","regular","Chase Sapphire Reserve (9234)","","",""
"2024-07-25","Lilia","45.95","posted","Restaurants","Food & Drink","false","","regular","Chase Sapphire Reserve (9234)","","",""
"2024-07-26","ADP Payroll - Direct Deposit","-4706.1","posted","Income","","true","","income","Chase Checking (5567)","","",""
"2024-07-26","Mace","29.53","posted","Bars","Food & Drink","false","","regular","Chase Sapphire Reserve (9234)","","",""
"2024-07-26","Via","25.72","posted","Rideshare","Car & Transport","false","","regular","Chase Sapphire Reserve (9234)","","",""
"2024-07-26","Starbucks","7.63","posted","Cafés","Food & Drink","false","","regular","Amex Gold (3012)","","",""
"2024-07-26","Transfer to Marcus Savings","1979.19","posted","Savings Transfer","","true","","internal transfer","Chase Checking (5567)","","",""
"2024-07-27","Raines Law Room","14.51","posted","Bars","Food & Drink","false","","regular","Chase Sapphire Reserve (9234)","","",""
"2024-07-27","Olmsted","37.74","posted","Restaurants","Food & Drink","false","","regular","Chase Sapphire Reserve (9234)","","",""
"2024-07-27","Abercrombie & Fitch","29.66","posted","Clothing","Shopping","false","","regular","Amex Gold (3012)","","",""
"2024-07-28","Katana Kitten","35.67","posted","Bars","Food & Drink","false","","regular","Chase Sapphire Reserve (9234)","","",""
"2024-07-28","Seamless","33.9","posted","Food Delivery","Food & Drink","false","","regular","Amex Gold (3012)","","",""
"2024-07-28","Barry's Bootcamp","16.5","posted","Fitness Classes","","false","","regular","Chase Checking (5567)","","",""
"2024-07-28","Marcus by Goldman Sachs - Interest","-53.79","posted","Interest Income","","true","","income","Marcus Savings (8841)","","",""
"2024-07-28","NYCT Paygo","3.0","posted","Transit","Car & Transport","false","","regular","Chase Sapphire Reserve (9234)","","",""
"2024-07-29","European Wax Center","33.74","posted","Personal Care","Personal Care","false","","regular","Amex Gold (3012)","","",""
"2024-07-29","Barry's Bootcamp","35.8","posted","Fitness Classes","","false","","regular","Chase Checking (5567)","","",""
"2024-07-29","MTA*NYCT Paygo","2.9","posted","Transit","Car & Transport","false","","regular","Chase Sapphire Reserve (9234)","","",""
"2024-07-29","Russ & Daughters Cafe","147.13","posted","Brunch","Food & Drink","false","","regular","Amex Gold (3012)","","",""
"2024-07-29","Seamless","14.27","posted","Food Delivery","Food & Drink","false","","regular","Amex Gold (3012)","","",""
"2024-07-29","MTA*NYCT Paygo","2.9","posted","Transit","Car & Transport","false","","regular","Chase Sapphire Reserve (9234)","","",""
"2024-07-29","La Colombe","3.96","posted","Cafés","Food & Drink","false","","regular","Amex Gold (3012)","","",""
"2024-07-29","MTA*NYCT Paygo","2.9","posted","Transit","Car & Transport","false","","regular","Chase Sapphire Reserve (9234)","","",""
"2024-07-30","Via","16.98","posted","Rideshare","Car & Transport","false","","regular","Chase Sapphire Reserve (9234)","","",""
"2024-07-30","Dudley's","54.68","posted","Brunch","Food & Drink","false","","regular","Amex Gold (3012)","","",""
"2024-07-30","NYCT Paygo","2.9","posted","Transit","Car & Transport","false","","regular","Chase Sapphire Reserve (9234)","","",""
"2024-07-30","Solidcore","25.71","posted","Fitness Classes","","false","","regular","Chase Checking (5567)","","",""
"2024-07-30","Clover Club","13.72","posted","Bars","Food & Drink","false","","regular","Chase Sapphire Reserve (9234)","","",""
"2024-07-31","DoorDash","21.97","posted","Food Delivery","Food & Drink","false","","regular","Amex Gold (3012)","","",""
"2024-07-31","Uber Eats","22.81","posted","Food Delivery","Food & Drink","false","","regular","Amex Gold (3012)","","",""
"2024-07-31","Devocion","4.85","posted","Cafés","Food & Drink","false","","regular","Amex Gold (3012)","","",""
"2024-07-31","NYCT Paygo","3.0","posted","Transit","Car & Transport","false","","regular","Chase Sapphire Reserve (9234)","","",""
"2024-07-31","NYCT Paygo","3.0","posted","Transit","Car & Transport","false","","regular","Chase Sapphire Reserve (9234)","","",""
"2024-08-01","Uber Eats","37.86","posted","Food Delivery","Food & Drink","false","","regular","Amex Gold (3012)","","",""
"2024-08-01","CVS Pharmacy","50.19","posted","Healthcare","","false","","regular","Chase Checking (5567)","","",""
"2024-08-01","Apple One","17.99","posted","Subscriptions","","false","","regular","Chase Checking (5567)","","",""
"2024-08-01","Barry's Bootcamp","21.81","posted","Fitness Classes","","false","","regular","Chase Checking (5567)","","",""
"2024-08-01","Nike","27.44","posted","General Shopping","Shopping","false","","regular","Chase Sapphire Reserve (9234)","","",""
"2024-08-01","Zelle - Landlord","3218.75","posted","Rent","","false","","regular","Chase Checking (5567)","","",""
"2024-08-01","NYCT Paygo","2.75","posted","Transit","Car & Transport","false","","regular","Chase Sapphire Reserve (9234)","","",""
"2024-08-02","NYCT Paygo","2.9","posted","Transit","Car & Transport","false","","regular","Chase Sapphire Reserve (9234)","","",""
"2024-08-02","Starbucks","4.93","posted","Cafés","Food & Drink","false","","regular","Amex Gold (3012)","","",""
"2024-08-02","Via","10.75","posted","Rideshare","Car & Transport","false","","regular","Chase Sapphire Reserve (9234)","","",""
"2024-08-02","Spotify","12.99","posted","Subscriptions","","false","","regular","Chase Checking (5567)","","",""
"2024-08-02","Netflix","15.49","posted","Subscriptions","","false","","regular","Chase Checking (5567)","","",""
"2024-08-02","Nike","59.31","posted","General Shopping","Shopping","false","","regular","Chase Sapphire Reserve (9234)","","",""
"2024-08-03","iCloud Storage","9.99","posted","Subscriptions","","false","","regular","Chase Checking (5567)","","",""
"2024-08-03","Zara","14.54","posted","Clothing","Shopping","false","","regular","Amex Gold (3012)","","",""
"2024-08-03","Bar Goto","22.93","posted","Bars","Food & Drink","false","","regular","Chase Sapphire Reserve (9234)","","",""
"2024-08-03","ClassPass","14.99","posted","Subscriptions","","false","","regular","Chase Checking (5567)","","",""
"2024-08-04","Seamless","19.08","posted","Food Delivery","Food & Drink","false","","regular","Amex Gold (3012)","","",""
"2024-08-04","Westside Market","53.08","posted","Groceries","Food & Drink","false","","regular","Amex Gold (3012)","","",""
"2024-08-04","Misi","92.74","posted","Restaurants","Food & Drink","false","","regular","Chase Sapphire Reserve (9234)","","",""
"2024-08-04","DoorDash","30.15","posted","Food Delivery","Food & Drink","false","","regular","Amex Gold (3012)","","",""
"2024-08-04","DoorDash","34.31","posted","Food Delivery","Food & Drink","false","","regular","Amex Gold (3012)","","",""
"2024-08-04","Aritzia","87.24","posted","Clothing","Shopping","false","","regular","Amex Gold (3012)","","",""
"2024-08-05","Abraço","24.2","posted","Cafés","Food & Drink","false","","regular","Amex Gold (3012)","","",""
"2024-08-05","Seamless","33.88","posted","Food Delivery","Food & Drink","false","","regular","Amex Gold (3012)","","",""
"2024-08-05","DoorDash","21.96","posted","Food Delivery","Food & Drink","false","","regular","Amex Gold (3012)","","",""
"2024-08-06","La Colombe","4.52","posted","Cafés","Food & Drink","false","","regular","Amex Gold (3012)","","",""
"2024-08-06","Uber Eats","29.77","posted","Food Delivery","Food & Drink","false","","regular","Amex Gold (3012)","","",""
"2024-08-07","Jack's Wife & Freda","32.64","posted","Brunch","Food & Drink","false","","regular","Amex Gold (3012)","","",""
"2024-08-08","DoorDash","62.31","posted","Food Delivery","Food & Drink","false","","regular","Amex Gold (3012)","","",""
"2024-08-08","DoorDash","29.77","posted","Food Delivery","Food & Drink","false","","regular","Amex Gold (3012)","","",""
"2024-08-08","PATH Tapp Paygo","3.0","posted","Transit","Car & Transport","false","","regular","Chase Sapphire Reserve (9234)","","",""
"2024-08-09","Uber","12.62","posted","Rideshare","Car & Transport","false","","regular","Chase Sapphire Reserve (9234)","","",""
"2024-08-09","DoorDash","16.26","posted","Food Delivery","Food & Drink","false","","regular","Amex Gold (3012)","","",""
"2024-08-09","Sketch London","63.79","posted","London Expenses","","false","","regular","Chase Sapphire Reserve (9234)","","",""
"2024-08-09","NYCT Paygo","2.9","posted","Transit","Car & Transport","false","","regular","Chase Sapphire Reserve (9234)","","",""
"2024-08-09","Transfer to Marcus Savings","1879.57","posted","Savings Transfer","","true","","internal transfer","Chase Checking (5567)","","",""
"2024-08-09","ADP Payroll - Direct Deposit","-4918.62","posted","Income","","true","","income","Chase Checking (5567)","","",""
"2024-08-09","MTA*NYCT Paygo","3.0","posted","Transit","Car & Transport","false","","regular","Chase Sapphire Reserve (9234)","","",""
"2024-08-10","Uber Eats","93.42","posted","Food Delivery","Food & Drink","false","","regular","Amex Gold (3012)","","",""
"2024-08-10","DoorDash","10.47","posted","Food Delivery","Food & Drink","false","","regular","Amex Gold (3012)","","",""
"2024-08-11","Venmo - Uber Split","31.74","posted","Venmo Social","","false","","regular","Venmo","","",""
"2024-08-11","Dudley's","57.79","posted","Brunch","Food & Drink","false","","regular","Amex Gold (3012)","","",""
"2024-08-11","Russ & Daughters Cafe","29.1","posted","Brunch","Food & Drink","false","","regular","Amex Gold (3012)","","",""
"2024-08-11","Dante","32.76","posted","Bars","Food & Drink","false","","regular","Chase Sapphire Reserve (9234)","","",""
"2024-08-11","DoorDash","28.64","posted","Food Delivery","Food & Drink","false","","regular","Amex Gold (3012)","","",""
"2024-08-12","NYCT Paygo","3.0","posted","Transit","Car & Transport","false","","regular","Chase Sapphire Reserve (9234)","","",""
"2024-08-12","Abraço","8.79","posted","Cafés","Food & Drink","false","","regular","Amex Gold (3012)","","",""
"2024-08-12","Nordstrom","87.68","posted","Clothing","Shopping","false","","regular","Amex Gold (3012)","","",""
"2024-08-12","Misi - Refund","-92.74","posted","Restaurants","Food & Drink","false","","regular","Chase Sapphire Reserve (9234)","","",""
"2024-08-12","Abraço","17.94","posted","Cafés","Food & Drink","false","","regular","Amex Gold (3012)","","",""
"2024-08-12","NYCT Paygo","2.9","posted","Transit","Car & Transport","false","","regular","Chase Sapphire Reserve (9234)","","",""
"2024-08-13","Blank Street Coffee","6.02","posted","Cafés","Food & Drink","false","","regular","Amex Gold (3012)","","",""
"2024-08-13","Misi","60.91","posted","Restaurants","Food & Drink","false","","regular","Chase Sapphire Reserve (9234)","","",""
"2024-08-13","Abraço","4.6","posted","Cafés","Food & Drink","false","","regular","Amex Gold (3012)","","",""
"2024-08-13","Blue Bottle Coffee","4.08","posted","Cafés","Food & Drink","false","","regular","Amex Gold (3012)","","",""
"2024-08-13","Grubhub","29.98","posted","Food Delivery","Food & Drink","false","","regular","Amex Gold (3012)","","",""
"2024-08-13","Everlane","78.36","posted","Clothing","Shopping","false","","regular","Amex Gold (3012)","","",""
"2024-08-13","Venmo - Uber Split","19.17","posted","Venmo Social","","false","","regular","Venmo","","",""
"2024-08-13","Blue Bottle Coffee","17.73","posted","Cafés","Food & Drink","false","","regular","Amex Gold (3012)","","",""
"2024-08-13","Gristedes","56.35","posted","Groceries","Food & Drink","false","","regular","Amex Gold (3012)","","",""
"2024-08-14","Uber Eats","29.91","posted","Food Delivery","Food & Drink","false","","regular","Amex Gold (3012)","","",""
"2024-08-14","NYCT Paygo","2.9","posted","Transit","Car & Transport","false","","regular","Chase Sapphire Reserve (9234)","","",""
"2024-08-15","DoorDash","11.7","posted","Food Delivery","Food & Drink","false","","regular","Amex Gold (3012)","","",""
"2024-08-15","Joe Coffee","5.7","posted","Cafés","Food & Drink","false","","regular","Amex Gold (3012)","","",""
"2024-08-15","Bonnie's","52.21","posted","Restaurants","Food & Drink","false","","regular","Chase Sapphire Reserve (9234)","","",""
"2024-08-15","DoorDash","10.48","posted","Food Delivery","Food & Drink","false","","regular","Amex Gold (3012)","","",""
"2024-08-15","Amazon","67.87","posted","General Shopping","Shopping","false","","regular","Chase Sapphire Reserve (9234)","","",""
"2024-08-16","Seamless","20.42","posted","Food Delivery","Food & Drink","false","","regular","Amex Gold (3012)","","",""
"2024-08-16","NYCT Paygo","3.0","posted","Transit","Car & Transport","false","","regular","Chase Sapphire Reserve (9234)","","",""
"2024-08-16","PATH Tapp Paygo","3.0","posted","Transit","Car & Transport","false","","regular","Chase Sapphire Reserve (9234)","","",""
"2024-08-16","Grubhub","45.86","posted","Food Delivery","Food & Drink","false","","regular","Amex Gold (3012)","","",""
"2024-08-16","Blue Bottle Coffee","7.48","posted","Cafés","Food & Drink","false","","regular","Amex Gold (3012)","","",""
"2024-08-17","NYCT Paygo","3.0","posted","Transit","Car & Transport","false","","regular","Chase Sapphire Reserve (9234)","","",""
"2024-08-17","NYCT Paygo","3.0","posted","Transit","Car & Transport","false","","regular","Chase Sapphire Reserve (9234)","","",""
"2024-08-17","MTA*NYCT Paygo","2.9","posted","Transit","Car & Transport","false","","regular","Chase Sapphire Reserve (9234)","","",""
"2024-08-17","Grubhub","12.45","posted","Food Delivery","Food & Drink","false","","regular","Amex Gold (3012)","","",""
"2024-08-17","PATH Tapp Paygo","2.9","posted","Transit","Car & Transport","false","","regular","Chase Sapphire Reserve (9234)","","",""
"2024-08-17","Egg Shop","32.12","posted","Brunch","Food & Drink","false","","regular","Amex Gold (3012)","","",""
"2024-08-18","Abercrombie & Fitch","115.9","posted","Clothing","Shopping","false","","regular","Amex Gold (3012)","","",""
"2024-08-18","Devocion","8.11","posted","Cafés","Food & Drink","false","","regular","Amex Gold (3012)","","",""
"2024-08-18","Reformation","28.48","posted","Clothing","Shopping","false","","regular","Amex Gold (3012)","","",""
"2024-08-18","Uber Eats","29.76","posted","Food Delivery","Food & Drink","false","","regular","Amex Gold (3012)","","",""
"2024-08-19","DoorDash","35.36","posted","Food Delivery","Food & Drink","false","","regular","Amex Gold (3012)","","",""
"2024-08-19","Seamless","29.69","posted","Food Delivery","Food & Drink","false","","regular","Amex Gold (3012)","","",""
"2024-08-19","Seamless","45.21","posted","Food Delivery","Food & Drink","false","","regular","Amex Gold (3012)","","",""
"2024-08-19","Devocion","5.25","posted","Cafés","Food & Drink","false","","regular","Amex Gold (3012)","","",""
"2024-08-19","NYCT Paygo","2.9","posted","Transit","Car & Transport","false","","regular","Chase Sapphire Reserve (9234)","","",""
"2024-08-19","NYCT Paygo","2.9","posted","Transit","Car & Transport","false","","regular","Chase Sapphire Reserve (9234)","","",""
"2024-08-19","PATH Tapp Paygo","2.9","posted","Transit","Car & Transport","false","","regular","Chase Sapphire Reserve (9234)","","",""
"2024-08-19","Sephora","18.8","posted","General Shopping","Shopping","false","","regular","Chase Sapphire Reserve (9234)","","",""
"2024-08-20","Barry's Bootcamp","26.48","posted","Fitness Classes","","false","","regular","Chase Checking (5567)","","",""
"2024-08-20","DoorDash","27.8","posted","Food Delivery","Food & Drink","false","","regular","Amex Gold (3012)","","",""
"2024-08-20","DoorDash","49.42","posted","Food Delivery","Food & Drink","false","","regular","Amex Gold (3012)","","",""
"2024-08-20","NYCT Paygo","2.75","posted","Transit","Car & Transport","false","","regular","Chase Sapphire Reserve (9234)","","",""
"2024-08-21","Grubhub","86.66","posted","Food Delivery","Food & Drink","false","","regular","Amex Gold (3012)","","",""
"2024-08-21","NYCT Paygo","2.9","posted","Transit","Car & Transport","false","","regular","Chase Sapphire Reserve (9234)","","",""
"2024-08-22","DoorDash","23.64","posted","Food Delivery","Food & Drink","false","","regular","Amex Gold (3012)","","",""
"2024-08-22","Gregory's Coffee","13.8","posted","Cafés","Food & Drink","false","","regular","Amex Gold (3012)","","",""
"2024-08-22","Uber Eats","15.42","posted","Food Delivery","Food & Drink","false","","regular","Amex Gold (3012)","","",""
"2024-08-23","ADP Payroll - Direct Deposit","-4830.95","posted","Income","","true","","income","Chase Checking (5567)","","",""
"2024-08-23","DoorDash","13.13","posted","Food Delivery","Food & Drink","false","","regular","Amex Gold (3012)","","",""
"2024-08-23","Transfer to Marcus Savings","1508.49","posted","Savings Transfer","","true","","internal transfer","Chase Checking (5567)","","",""
"2024-08-23","Seamless","31.32","posted","Food Delivery","Food & Drink","false","","regular","Amex Gold (3012)","","",""
"2024-08-23","NYCT Paygo","2.9","posted","Transit","Car & Transport","false","","regular","Chase Sapphire Reserve (9234)","","",""
"2024-08-24","Russ & Daughters Cafe - Refund","-29.1","posted","Brunch","Food & Drink","false","","regular","Amex Gold (3012)","","",""
"2024-08-24","Chase CC Payment - Sapphire Reserve","1677.16","posted","Credit Card Payment","","true","","internal transfer","Chase Checking (5567)","","",""
"2024-08-24","Chase CC Payment - Sapphire Reserve","1996.12","posted","Credit Card Payment","","true","","internal transfer","Chase Checking (5567)","","",""
"2024-08-24","Existing Conditions","12.64","posted","Bars","Food & Drink","false","","regular","Chase Sapphire Reserve (9234)","","",""
"2024-08-24","Via","28.72","posted","Rideshare","Car & Transport","false","","regular","Chase Sapphire Reserve (9234)","","",""
"2024-08-24","Venmo - Dinner Split","34.97","posted","Venmo Social","","false","","regular","Venmo","","",""
"2024-08-25","Clover Club","38.22","posted","Bars","Food & Drink","false","","regular","Chase Sapphire Reserve (9234)","","",""
"2024-08-25","Mace","11.43","posted","Bars","Food & Drink","false","","regular","Chase Sapphire Reserve (9234)","","",""
"2024-08-25","The Met","47.31","posted","Entertainment","","false","","regular","Chase Sapphire Reserve (9234)","","",""
"2024-08-25","Via Carota","24.52","posted","Restaurants","Food & Drink","false","","regular","Chase Sapphire Reserve (9234)","","",""
"2024-08-25","DoorDash","34.28","posted","Food Delivery","Food & Drink","false","","regular","Amex Gold (3012)","","",""
"2024-08-25","DoorDash","34.5","posted","Food Delivery","Food & Drink","false","","regular","Amex Gold (3012)","","",""
"2024-08-26","DoorDash","34.73","posted","Food Delivery","Food & Drink","false","","regular","Amex Gold (3012)","","",""
"2024-08-26","Blue Bottle Coffee","17.95","posted","Cafés","Food & Drink","false","","regular","Amex Gold (3012)","","",""
"2024-08-26","Honest Burgers","37.43","posted","London Expenses","","false","","regular","Chase Sapphire Reserve (9234)","","",""
"2024-08-26","Blank Street Coffee","3.8","posted","Cafés","Food & Drink","false","","regular","Amex Gold (3012)","","",""
"2024-08-26","NYCT Paygo","3.0","posted","Transit","Car & Transport","false","","regular","Chase Sapphire Reserve (9234)","","",""
"2024-08-27","DoorDash","35.39","posted","Food Delivery","Food & Drink","false","","regular","Amex Gold (3012)","","",""
"2024-08-27","Amex Payment - Gold Card","4437.73","posted","Credit Card Payment","","true","","internal transfer","Chase Checking (5567)","","",""
"2024-08-27","Uber Eats","16.07","posted","Food Delivery","Food & Drink","false","","regular","Amex Gold (3012)","","",""
"2024-08-27","Starbucks","5.7","posted","Cafés","Food & Drink","false","","regular","Amex Gold (3012)","","",""
"2024-08-27","Equinox","262.62","posted","Gym Membership","","false","","regular","Chase Checking (5567)","","",""
"2024-08-28","Blue Bottle Coffee","4.43","posted","Cafés","Food & Drink","false","","regular","Amex Gold (3012)","","",""
"2024-08-28","MTA*NYCT Paygo","2.75","posted","Transit","Car & Transport","false","","regular","Chase Sapphire Reserve (9234)","","",""
"2024-08-28","British Airways","529.22","posted","Flights","","false","","regular","Chase Sapphire Reserve (9234)","","",""
"2024-08-28","NYCT Paygo","3.0","posted","Transit","Car & Transport","false","","regular","Chase Sapphire Reserve (9234)","","",""
"2024-08-28","DoorDash","21.67","posted","Food Delivery","Food & Drink","false","","regular","Amex Gold (3012)","","",""
"2024-08-28","Marcus by Goldman Sachs - Interest","-37.26","posted","Interest Income","","true","","income","Marcus Savings (8841)","","",""
"2024-08-28","Whole Foods Market","9.54","posted","Groceries","Food & Drink","false","","regular","Amex Gold (3012)","","",""
"2024-08-28","Bloomingdale's","77.99","posted","Clothing","Shopping","false","","regular","Amex Gold (3012)","","",""
"2024-08-28","DoorDash","29.25","posted","Food Delivery","Food & Drink","false","","regular","Amex Gold (3012)","","",""
"2024-08-28","Via","8.09","posted","Rideshare","Car & Transport","false","","regular","Chase Sapphire Reserve (9234)","","",""
"2024-08-28","DoorDash","17.35","posted","Food Delivery","Food & Drink","false","","regular","Amex Gold (3012)","","",""
"2024-08-29","Seamless","14.67","posted","Food Delivery","Food & Drink","false","","regular","Amex Gold (3012)","","",""
"2024-08-29","Solidcore","20.16","posted","Fitness Classes","","false","","regular","Chase Checking (5567)","","",""
"2024-08-29","Venmo - Uber Split","17.85","posted","Venmo Social","","false","","regular","Venmo","","",""
"2024-08-30","NYCT Paygo","2.9","posted","Transit","Car & Transport","false","","regular","Chase Sapphire Reserve (9234)","","",""
"2024-08-30","Uber Eats","21.18","posted","Food Delivery","Food & Drink","false","","regular","Amex Gold (3012)","","",""
"2024-08-30","DoorDash","38.66","posted","Food Delivery","Food & Drink","false","","regular","Amex Gold (3012)","","",""
"2024-08-31","AMC Theatres","32.78","posted","Entertainment","","false","","regular","Chase Sapphire Reserve (9234)","","",""
"2024-08-31","NYCT Paygo","3.0","posted","Transit","Car & Transport","false","","regular","Chase Sapphire Reserve (9234)","","",""
"2024-08-31","Whole Foods Market","13.11","posted","Groceries","Food & Drink","false","","regular","Amex Gold (3012)","","",""
"2024-08-31","Uber Eats","30.87","posted","Food Delivery","Food & Drink","false","","regular","Amex Gold (3012)","","",""
"2024-08-31","Mace","25.21","posted","Bars","Food & Drink","false","","regular","Chase Sapphire Reserve (9234)","","",""
"2024-09-01","Dudley's","19.16","posted","Brunch","Food & Drink","false","","regular","Amex Gold (3012)","","",""
"2024-09-01","iCloud Storage","9.99","posted","Subscriptions","","false","","regular","Chase Checking (5567)","","",""
"2024-09-01","Lululemon","18.56","posted","General Shopping","Shopping","false","","regular","Chase Sapphire Reserve (9234)","","",""
"2024-09-01","Uber Eats","17.05","posted","Food Delivery","Food & Drink","false","","regular","Amex Gold (3012)","","",""
"2024-09-01","ClassPass","14.99","posted","Subscriptions","","false","","regular","Chase Checking (5567)","","",""
"2024-09-01","Clinton St. Baking","25.65","posted","Brunch","Food & Drink","false","","regular","Amex Gold (3012)","","",""
"2024-09-01","Uber Eats","14.06","posted","Food Delivery","Food & Drink","false","","regular","Amex Gold (3012)","","",""
"2024-09-01","Zelle - Landlord","3225.0","posted","Rent","","false","","regular","Chase Checking (5567)","","",""
"2024-09-01","DoorDash","31.65","posted","Food Delivery","Food & Drink","false","","regular","Amex Gold (3012)","","",""
"2024-09-01","NYCT Paygo","2.9","posted","Transit","Car & Transport","false","","regular","Chase Sapphire Reserve (9234)","","",""
"2024-09-02","Netflix","15.49","posted","Subscriptions","","false","","regular","Chase Checking (5567)","","",""
"2024-09-02","Blue Bottle Coffee","12.93","posted","Cafés","Food & Drink","false","","regular","Amex Gold (3012)","","",""
"2024-09-02","Spotify","12.99","posted","Subscriptions","","false","","regular","Chase Checking (5567)","","",""
"2024-09-02","Apple One","17.99","posted","Subscriptions","","false","","regular","Chase Checking (5567)","","",""
"2024-09-02","Uber Eats","19.11","posted","Food Delivery","Food & Drink","false","","regular","Amex Gold (3012)","","",""
"2024-09-03","Lyft","7.54","posted","Rideshare","Car & Transport","false","","regular","Chase Sapphire Reserve (9234)","","",""
"2024-09-03","NYCT Paygo","2.9","posted","Transit","Car & Transport","false","","regular","Chase Sapphire Reserve (9234)","","",""
"2024-09-03","British Airways","591.77","posted","Flights","","false","","regular","Chase Sapphire Reserve (9234)","","",""
"2024-09-04","Starbucks","9.69","posted","Cafés","Food & Drink","false","","regular","Amex Gold (3012)","","",""
"2024-09-04","Venmo - Uber Split","33.83","posted","Venmo Social","","false","","regular","Venmo","","",""
"2024-09-05","DoorDash","74.73","posted","Food Delivery","Food & Drink","false","","regular","Amex Gold (3012)","","",""
"2024-09-05","Unknown","3225.0","posted","Rent","","false","","regular","Chase Checking (5567)","","",""
"2024-09-05","PATH Tapp Paygo","2.9","posted","Transit","Car & Transport","false","","regular","Chase Sapphire Reserve (9234)","","",""
"2024-09-05","DoorDash","21.52","posted","Food Delivery","Food & Drink","false","","regular","Amex Gold (3012)","","",""
"2024-09-06","Transfer to Marcus Savings","1972.28","posted","Savings Transfer","","true","","internal transfer","Chase Checking (5567)","","",""
"2024-09-06","Sugarfish","110.15","posted","Restaurants","Food & Drink","false","","regular","Chase Sapphire Reserve (9234)","","",""
"2024-09-06","ADP Payroll - Direct Deposit","-4728.22","posted","Income","","true","","income","Chase Checking (5567)","","",""
"2024-09-06","One Medical","18.29","posted","Healthcare","","false","","regular","Chase Checking (5567)","","",""
"2024-09-06","Venmo - Friend Split","40.18","posted","Venmo Social","","false","","regular","Venmo","","",""
"2024-09-07","Clover Club","14.14","posted","Bars","Food & Drink","false","","regular","Chase Sapphire Reserve (9234)","","",""
"2024-09-07","Caviar","44.72","posted","Food Delivery","Food & Drink","false","","regular","Amex Gold (3012)","","",""
"2024-09-07","La Colombe","4.73","posted","Cafés","Food & Drink","false","","regular","Amex Gold (3012)","","",""
"2024-09-07","DoorDash","24.97","posted","Food Delivery","Food & Drink","false","","regular","Amex Gold (3012)","","",""
"2024-09-07","Dante","5.74","posted","Bars","Food & Drink","false","","regular","Chase Sapphire Reserve (9234)","","",""
"2024-09-08","Caviar","32.35","posted","Food Delivery","Food & Drink","false","","regular","Amex Gold (3012)","","",""
"2024-09-08","MTA*NYCT Paygo","2.9","posted","Transit","Car & Transport","false","","regular","Chase Sapphire Reserve (9234)","","",""
"2024-09-08","Raines Law Room","9.72","posted","Bars","Food & Drink","false","","regular","Chase Sapphire Reserve (9234)","","",""
"2024-09-08","Uber Eats","36.8","posted","Food Delivery","Food & Drink","false","","regular","Amex Gold (3012)","","",""
"2024-09-08","Seamless","34.02","posted","Food Delivery","Food & Drink","false","","regular","Amex Gold (3012)","","",""
"2024-09-09","NYCT Paygo","2.9","posted","Transit","Car & Transport","false","","regular","Chase Sapphire Reserve (9234)","","",""
"2024-09-09","Blue Bottle Coffee","6.33","posted","Cafés","Food & Drink","false","","regular","Amex Gold (3012)","","",""
"2024-09-09","Tatiana","57.48","posted","Restaurants","Food & Drink","false","","regular","Chase Sapphire Reserve (9234)","","",""
"2024-09-09","Uber Eats","50.79","posted","Food Delivery","Food & Drink","false","","regular","Amex Gold (3012)","","",""
"2024-09-09","La Colombe","4.23","posted","Cafés","Food & Drink","false","","regular","Amex Gold (3012)","","",""
"2024-09-10","Venmo - Uber Split","35.6","posted","Venmo Social","","false","","regular","Venmo","","",""
"2024-09-10","Starbucks","2.98","posted","Cafés","Food & Drink","false","","regular","Amex Gold (3012)","","",""
"2024-09-10","DoorDash","37.3","posted","Food Delivery","Food & Drink","false","","regular","Amex Gold (3012)","","",""
"2024-09-10","DoorDash","57.18","posted","Food Delivery","Food & Drink","false","","regular","Amex Gold (3012)","","",""
"2024-09-11","Unknown","3225.0","posted","Rent","","false","","regular","Chase Checking (5567)","","",""
"2024-09-11","Grubhub","9.42","posted","Food Delivery","Food & Drink","false","","regular","Amex Gold (3012)","","",""
"2024-09-11","DoorDash","9.43","posted","Food Delivery","Food & Drink","false","","regular","Amex Gold (3012)","","",""
"2024-09-11","NYCT Paygo","3.0","posted","Transit","Car & Transport","false","","regular","Chase Sapphire Reserve (9234)","","",""
"2024-09-11","Via","44.05","posted","Rideshare","Car & Transport","false","","regular","Chase Sapphire Reserve (9234)","","",""
"2024-09-12","DoorDash","6.62","posted","Food Delivery","Food & Drink","false","","regular","Amex Gold (3012)","","",""
"2024-09-12","Starbucks","2.63","posted","Cafés","Food & Drink","false","","regular","Amex Gold (3012)","","",""
"2024-09-12","Seamless","55.55","posted","Food Delivery","Food & Drink","false","","regular","Amex Gold (3012)","","",""
"2024-09-13","Estela","41.56","posted","Restaurants","Food & Drink","false","","regular","Chase Sapphire Reserve (9234)","","",""
"2024-09-13","Starbucks","16.49","posted","Cafés","Food & Drink","false","","regular","Amex Gold (3012)","","",""
"2024-09-13","Olmsted","32.24","posted","Restaurants","Food & Drink","false","","regular","Chase Sapphire Reserve (9234)","","",""
"2024-09-13","Sephora","15.61","posted","General Shopping","Shopping","false","","regular","Chase Sapphire Reserve (9234)","","",""
"2024-09-13","MTA*NYCT Paygo","2.75","posted","Transit","Car & Transport","false","","regular","Chase Sapphire Reserve (9234)","","",""
"2024-09-14","The Met","25.44","posted","Entertainment","","false","","regular","Chase Sapphire Reserve (9234)","","",""
"2024-09-14","Blue Bottle Coffee","7.16","posted","Cafés","Food & Drink","false","","regular","Amex Gold (3012)","","",""
"2024-09-14","Nike","15.9","posted","General Shopping","Shopping","false","","regular","Chase Sapphire Reserve (9234)","","",""
"2024-09-14","Seamless","31.57","posted","Food Delivery","Food & Drink","false","","regular","Amex Gold (3012)","","",""
"2024-09-14","Clinton St. Baking","44.72","posted","Brunch","Food & Drink","false","","regular","Amex Gold (3012)","","",""
"2024-09-14","Seamless","39.01","posted","Food Delivery","Food & Drink","false","","regular","Amex Gold (3012)","","",""
"2024-09-14","Russ & Daughters Cafe","13.45","posted","Brunch","Food & Drink","false","","regular","Amex Gold (3012)","","",""
"2024-09-15","Nail Salon","53.03","posted","Personal Care","Personal Care","false","","regular","Amex Gold (3012)","","",""
"2024-09-15","DoorDash","22.03","posted","Food Delivery","Food & Drink","false","","regular","Amex Gold (3012)","","",""
"2024-09-15","Seamless","16.07","posted","Food Delivery","Food & Drink","false","","regular","Amex Gold (3012)","","",""
"2024-09-15","Two Hands","34.53","posted","Brunch","Food & Drink","false","","regular","Amex Gold (3012)","","",""
"2024-09-15","Balthazar","49.9","posted","Brunch","Food & Drink","false","","regular","Amex Gold (3012)","","",""
"2024-09-16","Seamless","40.98","posted","Food Delivery","Food & Drink","false","","regular","Amex Gold (3012)","","",""
"2024-09-16","Unknown","3225.0","posted","Rent","","false","","regular","Chase Checking (5567)","","",""
"2024-09-16","NYCT Paygo","2.9","posted","Transit","Car & Transport","false","","regular","Chase Sapphire Reserve (9234)","","",""
"2024-09-16","Uber Eats","37.06","posted","Food Delivery","Food & Drink","false","","regular","Amex Gold (3012)","","",""
"2024-09-16","Abraço","4.51","posted","Cafés","Food & Drink","false","","regular","Amex Gold (3012)","","",""
"2024-09-17","Starbucks","4.1","posted","Cafés","Food & Drink","false","","regular","Amex Gold (3012)","","",""
"2024-09-18","European Wax Center","77.36","posted","Personal Care","Personal Care","false","","regular","Amex Gold (3012)","","",""
"2024-09-18","DoorDash","67.09","posted","Food Delivery","Food & Drink","false","","regular","Amex Gold (3012)","","",""
"2024-09-18","Grubhub","19.47","posted","Food Delivery","Food & Drink","false","","regular","Amex Gold (3012)","","",""
"2024-09-18","DoorDash","23.15","posted","Food Delivery","Food & Drink","false","","regular","Amex Gold (3012)","","",""
"2024-09-18","Unknown","3225.0","posted","Rent","","false","","regular","Chase Checking (5567)","","",""
"2024-09-19","Lyft","35.68","posted","Rideshare","Car & Transport","false","","regular","Chase Sapphire Reserve (9234)","","",""
"2024-09-19","NYCT Paygo","3.0","posted","Transit","Car & Transport","false","","regular","Chase Sapphire Reserve (9234)","","",""
"2024-09-19","Lululemon","55.63","posted","General Shopping","Shopping","false","","regular","Chase Sapphire Reserve (9234)","","",""
"2024-09-20","ADP Payroll - Direct Deposit","-4770.33","posted","Income","","true","","income","Chase Checking (5567)","","",""
"2024-09-20","NYCT Paygo","2.9","posted","Transit","Car & Transport","false","","regular","Chase Sapphire Reserve (9234)","","",""
"2024-09-20","Transfer to Marcus Savings","1658.76","posted","Savings Transfer","","true","","internal transfer","Chase Checking (5567)","","",""
"2024-09-20","Grubhub","25.21","posted","Food Delivery","Food & Drink","false","","regular","Amex Gold (3012)","","",""
"2024-09-20","Egg Shop","52.11","posted","Brunch","Food & Drink","false","","regular","Amex Gold (3012)","","",""
"2024-09-21","Everlane","51.51","posted","Clothing","Shopping","false","","regular","Amex Gold (3012)","","",""
"2024-09-21","DoorDash","37.93","posted","Food Delivery","Food & Drink","false","","regular","Amex Gold (3012)","","",""
"2024-09-21","DoorDash","28.38","posted","Food Delivery","Food & Drink","false","","regular","Amex Gold (3012)","","",""
"2024-09-21","Joe Coffee","6.02","posted","Cafés","Food & Drink","false","","regular","Amex Gold (3012)","","",""
"2024-09-21","Zara","27.52","posted","Clothing","Shopping","false","","regular","Amex Gold (3012)","","",""
"2024-09-21","DoorDash","28.03","posted","Food Delivery","Food & Drink","false","","regular","Amex Gold (3012)","","",""
"2024-09-21","Amazon","26.25","posted","General Shopping","Shopping","false","","regular","Chase Sapphire Reserve (9234)","","",""
"2024-09-21","Blank Street Coffee","22.36","posted","Cafés","Food & Drink","false","","regular","Amex Gold (3012)","","",""
"2024-09-22","Abraço","4.93","posted","Cafés","Food & Drink","false","","regular","Amex Gold (3012)","","",""
"2024-09-22","La Colombe","16.89","posted","Cafés","Food & Drink","false","","regular","Amex Gold (3012)","","",""
"2024-09-22","Nordstrom","156.16","posted","Clothing","Shopping","false","","regular","Amex Gold (3012)","","",""
"2024-09-22","Uber Eats","11.72","posted","Food Delivery","Food & Drink","false","","regular","Amex Gold (3012)","","",""
"2024-09-23","PATH Tapp Paygo","3.0","posted","Transit","Car & Transport","false","","regular","Chase Sapphire Reserve (9234)","","",""
"2024-09-23","MTA*NYCT Paygo","3.0","posted","Transit","Car & Transport","false","","regular","Chase Sapphire Reserve (9234)","","",""
"2024-09-23","Chase CC Payment - Sapphire Reserve","2041.04","posted","Credit Card Payment","","true","","internal transfer","Chase Checking (5567)","","",""
"2024-09-23","Lyft","5.5","posted","Rideshare","Car & Transport","false","","regular","Chase Sapphire Reserve (9234)","","",""
"2024-09-24","Caviar","34.44","posted","Food Delivery","Food & Drink","false","","regular","Amex Gold (3012)","","",""
"2024-09-24","Jack's Wife & Freda","35.03","posted","Brunch","Food & Drink","false","","regular","Amex Gold (3012)","","",""
"2024-09-24","Chase CC Payment - Sapphire Reserve","1321.03","posted","Credit Card Payment","","true","","internal transfer","Chase Checking (5567)","","",""
"2024-09-24","Blue Bottle Coffee","3.57","posted","Cafés","Food & Drink","false","","regular","Amex Gold (3012)","","",""
"2024-09-24","DoorDash","22.35","posted","Food Delivery","Food & Drink","false","","regular","Amex Gold (3012)","","",""
"2024-09-24","DoorDash","21.64","posted","Food Delivery","Food & Drink","false","","regular","Amex Gold (3012)","","",""
"2024-09-24","Abercrombie & Fitch","108.4","posted","Clothing","Shopping","false","","regular","Amex Gold (3012)","","",""
"2024-09-25","Equinox","269.67","posted","Gym Membership","","false","","regular","Chase Checking (5567)","","",""
"2024-09-25","Uber Eats","53.79","posted","Food Delivery","Food & Drink","false","","regular","Amex Gold (3012)","","",""
"2024-09-25","Rumble Boxing","14.1","posted","Fitness Classes","","false","","regular","Chase Checking (5567)","","",""
"2024-09-26","DoorDash","29.26","posted","Food Delivery","Food & Drink","false","","regular","Amex Gold (3012)","","",""
"2024-09-26","Devocion","6.74","posted","Cafés","Food & Drink","false","","regular","Amex Gold (3012)","","",""
"2024-09-26","Gristedes","47.34","posted","Groceries","Food & Drink","false","","regular","Amex Gold (3012)","","",""
"2024-09-26","Blue Bottle Coffee","17.67","posted","Cafés","Food & Drink","false","","regular","Amex Gold (3012)","","",""
"2024-09-26","PATH Tapp Paygo","2.9","posted","Transit","Car & Transport","false","","regular","Chase Sapphire Reserve (9234)","","",""
"2024-09-26","Peloton Studio","26.77","posted","Fitness Classes","","false","","regular","Chase Checking (5567)","","",""
"2024-09-26","Cote Korean Steakhouse","112.12","posted","Restaurants","Food & Drink","false","","regular","Chase Sapphire Reserve (9234)","","",""
"2024-09-26","NYCT Paygo","3.0","posted","Transit","Car & Transport","false","","regular","Chase Sapphire Reserve (9234)","","",""
"2024-09-27","DoorDash","15.54","posted","Food Delivery","Food & Drink","false","","regular","Amex Gold (3012)","","",""
"2024-09-27","NYCT Paygo","3.0","posted","Transit","Car & Transport","false","","regular","Chase Sapphire Reserve (9234)","","",""
"2024-09-27","Devocion","7.39","posted","Cafés","Food & Drink","false","","regular","Amex Gold (3012)","","",""
"2024-09-27","NYCT Paygo","2.9","posted","Transit","Car & Transport","false","","regular","Chase Sapphire Reserve (9234)","","",""
"2024-09-27","Whole Foods Market","27.35","posted","Groceries","Food & Drink","false","","regular","Amex Gold (3012)","","",""
"2024-09-27","NYCT Paygo","3.0","posted","Transit","Car & Transport","false","","regular","Chase Sapphire Reserve (9234)","","",""
"2024-09-28","Katana Kitten","26.1","posted","Bars","Food & Drink","false","","regular","Chase Sapphire Reserve (9234)","","",""
"2024-09-28","AMC Theatres","29.35","posted","Entertainment","","false","","regular","Chase Sapphire Reserve (9234)","","",""
"2024-09-28","The Ivy","32.49","posted","London Expenses","","false","","regular","Chase Sapphire Reserve (9234)","","",""
"2024-09-28","DoorDash","13.82","posted","Food Delivery","Food & Drink","false","","regular","Amex Gold (3012)","","",""
"2024-09-28","DoorDash","41.86","posted","Food Delivery","Food & Drink","false","","regular","Amex Gold (3012)","","",""
"2024-09-28","Trader Joe's","37.65","posted","Groceries","Food & Drink","false","","regular","Amex Gold (3012)","","",""
"2024-09-28","Bemelmans Bar","42.59","posted","Bars","Food & Drink","false","","regular","Chase Sapphire Reserve (9234)","","",""
"2024-09-28","Marcus by Goldman Sachs - Interest","-72.28","posted","Interest Income","","true","","income","Marcus Savings (8841)","","",""
"2024-09-28","Le Crocodile","46.53","posted","Brunch","Food & Drink","false","","regular","Amex Gold (3012)","","",""
"2024-09-28","Amex Payment - Gold Card","2096.54","posted","Credit Card Payment","","true","","internal transfer","Chase Checking (5567)","","",""
"2024-09-28","The Musket Room","24.9","posted","Restaurants","Food & Drink","false","","regular","Chase Sapphire Reserve (9234)","","",""
"2024-09-28","Diamond Reef","43.6","posted","Bars","Food & Drink","false","","regular","Chase Sapphire Reserve (9234)","","",""
"2024-09-29","Uber Eats","9.8","posted","Food Delivery","Food & Drink","false","","regular","Amex Gold (3012)","","",""
"2024-09-29","Venmo - Dinner Split","14.99","posted","Venmo Social","","false","","regular","Venmo","","",""
"2024-09-29","Uber Eats","53.96","posted","Food Delivery","Food & Drink","false","","regular","Amex Gold (3012)","","",""
"2024-09-29","The Met","27.72","posted","Entertainment","","false","","regular","Chase Sapphire Reserve (9234)","","",""
"2024-09-30","Unknown","3225.0","posted","Rent","","false","","regular","Chase Checking (5567)","","",""
"2024-09-30","MTA*NYCT Paygo","2.9","posted","Transit","Car & Transport","false","","regular","Chase Sapphire Reserve (9234)","","",""
"2024-09-30","Unknown","3225.0","posted","Rent","","false","","regular","Chase Checking (5567)","","",""
"2024-09-30","Bemelmans Bar","24.96","posted","Bars","Food & Drink","false","","regular","Chase Sapphire Reserve (9234)","","",""
"2024-09-30","PATH Tapp Paygo","2.75","posted","Transit","Car & Transport","false","","regular","Chase Sapphire Reserve (9234)","","",""
"2024-09-30","MTA*NYCT Paygo","2.75","posted","Transit","Car & Transport","false","","regular","Chase Sapphire Reserve (9234)","","",""
"2024-10-01","Venmo - Uber Split","10.27","posted","Venmo Social","","false","","regular","Venmo","","",""
"2024-10-01","MTA*NYCT Paygo","2.9","posted","Transit","Car & Transport","false","","regular","Chase Sapphire Reserve (9234)","","",""
"2024-10-01","La Colombe","7.98","posted","Cafés","Food & Drink","false","","regular","Amex Gold (3012)","","",""
"2024-10-01","Joe Coffee","24.8","posted","Cafés","Food & Drink","false","","regular","Amex Gold (3012)","","",""
"2024-10-01","Zelle - Landlord","3231.25","posted","Rent","","false","","regular","Chase Checking (5567)","","",""
"2024-10-01","NYCT Paygo","3.0","posted","Transit","Car & Transport","false","","regular","Chase Sapphire Reserve (9234)","","",""
"2024-10-02","Blank Street Coffee","10.15","posted","Cafés","Food & Drink","false","","regular","Amex Gold (3012)","","",""
"2024-10-02","Spotify","12.99","posted","Subscriptions","","false","","regular","Chase Checking (5567)","","",""
"2024-10-02","Venmo - Drinks Split","18.52","posted","Venmo Social","","false","","regular","Venmo","","",""
"2024-10-02","Seamless","33.82","posted","Food Delivery","Food & Drink","false","","regular","Amex Gold (3012)","","",""
"2024-10-03","Birch Coffee","4.12","posted","Cafés","Food & Drink","false","","regular","Amex Gold (3012)","","",""
"2024-10-03","Starbucks","6.18","posted","Cafés","Food & Drink","false","","regular","Amex Gold (3012)","","",""
"2024-10-03","DoorDash","12.41","posted","Food Delivery","Food & Drink","false","","regular","Amex Gold (3012)","","",""
"2024-10-03","Netflix","15.49","posted","Subscriptions","","false","","regular","Chase Checking (5567)","","",""
"2024-10-03","Apple One","17.99","posted","Subscriptions","","false","","regular","Chase Checking (5567)","","",""
"2024-10-03","iCloud Storage","9.99","posted","Subscriptions","","false","","regular","Chase Checking (5567)","","",""
"2024-10-03","ClassPass","14.99","posted","Subscriptions","","false","","regular","Chase Checking (5567)","","",""
"2024-10-03","NYCT Paygo","2.75","posted","Transit","Car & Transport","false","","regular","Chase Sapphire Reserve (9234)","","",""
"2024-10-04","Abraço","4.06","posted","Cafés","Food & Drink","false","","regular","Amex Gold (3012)","","",""
"2024-10-04","Transfer to Marcus Savings","2065.14","posted","Savings Transfer","","true","","internal transfer","Chase Checking (5567)","","",""
"2024-10-04","ADP Payroll - Direct Deposit","-4748.33","posted","Income","","true","","income","Chase Checking (5567)","","",""
"2024-10-05","Westside Market","24.13","posted","Groceries","Food & Drink","false","","regular","Amex Gold (3012)","","",""
"2024-10-06","DoorDash","34.34","posted","Food Delivery","Food & Drink","false","","regular","Amex Gold (3012)","","",""
"2024-10-06","DoorDash","35.89","posted","Food Delivery","Food & Drink","false","","regular","Amex Gold (3012)","","",""
"2024-10-06","Jack's Wife & Freda","19.94","posted","Brunch","Food & Drink","false","","regular","Amex Gold (3012)","","",""
"2024-10-06","Peloton Studio","24.65","posted","Fitness Classes","","false","","regular","Chase Checking (5567)","","",""
"2024-10-06","Bubby's","44.1","posted","Brunch","Food & Drink","false","","regular","Amex Gold (3012)","","",""
"2024-10-06","DoorDash","22.73","posted","Food Delivery","Food & Drink","false","","regular","Amex Gold (3012)","","",""
"2024-10-07","Uber Eats","25.52","posted","Food Delivery","Food & Drink","false","","regular","Amex Gold (3012)","","",""
"2024-10-07","NYCT Paygo","2.9","posted","Transit","Car & Transport","false","","regular","Chase Sapphire Reserve (9234)","","",""
"2024-10-07","Chase CC Payment - Sapphire Reserve","2863.88","posted","Credit Card Payment","","true","","internal transfer","Chase Checking (5567)","","",""
"2024-10-07","Uber Eats","21.08","posted","Food Delivery","Food & Drink","false","","regular","Amex Gold (3012)","","",""
"2024-10-07","La Colombe","18.53","posted","Cafés","Food & Drink","false","","regular","Amex Gold (3012)","","",""
"2024-10-08","MTA*NYCT Paygo","2.9","posted","Transit","Car & Transport","false","","regular","Chase Sapphire Reserve (9234)","","",""
"2024-10-08","Via","3.32","posted","Rideshare","Car & Transport","false","","regular","Chase Sapphire Reserve (9234)","","",""
"2024-10-08","Uber Eats","18.46","posted","Food Delivery","Food & Drink","false","","regular","Amex Gold (3012)","","",""
"2024-10-09","NYCT Paygo","2.9","posted","Transit","Car & Transport","false","","regular","Chase Sapphire Reserve (9234)","","",""
"2024-10-09","Joe Coffee","14.92","posted","Cafés","Food & Drink","false","","regular","Amex Gold (3012)","","",""
"2024-10-09","Uber Eats","36.96","posted","Food Delivery","Food & Drink","false","","regular","Amex Gold (3012)","","",""
"2024-10-09","DoorDash","20.9","posted","Food Delivery","Food & Drink","false","","regular","Amex Gold (3012)","","",""
"2024-10-09","NYCT Paygo","3.0","posted","Transit","Car & Transport","false","","regular","Chase Sapphire Reserve (9234)","","",""
"2024-10-09","Grubhub","16.6","posted","Food Delivery","Food & Drink","false","","regular","Amex Gold (3012)","","",""
"2024-10-09","Reformation","110.36","posted","Clothing","Shopping","false","","regular","Amex Gold (3012)","","",""
"2024-10-09","Estela","72.11","posted","Restaurants","Food & Drink","false","","regular","Chase Sapphire Reserve (9234)","","",""
"2024-10-10","Reformation","26.49","posted","Clothing","Shopping","false","","regular","Amex Gold (3012)","","",""
"2024-10-10","DoorDash","21.25","posted","Food Delivery","Food & Drink","false","","regular","Amex Gold (3012)","","",""
"2024-10-10","Amazon","36.8","posted","General Shopping","Shopping","false","","regular","Chase Sapphire Reserve (9234)","","",""
"2024-10-10","DoorDash","29.61","posted","Food Delivery","Food & Drink","false","","regular","Amex Gold (3012)","","",""
"2024-10-10","MTA*NYCT Paygo","2.9","posted","Transit","Car & Transport","false","","regular","Chase Sapphire Reserve (9234)","","",""
"2024-10-10","PATH Tapp Paygo","2.9","posted","Transit","Car & Transport","false","","regular","Chase Sapphire Reserve (9234)","","",""
"2024-10-10","NYCT Paygo","2.9","posted","Transit","Car & Transport","false","","regular","Chase Sapphire Reserve (9234)","","",""
"2024-10-11","Peloton Studio - Refund","-24.65","posted","Fitness Classes","","false","","regular","Chase Checking (5567)","","",""
"2024-10-11","MTA*NYCT Paygo","2.9","posted","Transit","Car & Transport","false","","regular","Chase Sapphire Reserve (9234)","","",""
"2024-10-11","DoorDash","52.41","posted","Food Delivery","Food & Drink","false","","regular","Amex Gold (3012)","","",""
"2024-10-11","MTA*NYCT Paygo","2.9","posted","Transit","Car & Transport","false","","regular","Chase Sapphire Reserve (9234)","","",""
"2024-10-12","DoorDash","47.04","posted","Food Delivery","Food & Drink","false","","regular","Amex Gold (3012)","","",""
"2024-10-12","Altro Paradiso","34.72","posted","Restaurants","Food & Drink","false","","regular","Chase Sapphire Reserve (9234)","","",""
"2024-10-12","AMC Theatres","14.62","posted","Entertainment","","false","","regular","Chase Sapphire Reserve (9234)","","",""
"2024-10-12","DoorDash","15.36","posted","Food Delivery","Food & Drink","false","","regular","Amex Gold (3012)","","",""
"2024-10-13","Uber Eats","61.52","posted","Food Delivery","Food & Drink","false","","regular","Amex Gold (3012)","","",""
"2024-10-13","AMC Theatres","15.82","posted","Entertainment","","false","","regular","Chase Sapphire Reserve (9234)","","",""
"2024-10-13","PATH Tapp Paygo","2.9","posted","Transit","Car & Transport","false","","regular","Chase Sapphire Reserve (9234)","","",""
"2024-10-13","Tatiana","11.38","posted","Restaurants","Food & Drink","false","","regular","Chase Sapphire Reserve (9234)","","",""
"2024-10-14","Bemelmans Bar","14.89","posted","Bars","Food & Drink","false","","regular","Chase Sapphire Reserve (9234)","","",""
"2024-10-14","Uber Eats","35.01","posted","Food Delivery","Food & Drink","false","","regular","Amex Gold (3012)","","",""
"2024-10-14","MTA*NYCT Paygo","2.9","posted","Transit","Car & Transport","false","","regular","Chase Sapphire Reserve (9234)","","",""
"2024-10-14","Sadelle's","87.49","posted","Brunch","Food & Drink","false","","regular","Amex Gold (3012)","","",""
"2024-10-14","Heyday Facial","36.41","posted","Personal Care","Personal Care","false","","regular","Amex Gold (3012)","","",""
"2024-10-14","NYCT Paygo","2.9","posted","Transit","Car & Transport","false","","regular","Chase Sapphire Reserve (9234)","","",""
"2024-10-14","NYCT Paygo","3.0","posted","Transit","Car & Transport","false","","regular","Chase Sapphire Reserve (9234)","","",""
"2024-10-15","Blue Bottle Coffee","3.54","posted","Cafés","Food & Drink","false","","regular","Amex Gold (3012)","","",""
"2024-10-15","MTA*NYCT Paygo","3.0","posted","Transit","Car & Transport","false","","regular","Chase Sapphire Reserve (9234)","","",""
"2024-10-15","DoorDash","18.18","posted","Food Delivery","Food & Drink","false","","regular","Amex Gold (3012)","","",""
"2024-10-15","Olmsted","76.81","posted","Restaurants","Food & Drink","false","","regular","Chase Sapphire Reserve (9234)","","",""
"2024-10-15","PATH Tapp Paygo","2.9","posted","Transit","Car & Transport","false","","regular","Chase Sapphire Reserve (9234)","","",""
"2024-10-15","MTA*NYCT Paygo","3.0","posted","Transit","Car & Transport","false","","regular","Chase Sapphire Reserve (9234)","","",""
"2024-10-16","DoorDash","22.01","posted","Food Delivery","Food & Drink","false","","regular","Amex Gold (3012)","","",""
"2024-10-16","Bubby's","44.31","posted","Brunch","Food & Drink","false","","regular","Amex Gold (3012)","","",""
"2024-10-16","Gregory's Coffee","13.0","posted","Cafés","Food & Drink","false","","regular","Amex Gold (3012)","","",""
"2024-10-16","Starbucks","10.08","posted","Cafés","Food & Drink","false","","regular","Amex Gold (3012)","","",""
"2024-10-16","Seamless","52.47","posted","Food Delivery","Food & Drink","false","","regular","Amex Gold (3012)","","",""
"2024-10-16","Via Carota","46.5","posted","Restaurants","Food & Drink","false","","regular","Chase Sapphire Reserve (9234)","","",""
"2024-10-17","DoorDash","62.63","posted","Food Delivery","Food & Drink","false","","regular","Amex Gold (3012)","","",""
"2024-10-17","Uber Eats","72.8","posted","Food Delivery","Food & Drink","false","","regular","Amex Gold (3012)","","",""
"2024-10-17","Uber","15.04","posted","Rideshare","Car & Transport","false","","regular","Chase Sapphire Reserve (9234)","","",""
"2024-10-17","Café Mogador","36.02","posted","Brunch","Food & Drink","false","","regular","Amex Gold (3012)","","",""
"2024-10-17","La Colombe","24.54","posted","Cafés","Food & Drink","false","","regular","Amex Gold (3012)","","",""
"2024-10-17","Chase CC Payment - Sapphire Reserve","1065.48","posted","Credit Card Payment","","true","","internal transfer","Chase Checking (5567)","","",""
"2024-10-18","DoorDash","59.81","posted","Food Delivery","Food & Drink","false","","regular","Amex Gold (3012)","","",""
"2024-10-18","ADP Payroll - Direct Deposit","-4727.68","posted","Income","","true","","income","Chase Checking (5567)","","",""
"2024-10-18","PATH Tapp Paygo","2.75","posted","Transit","Car & Transport","false","","regular","Chase Sapphire Reserve (9234)","","",""
"2024-10-18","Transfer to Marcus Savings","1835.29","posted","Savings Transfer","","true","","internal transfer","Chase Checking (5567)","","",""
"2024-10-18","Katana Kitten","21.4","posted","Bars","Food & Drink","false","","regular","Chase Sapphire Reserve (9234)","","",""
"2024-10-19","Starbucks","3.9","posted","Cafés","Food & Drink","false","","regular","Amex Gold (3012)","","",""
"2024-10-19","Seamless","46.46","posted","Food Delivery","Food & Drink","false","","regular","Amex Gold (3012)","","",""
"2024-10-19","Jack's Wife & Freda","38.84","posted","Brunch","Food & Drink","false","","regular","Amex Gold (3012)","","",""
"2024-10-19","Estela","19.43","posted","Restaurants","Food & Drink","false","","regular","Chase Sapphire Reserve (9234)","","",""
"2024-10-20","Uber Eats","24.21","posted","Food Delivery","Food & Drink","false","","regular","Amex Gold (3012)","","",""
"2024-10-20","DoorDash","33.3","posted","Food Delivery","Food & Drink","false","","regular","Amex Gold (3012)","","",""
"2024-10-20","Rumble Boxing","14.95","posted","Fitness Classes","","false","","regular","Chase Checking (5567)","","",""
"2024-10-21","DoorDash","75.84","posted","Food Delivery","Food & Drink","false","","regular","Amex Gold (3012)","","",""
"2024-10-21","MTA*NYCT Paygo","2.9","posted","Transit","Car & Transport","false","","regular","Chase Sapphire Reserve (9234)","","",""
"2024-10-21","Uber Eats","21.19","posted","Food Delivery","Food & Drink","false","","regular","Amex Gold (3012)","","",""
"2024-10-21","NYCT Paygo","2.9","posted","Transit","Car & Transport","false","","regular","Chase Sapphire Reserve (9234)","","",""
"2024-10-21","PATH Tapp Paygo","2.9","posted","Transit","Car & Transport","false","","regular","Chase Sapphire Reserve (9234)","","",""
"2024-10-21","Westside Market","67.53","posted","Groceries","Food & Drink","false","","regular","Amex Gold (3012)","","",""
"2024-10-22","Amex Payment - Gold Card","3320.52","posted","Credit Card Payment","","true","","internal transfer","Chase Checking (5567)","","",""
"2024-10-23","Sugarfish","119.62","posted","Restaurants","Food & Drink","false","","regular","Chase Sapphire Reserve (9234)","","",""
"2024-10-23","Joe Coffee","5.04","posted","Cafés","Food & Drink","false","","regular","Amex Gold (3012)","","",""
"2024-10-23","NYCT Paygo","2.9","posted","Transit","Car & Transport","false","","regular","Chase Sapphire Reserve (9234)","","",""
"2024-10-24","Olmsted","24.71","posted","Restaurants","Food & Drink","false","","regular","Chase Sapphire Reserve (9234)","","",""
"2024-10-24","MTA*NYCT Paygo","3.0","posted","Transit","Car & Transport","false","","regular","Chase Sapphire Reserve (9234)","","",""
"2024-10-24","Aritzia","62.57","posted","Clothing","Shopping","false","","regular","Amex Gold (3012)","","",""
"2024-10-24","DoorDash","71.44","posted","Food Delivery","Food & Drink","false","","regular","Amex Gold (3012)","","",""
"2024-10-24","Seamless","93.99","posted","Food Delivery","Food & Drink","false","","regular","Amex Gold (3012)","","",""
"2024-10-25","Starbucks","19.39","posted","Cafés","Food & Drink","false","","regular","Amex Gold (3012)","","",""
"2024-10-25","MTA*NYCT Paygo","3.0","posted","Transit","Car & Transport","false","","regular","Chase Sapphire Reserve (9234)","","",""
"2024-10-25","NYCT Paygo","2.9","posted","Transit","Car & Transport","false","","regular","Chase Sapphire Reserve (9234)","","",""
"2024-10-26","NYCT Paygo","2.9","posted","Transit","Car & Transport","false","","regular","Chase Sapphire Reserve (9234)","","",""
"2024-10-26","Ruby's Cafe","33.57","posted","Brunch","Food & Drink","false","","regular","Amex Gold (3012)","","",""
"2024-10-27","Grubhub","33.07","posted","Food Delivery","Food & Drink","false","","regular","Amex Gold (3012)","","",""
"2024-10-27","Chase CC Payment - Sapphire Reserve","3066.42","posted","Credit Card Payment","","true","","internal transfer","Chase Checking (5567)","","",""
"2024-10-27","NYCT Paygo","3.0","posted","Transit","Car & Transport","false","","regular","Chase Sapphire Reserve (9234)","","",""
"2024-10-27","Devocion","6.16","posted","Cafés","Food & Drink","false","","regular","Amex Gold (3012)","","",""
"2024-10-28","Uber","30.24","posted","Rideshare","Car & Transport","false","","regular","Chase Sapphire Reserve (9234)","","",""
"2024-10-28","Marcus by Goldman Sachs - Interest","-73.48","posted","Interest Income","","true","","income","Marcus Savings (8841)","","",""
"2024-10-28","NYCT Paygo","2.9","posted","Transit","Car & Transport","false","","regular","Chase Sapphire Reserve (9234)","","",""
"2024-10-28","Uber Eats","39.72","posted","Food Delivery","Food & Drink","false","","regular","Amex Gold (3012)","","",""
"2024-10-29","MTA*NYCT Paygo","2.9","posted","Transit","Car & Transport","false","","regular","Chase Sapphire Reserve (9234)","","",""
"2024-10-29","NYCT Paygo","2.75","posted","Transit","Car & Transport","false","","regular","Chase Sapphire Reserve (9234)","","",""
"2024-10-29","DoorDash","20.03","posted","Food Delivery","Food & Drink","false","","regular","Amex Gold (3012)","","",""
"2024-10-29","Starbucks","20.31","posted","Cafés","Food & Drink","false","","regular","Amex Gold (3012)","","",""
"2024-10-29","DoorDash","30.98","posted","Food Delivery","Food & Drink","false","","regular","Amex Gold (3012)","","",""
"2024-10-30","DoorDash","28.56","posted","Food Delivery","Food & Drink","false","","regular","Amex Gold (3012)","","",""
"2024-10-30","DoorDash","31.51","posted","Food Delivery","Food & Drink","false","","regular","Amex Gold (3012)","","",""
"2024-10-30","Uber Eats","18.25","posted","Food Delivery","Food & Drink","false","","regular","Amex Gold (3012)","","",""
"2024-10-30","Equinox","237.41","posted","Gym Membership","","false","","regular","Chase Checking (5567)","","",""
"2024-10-30","DoorDash","50.24","posted","Food Delivery","Food & Drink","false","","regular","Amex Gold (3012)","","",""
"2024-10-30","NYCT Paygo","2.75","posted","Transit","Car & Transport","false","","regular","Chase Sapphire Reserve (9234)","","",""
"2024-10-30","Starbucks","8.18","posted","Cafés","Food & Drink","false","","regular","Amex Gold (3012)","","",""
"2024-10-30","DoorDash","32.6","posted","Food Delivery","Food & Drink","false","","regular","Amex Gold (3012)","","",""
"2024-10-31","NYCT Paygo","2.9","posted","Transit","Car & Transport","false","","regular","Chase Sapphire Reserve (9234)","","",""
"2024-10-31","NYCT Paygo","3.0","posted","Transit","Car & Transport","false","","regular","Chase Sapphire Reserve (9234)","","",""
"2024-10-31","La Colombe","7.0","posted","Cafés","Food & Drink","false","","regular","Amex Gold (3012)","","",""
"2024-10-31","Seamless","44.1","posted","Food Delivery","Food & Drink","false","","regular","Amex Gold (3012)","","",""
"2024-10-31","Equinox+","243.42","posted","Gym Membership","","false","","regular","Chase Checking (5567)","","",""
"2024-10-31","Venmo - Friend Split","14.57","posted","Venmo Social","","false","","regular","Venmo","","",""
"2024-11-01","ADP Payroll - Direct Deposit","-4828.03","posted","Income","","true","","income","Chase Checking (5567)","","",""
"2024-11-01","DoorDash","12.81","posted","Food Delivery","Food & Drink","false","","regular","Amex Gold (3012)","","",""
"2024-11-01","DoorDash","22.2","posted","Food Delivery","Food & Drink","false","","regular","Amex Gold (3012)","","",""
"2024-11-01","Seamless","22.36","posted","Food Delivery","Food & Drink","false","","regular","Amex Gold (3012)","","",""
"2024-11-01","DoorDash","26.01","posted","Food Delivery","Food & Drink","false","","regular","Amex Gold (3012)","","",""
"2024-11-01","Transfer to Marcus Savings","2031.94","posted","Savings Transfer","","true","","internal transfer","Chase Checking (5567)","","",""
"2024-11-01","Zelle - Landlord","3237.5","posted","Rent","","false","","regular","Chase Checking (5567)","","",""
"2024-11-01","iCloud Storage","9.99","posted","Subscriptions","","false","","regular","Chase Checking (5567)","","",""
"2024-11-01","Glossier","44.29","posted","General Shopping","Shopping","false","","regular","Chase Sapphire Reserve (9234)","","",""
"2024-11-01","Uber","14.08","posted","Rideshare","Car & Transport","false","","regular","Chase Sapphire Reserve (9234)","","",""
"2024-11-01","MTA*NYCT Paygo","3.0","posted","Transit","Car & Transport","false","","regular","Chase Sapphire Reserve (9234)","","",""
"2024-11-01","DoorDash","18.65","posted","Food Delivery","Food & Drink","false","","regular","Amex Gold (3012)","","",""
"2024-11-02","Spotify","12.99","posted","Subscriptions","","false","","regular","Chase Checking (5567)","","",""
"2024-11-02","Jack's Wife & Freda","40.81","posted","Brunch","Food & Drink","false","","regular","Amex Gold (3012)","","",""
"2024-11-02","Egg Shop","24.65","posted","Brunch","Food & Drink","false","","regular","Amex Gold (3012)","","",""
"2024-11-02","Existing Conditions","21.1","posted","Bars","Food & Drink","false","","regular","Chase Sapphire Reserve (9234)","","",""
"2024-11-02","Lululemon","24.11","posted","General Shopping","Shopping","false","","regular","Chase Sapphire Reserve (9234)","","",""
"2024-11-02","Lululemon","12.05","posted","General Shopping","Shopping","false","","regular","Chase Sapphire Reserve (9234)","","",""
"2024-11-03","Clover Club","51.45","posted","Bars","Food & Drink","false","","regular","Chase Sapphire Reserve (9234)","","",""
"2024-11-04","Blue Bottle Coffee","16.48","posted","Cafés","Food & Drink","false","","regular","Amex Gold (3012)","","",""
"2024-11-04","SoulCycle","16.3","posted","Fitness Classes","","false","","regular","Chase Checking (5567)","","",""
"2024-11-04","Blank Street Coffee","5.0","posted","Cafés","Food & Drink","false","","regular","Amex Gold (3012)","","",""
"2024-11-04","Blank Street Coffee","3.21","posted","Cafés","Food & Drink","false","","regular","Amex Gold (3012)","","",""
"2024-11-04","La Colombe","10.6","posted","Cafés","Food & Drink","false","","regular","Amex Gold (3012)","","",""
"2024-11-04","Seamless","73.79","posted","Food Delivery","Food & Drink","false","","regular","Amex Gold (3012)","","",""
"2024-11-05","NYCT Paygo","2.9","posted","Transit","Car & Transport","false","","regular","Chase Sapphire Reserve (9234)","","",""
"2024-11-05","Seamless","29.13","posted","Food Delivery","Food & Drink","false","","regular","Amex Gold (3012)","","",""
"2024-11-05","Trader Joe's","11.95","posted","Groceries","Food & Drink","false","","regular","Amex Gold (3012)","","",""
"2024-11-05","DoorDash - Refund","-50.24","posted","Food Delivery","Food & Drink","false","","regular","Amex Gold (3012)","","",""
"2024-11-05","Uber Eats","39.01","posted","Food Delivery","Food & Drink","false","","regular","Amex Gold (3012)","","",""
"2024-11-06","MTA*NYCT Paygo","2.75","posted","Transit","Car & Transport","false","","regular","Chase Sapphire Reserve (9234)","","",""
"2024-11-06","NYCT Paygo","3.0","posted","Transit","Car & Transport","false","","regular","Chase Sapphire Reserve (9234)","","",""
"2024-11-06","Uber Eats","38.95","posted","Food Delivery","Food & Drink","false","","regular","Amex Gold (3012)","","",""
"2024-11-06","Abraço","6.27","posted","Cafés","Food & Drink","false","","regular","Amex Gold (3012)","","",""
"2024-11-06","PATH Tapp Paygo","3.0","posted","Transit","Car & Transport","false","","regular","Chase Sapphire Reserve (9234)","","",""
"2024-11-06","PATH Tapp Paygo","2.75","posted","Transit","Car & Transport","false","","regular","Chase Sapphire Reserve (9234)","","",""
"2024-11-06","DoorDash","21.26","posted","Food Delivery","Food & Drink","false","","regular","Amex Gold (3012)","","",""
"2024-11-07","Trader Joe's","27.18","posted","Groceries","Food & Drink","false","","regular","Amex Gold (3012)","","",""
"2024-11-07","PATH Tapp Paygo","3.0","posted","Transit","Car & Transport","false","","regular","Chase Sapphire Reserve (9234)","","",""
"2024-11-07","Starbucks","6.88","posted","Cafés","Food & Drink","false","","regular","Amex Gold (3012)","","",""
"2024-11-07","Solidcore","21.17","posted","Fitness Classes","","false","","regular","Chase Checking (5567)","","",""
"2024-11-07","Venmo - Brunch Split","17.15","posted","Venmo Social","","false","","regular","Venmo","","",""
"2024-11-08","Blue Bottle Coffee","20.35","posted","Cafés","Food & Drink","false","","regular","Amex Gold (3012)","","",""
"2024-11-08","NYCT Paygo","3.0","posted","Transit","Car & Transport","false","","regular","Chase Sapphire Reserve (9234)","","",""
"2024-11-08","Uber Eats","37.79","posted","Food Delivery","Food & Drink","false","","regular","Amex Gold (3012)","","",""
"2024-11-08","Seamless","21.15","posted","Food Delivery","Food & Drink","false","","regular","Amex Gold (3012)","","",""
"2024-11-08","Netflix","15.49","posted","Subscriptions","","false","","regular","Chase Checking (5567)","","",""
"2024-11-08","MTA*NYCT Paygo","3.0","posted","Transit","Car & Transport","false","","regular","Chase Sapphire Reserve (9234)","","",""
"2024-11-08","ClassPass","14.99","posted","Subscriptions","","false","","regular","Chase Checking (5567)","","",""
"2024-11-08","Apple One","17.99","posted","Subscriptions","","false","","regular","Chase Checking (5567)","","",""
"2024-11-09","Broadway/Telecharge","26.56","posted","Entertainment","","false","","regular","Chase Sapphire Reserve (9234)","","",""
"2024-11-09","Abraço","15.89","posted","Cafés","Food & Drink","false","","regular","Amex Gold (3012)","","",""
"2024-11-09","Aritzia","130.13","posted","Clothing","Shopping","false","","regular","Amex Gold (3012)","","",""
"2024-11-09","Seamless","70.0","posted","Food Delivery","Food & Drink","false","","regular","Amex Gold (3012)","","",""
"2024-11-09","DoorDash","13.49","posted","Food Delivery","Food & Drink","false","","regular","Amex Gold (3012)","","",""
"2024-11-10","Bubby's","30.83","posted","Brunch","Food & Drink","false","","regular","Amex Gold (3012)","","",""
"2024-11-10","Heyday Facial","110.74","posted","Personal Care","Personal Care","false","","regular","Amex Gold (3012)","","",""
"2024-11-10","DoorDash","107.85","posted","Food Delivery","Food & Drink","false","","regular","Amex Gold (3012)","","",""
"2024-11-10","AMC Theatres","10.55","posted","Entertainment","","false","","regular","Chase Sapphire Reserve (9234)","","",""
"2024-11-10","Caviar","17.83","posted","Food Delivery","Food & Drink","false","","regular","Amex Gold (3012)","","",""
"2024-11-10","Uber Eats","17.12","posted","Food Delivery","Food & Drink","false","","regular","Amex Gold (3012)","","",""
"2024-11-10","DoorDash","22.84","posted","Food Delivery","Food & Drink","false","","regular","Amex Gold (3012)","","",""
"2024-11-10","Ruby's Cafe","23.47","posted","Brunch","Food & Drink","false","","regular","Amex Gold (3012)","","",""
"2024-11-10","Grubhub","22.16","posted","Food Delivery","Food & Drink","false","","regular","Amex Gold (3012)","","",""
"2024-11-10","Lululemon","52.33","posted","General Shopping","Shopping","false","","regular","Chase Sapphire Reserve (9234)","","",""
"2024-11-10","Dudley's","42.38","posted","Brunch","Food & Drink","false","","regular","Amex Gold (3012)","","",""
"2024-11-10","DoorDash","20.82","posted","Food Delivery","Food & Drink","false","","regular","Amex Gold (3012)","","",""
"2024-11-10","Barry's Bootcamp","25.81","posted","Fitness Classes","","false","","regular","Chase Checking (5567)","","",""
"2024-11-11","Abraço","4.38","posted","Cafés","Food & Drink","false","","regular","Amex Gold (3012)","","",""
"2024-11-11","NYCT Paygo","2.75","posted","Transit","Car & Transport","false","","regular","Chase Sapphire Reserve (9234)","","",""
"2024-11-11","Equinox+","241.06","posted","Gym Membership","","false","","regular","Chase Checking (5567)","","",""
"2024-11-11","Uber","19.49","posted","Rideshare","Car & Transport","false","","regular","Chase Sapphire Reserve (9234)","","",""
"2024-11-11","Chase CC Payment - Sapphire Reserve","3409.86","posted","Credit Card Payment","","true","","internal transfer","Chase Checking (5567)","","",""
"2024-11-12","Blue Bottle Coffee","6.59","posted","Cafés","Food & Drink","false","","regular","Amex Gold (3012)","","",""
"2024-11-12","Starbucks","17.73","posted","Cafés","Food & Drink","false","","regular","Amex Gold (3012)","","",""
"2024-11-12","DoorDash","22.03","posted","Food Delivery","Food & Drink","false","","regular","Amex Gold (3012)","","",""
"2024-11-12","Sugarfish","67.03","posted","Restaurants","Food & Drink","false","","regular","Chase Sapphire Reserve (9234)","","",""
"2024-11-13","Seamless","19.69","posted","Food Delivery","Food & Drink","false","","regular","Amex Gold (3012)","","",""
"2024-11-13","Lilia","22.96","posted","Restaurants","Food & Drink","false","","regular","Chase Sapphire Reserve (9234)","","",""
"2024-11-13","Devocion","7.72","posted","Cafés","Food & Drink","false","","regular","Amex Gold (3012)","","",""
"2024-11-13","Uber Eats","53.51","posted","Food Delivery","Food & Drink","false","","regular","Amex Gold (3012)","","",""
"2024-11-14","Blue Bottle Coffee","5.27","posted","Cafés","Food & Drink","false","","regular","Amex Gold (3012)","","",""
"2024-11-14","Devocion","13.12","posted","Cafés","Food & Drink","false","","regular","Amex Gold (3012)","","",""
"2024-11-14","Abraço","5.68","posted","Cafés","Food & Drink","false","","regular","Amex Gold (3012)","","",""
"2024-11-14","Seamless","37.03","posted","Food Delivery","Food & Drink","false","","regular","Amex Gold (3012)","","",""
"2024-11-14","Venmo - Dinner Split","22.03","posted","Venmo Social","","false","","regular","Venmo","","",""
"2024-11-15","DoorDash","24.24","posted","Food Delivery","Food & Drink","false","","regular","Amex Gold (3012)","","",""
"2024-11-15","Tatiana","31.98","posted","Restaurants","Food & Drink","false","","regular","Chase Sapphire Reserve (9234)","","",""
"2024-11-15","Le Crocodile","29.39","posted","Brunch","Food & Drink","false","","regular","Amex Gold (3012)","","",""
"2024-11-15","PATH Tapp Paygo","2.9","posted","Transit","Car & Transport","false","","regular","Chase Sapphire Reserve (9234)","","",""
"2024-11-15","Transfer to Marcus Savings","2044.76","posted","Savings Transfer","","true","","internal transfer","Chase Checking (5567)","","",""
"2024-11-15","DoorDash","35.86","posted","Food Delivery","Food & Drink","false","","regular","Amex Gold (3012)","","",""
"2024-11-15","Uber Eats","32.14","posted","Food Delivery","Food & Drink","false","","regular","Amex Gold (3012)","","",""
"2024-11-15","ADP Payroll - Direct Deposit","-4899.89","posted","Income","","true","","income","Chase Checking (5567)","","",""
"2024-11-15","MTA*NYCT Paygo","3.0","posted","Transit","Car & Transport","false","","regular","Chase Sapphire Reserve (9234)","","",""
"2024-11-16","Caviar","25.2","posted","Food Delivery","Food & Drink","false","","regular","Amex Gold (3012)","","",""
"2024-11-16","Seamless","14.9","posted","Food Delivery","Food & Drink","false","","regular","Amex Gold (3012)","","",""
"2024-11-16","MTA*NYCT Paygo","2.75","posted","Transit","Car & Transport","false","","regular","Chase Sapphire Reserve (9234)","","",""
"2024-11-16","DoorDash","27.68","posted","Food Delivery","Food & Drink","false","","regular","Amex Gold (3012)","","",""
"2024-11-16","DoorDash","13.73","posted","Food Delivery","Food & Drink","false","","regular","Amex Gold (3012)","","",""
"2024-11-16","DoorDash","27.82","posted","Food Delivery","Food & Drink","false","","regular","Amex Gold (3012)","","",""
"2024-11-16","NYCT Paygo","3.0","posted","Transit","Car & Transport","false","","regular","Chase Sapphire Reserve (9234)","","",""
"2024-11-16","Seamless - Refund","-19.69","posted","Food Delivery","Food & Drink","false","","regular","Amex Gold (3012)","","",""
"2024-11-16","TJ Maxx","83.18","posted","General Shopping","Shopping","false","","regular","Chase Sapphire Reserve (9234)","","",""
"2024-11-17","Blue Bottle Coffee","15.1","posted","Cafés","Food & Drink","false","","regular","Amex Gold (3012)","","",""
"2024-11-17","Mace","87.0","posted","Bars","Food & Drink","false","","regular","Chase Sapphire Reserve (9234)","","",""
"2024-11-17","Uber Eats","20.57","posted","Food Delivery","Food & Drink","false","","regular","Amex Gold (3012)","","",""
"2024-11-18","La Colombe","6.6","posted","Cafés","Food & Drink","false","","regular","Amex Gold (3012)","","",""
"2024-11-18","Grubhub","41.3","posted","Food Delivery","Food & Drink","false","","regular","Amex Gold (3012)","","",""
"2024-11-18","Abraço","20.76","posted","Cafés","Food & Drink","false","","regular","Amex Gold (3012)","","",""
"2024-11-18","MTA*NYCT Paygo","3.0","posted","Transit","Car & Transport","false","","regular","Chase Sapphire Reserve (9234)","","",""
"2024-11-19","NYCT Paygo","2.75","posted","Transit","Car & Transport","false","","regular","Chase Sapphire Reserve (9234)","","",""
"2024-11-19","Chase CC Payment - Sapphire Reserve","2867.1","posted","Credit Card Payment","","true","","internal transfer","Chase Checking (5567)","","",""
"2024-11-19","Caviar","10.83","posted","Food Delivery","Food & Drink","false","","regular","Amex Gold (3012)","","",""
"2024-11-19","PATH Tapp Paygo","2.9","posted","Transit","Car & Transport","false","","regular","Chase Sapphire Reserve (9234)","","",""
"2024-11-19","Uber Eats","36.7","posted","Food Delivery","Food & Drink","false","","regular","Amex Gold (3012)","","",""
"2024-11-19","Gregory's Coffee","20.82","posted","Cafés","Food & Drink","false","","regular","Amex Gold (3012)","","",""
"2024-11-19","NYCT Paygo","2.75","posted","Transit","Car & Transport","false","","regular","Chase Sapphire Reserve (9234)","","",""
"2024-11-19","Westside Market","39.51","posted","Groceries","Food & Drink","false","","regular","Amex Gold (3012)","","",""
"2024-11-19","Uber Eats","27.02","posted","Food Delivery","Food & Drink","false","","regular","Amex Gold (3012)","","",""
"2024-11-20","Diamond Reef","19.53","posted","Bars","Food & Drink","false","","regular","Chase Sapphire Reserve (9234)","","",""
"2024-11-20","COS","44.15","posted","Clothing","Shopping","false","","regular","Amex Gold (3012)","","",""
"2024-11-21","Venmo - Friend Split","10.89","posted","Venmo Social","","false","","regular","Venmo","","",""
"2024-11-21","Equinox","265.16","posted","Gym Membership","","false","","regular","Chase Checking (5567)","","",""
"2024-11-21","NYCT Paygo","2.9","posted","Transit","Car & Transport","false","","regular","Chase Sapphire Reserve (9234)","","",""
"2024-11-22","PATH Tapp Paygo","2.9","posted","Transit","Car & Transport","false","","regular","Chase Sapphire Reserve (9234)","","",""
"2024-11-23","Broadway/Telecharge","19.09","posted","Entertainment","","false","","regular","Chase Sapphire Reserve (9234)","","",""
"2024-11-23","Uber","7.27","posted","Rideshare","Car & Transport","false","","regular","Chase Sapphire Reserve (9234)","","",""
"2024-11-23","Amazon","21.42","posted","General Shopping","Shopping","false","","regular","Chase Sapphire Reserve (9234)","","",""
"2024-11-23","Bonnie's","15.43","posted","Restaurants","Food & Drink","false","","regular","Chase Sapphire Reserve (9234)","","",""
"2024-11-23","Trader Joe's","31.38","posted","Groceries","Food & Drink","false","","regular","Amex Gold (3012)","","",""
"2024-11-23","Sadelle's","13.51","posted","Brunch","Food & Drink","false","","regular","Amex Gold (3012)","","",""
"2024-11-23","Unknown","3237.5","posted","Rent","","false","","regular","Chase Checking (5567)","","",""
"2024-11-24","Caviar","10.99","posted","Food Delivery","Food & Drink","false","","regular","Amex Gold (3012)","","",""
"2024-11-24","Caviar","14.37","posted","Food Delivery","Food & Drink","false","","regular","Amex Gold (3012)","","",""
"2024-11-24","Grubhub","43.09","posted","Food Delivery","Food & Drink","false","","regular","Amex Gold (3012)","","",""
"2024-11-24","British Airways","461.87","posted","Flights","","false","","regular","Chase Sapphire Reserve (9234)","","",""
"2024-11-24","Chase CC Payment - Sapphire Reserve","1112.56","posted","Credit Card Payment","","true","","internal transfer","Chase Checking (5567)","","",""
"2024-11-25","MTA*NYCT Paygo","3.0","posted","Transit","Car & Transport","false","","regular","Chase Sapphire Reserve (9234)","","",""
"2024-11-26","Amex Payment - Gold Card","4260.98","posted","Credit Card Payment","","true","","internal transfer","Chase Checking (5567)","","",""
"2024-11-26","MTA*NYCT Paygo","3.0","posted","Transit","Car & Transport","false","","regular","Chase Sapphire Reserve (9234)","","",""
"2024-11-26","Lyft","15.74","posted","Rideshare","Car & Transport","false","","regular","Chase Sapphire Reserve (9234)","","",""
"2024-11-26","Uber","7.4","posted","Rideshare","Car & Transport","false","","regular","Chase Sapphire Reserve (9234)","","",""
"2024-11-26","Estela","38.57","posted","Restaurants","Food & Drink","false","","regular","Chase Sapphire Reserve (9234)","","",""
"2024-11-26","PATH Tapp Paygo","2.9","posted","Transit","Car & Transport","false","","regular","Chase Sapphire Reserve (9234)","","",""
"2024-11-26","Blue Bottle Coffee","9.87","posted","Cafés","Food & Drink","false","","regular","Amex Gold (3012)","","",""
"2024-11-26","DoorDash","25.68","posted","Food Delivery","Food & Drink","false","","regular","Amex Gold (3012)","","",""
"2024-11-26","MTA*NYCT Paygo","3.0","posted","Transit","Car & Transport","false","","regular","Chase Sapphire Reserve (9234)","","",""
"2024-11-26","DoorDash","15.25","posted","Food Delivery","Food & Drink","false","","regular","Amex Gold (3012)","","",""
"2024-11-26","PATH Tapp Paygo","2.9","posted","Transit","Car & Transport","false","","regular","Chase Sapphire Reserve (9234)","","",""
"2024-11-27","MTA*NYCT Paygo","2.9","posted","Transit","Car & Transport","false","","regular","Chase Sapphire Reserve (9234)","","",""
"2024-11-27","NYCT Paygo","2.75","posted","Transit","Car & Transport","false","","regular","Chase Sapphire Reserve (9234)","","",""
"2024-11-28","Lyft","16.57","posted","Rideshare","Car & Transport","false","","regular","Chase Sapphire Reserve (9234)","","",""
"2024-11-28","Sadelle's","59.19","posted","Brunch","Food & Drink","false","","regular","Amex Gold (3012)","","",""
"2024-11-28","MTA*NYCT Paygo","2.9","posted","Transit","Car & Transport","false","","regular","Chase Sapphire Reserve (9234)","","",""
"2024-11-28","Marcus by Goldman Sachs - Interest","-36.0","posted","Interest Income","","true","","income","Marcus Savings (8841)","","",""
"2024-11-28","NYCT Paygo","2.9","posted","Transit","Car & Transport","false","","regular","Chase Sapphire Reserve (9234)","","",""
"2024-11-28","Nail Salon","68.07","posted","Personal Care","Personal Care","false","","regular","Amex Gold (3012)","","",""
"2024-11-29","Transfer to Marcus Savings","1504.3","posted","Savings Transfer","","true","","internal transfer","Chase Checking (5567)","","",""
"2024-11-29","NYCT Paygo","2.9","posted","Transit","Car & Transport","false","","regular","Chase Sapphire Reserve (9234)","","",""
"2024-11-29","Grubhub","37.78","posted","Food Delivery","Food & Drink","false","","regular","Amex Gold (3012)","","",""
"2024-11-29","DoorDash","86.96","posted","Food Delivery","Food & Drink","false","","regular","Amex Gold (3012)","","",""
"2024-11-29","PATH Tapp Paygo","2.9","posted","Transit","Car & Transport","false","","regular","Chase Sapphire Reserve (9234)","","",""
"2024-11-29","DoorDash","15.5","posted","Food Delivery","Food & Drink","false","","regular","Amex Gold (3012)","","",""
"2024-11-29","ADP Payroll - Direct Deposit","-4776.84","posted","Income","","true","","income","Chase Checking (5567)","","",""
"2024-11-30","Devocion","2.5","posted","Cafés","Food & Drink","false","","regular","Amex Gold (3012)","","",""
"2024-11-30","PATH Tapp Paygo","2.9","posted","Transit","Car & Transport","false","","regular","Chase Sapphire Reserve (9234)","","",""
"2024-11-30","Via Carota","137.51","posted","Restaurants","Food & Drink","false","","regular","Chase Sapphire Reserve (9234)","","",""
"2024-11-30","Brooklyn Museum","11.4","posted","Entertainment","","false","","regular","Chase Sapphire Reserve (9234)","","",""
"2024-12-01","Zelle - Landlord","3243.75","posted","Rent","","false","","regular","Chase Checking (5567)","","",""
"2024-12-01","Caviar","27.92","posted","Food Delivery","Food & Drink","false","","regular","Amex Gold (3012)","","",""
"2024-12-01","Two Hands","65.62","posted","Brunch","Food & Drink","false","","regular","Amex Gold (3012)","","",""
"2024-12-01","Barry's Bootcamp","24.92","posted","Fitness Classes","","false","","regular","Chase Checking (5567)","","",""
"2024-12-02","Uber Eats","21.17","posted","Food Delivery","Food & Drink","false","","regular","Amex Gold (3012)","","",""
"2024-12-02","PATH Tapp Paygo - Refund","-2.9","posted","Transit","Car & Transport","false","","regular","Chase Sapphire Reserve (9234)","","",""
"2024-12-02","Joe Coffee","15.7","posted","Cafés","Food & Drink","false","","regular","Amex Gold (3012)","","",""
"2024-12-02","Venmo - Uber Split","40.42","posted","Venmo Social","","false","","regular","Venmo","","",""
"2024-12-02","Whole Foods Market","72.2","posted","Groceries","Food & Drink","false","","regular","Amex Gold (3012)","","",""
"2024-12-02","MTA*NYCT Paygo","2.9","posted","Transit","Car & Transport","false","","regular","Chase Sapphire Reserve (9234)","","",""
"2024-12-02","Equinox+","281.13","posted","Gym Membership","","false","","regular","Chase Checking (5567)","","",""
"2024-12-02","Barry's Bootcamp","39.26","posted","Fitness Classes","","false","","regular","Chase Checking (5567)","","",""
"2024-12-02","Uber Eats","27.25","posted","Food Delivery","Food & Drink","false","","regular","Amex Gold (3012)","","",""
"2024-12-02","MTA*NYCT Paygo","3.0","posted","Transit","Car & Transport","false","","regular","Chase Sapphire Reserve (9234)","","",""
"2024-12-02","DoorDash","11.86","posted","Food Delivery","Food & Drink","false","","regular","Amex Gold (3012)","","",""
"2024-12-02","Apple One","17.99","posted","Subscriptions","","false","","regular","Chase Checking (5567)","","",""
"2024-12-02","iCloud Storage","9.99","posted","Subscriptions","","false","","regular","Chase Checking (5567)","","",""
"2024-12-03","PATH Tapp Paygo","2.9","posted","Transit","Car & Transport","false","","regular","Chase Sapphire Reserve (9234)","","",""
"2024-12-03","Birch Coffee","15.2","posted","Cafés","Food & Drink","false","","regular","Amex Gold (3012)","","",""
"2024-12-03","NYCT Paygo","3.0","posted","Transit","Car & Transport","false","","regular","Chase Sapphire Reserve (9234)","","",""
"2024-12-03","Bloomingdale's","91.05","posted","Clothing","Shopping","false","","regular","Amex Gold (3012)","","",""
"2024-12-04","Starbucks","17.83","posted","Cafés","Food & Drink","false","","regular","Amex Gold (3012)","","",""
"2024-12-04","DoorDash","37.3","posted","Food Delivery","Food & Drink","false","","regular","Amex Gold (3012)","","",""
"2024-12-04","NYCT Paygo","3.0","posted","Transit","Car & Transport","false","","regular","Chase Sapphire Reserve (9234)","","",""
"2024-12-04","NYCT Paygo","2.75","posted","Transit","Car & Transport","false","","regular","Chase Sapphire Reserve (9234)","","",""
"2024-12-04","MTA*NYCT Paygo","3.0","posted","Transit","Car & Transport","false","","regular","Chase Sapphire Reserve (9234)","","",""
"2024-12-04","PATH Tapp Paygo","2.9","posted","Transit","Car & Transport","false","","regular","Chase Sapphire Reserve (9234)","","",""
"2024-12-04","NYCT Paygo","3.0","posted","Transit","Car & Transport","false","","regular","Chase Sapphire Reserve (9234)","","",""
"2024-12-05","Grubhub","20.85","posted","Food Delivery","Food & Drink","false","","regular","Amex Gold (3012)","","",""
"2024-12-05","Estela - Refund","-38.57","posted","Restaurants","Food & Drink","false","","regular","Chase Sapphire Reserve (9234)","","",""
"2024-12-05","Dudley's","72.36","posted","Brunch","Food & Drink","false","","regular","Amex Gold (3012)","","",""
"2024-12-05","Venmo - Uber Split","66.3","posted","Venmo Social","","false","","regular","Venmo","","",""
"2024-12-05","ClassPass","14.99","posted","Subscriptions","","false","","regular","Chase Checking (5567)","","",""
"2024-12-06","DoorDash","30.23","posted","Food Delivery","Food & Drink","false","","regular","Amex Gold (3012)","","",""
"2024-12-06","Unknown","3243.75","posted","Rent","","false","","regular","Chase Checking (5567)","","",""
"2024-12-06","DoorDash","25.69","posted","Food Delivery","Food & Drink","false","","regular","Amex Gold (3012)","","",""
"2024-12-06","Joe Coffee","3.69","posted","Cafés","Food & Drink","false","","regular","Amex Gold (3012)","","",""
"2024-12-06","Glossier","19.51","posted","General Shopping","Shopping","false","","regular","Chase Sapphire Reserve (9234)","","",""
"2024-12-06","Seamless","10.87","posted","Food Delivery","Food & Drink","false","","regular","Amex Gold (3012)","","",""
"2024-12-07","DoorDash","10.27","posted","Food Delivery","Food & Drink","false","","regular","Amex Gold (3012)","","",""
"2024-12-07","DoorDash","26.45","posted","Food Delivery","Food & Drink","false","","regular","Amex Gold (3012)","","",""
"2024-12-07","DoorDash","22.75","posted","Food Delivery","Food & Drink","false","","regular","Amex Gold (3012)","","",""
"2024-12-07","Russ & Daughters Cafe","51.08","posted","Brunch","Food & Drink","false","","regular","Amex Gold (3012)","","",""
"2024-12-07","Uber Eats","36.66","posted","Food Delivery","Food & Drink","false","","regular","Amex Gold (3012)","","",""
"2024-12-08","Spotify","12.99","posted","Subscriptions","","false","","regular","Chase Checking (5567)","","",""
"2024-12-08","Netflix","15.49","posted","Subscriptions","","false","","regular","Chase Checking (5567)","","",""
"2024-12-08","Dhamaka","130.0","posted","Restaurants","Food & Drink","false","","regular","Chase Sapphire Reserve (9234)","","",""
"2024-12-09","NYCT Paygo","2.9","posted","Transit","Car & Transport","false","","regular","Chase Sapphire Reserve (9234)","","",""
"2024-12-09","Chase CC Payment - Sapphire Reserve","2005.83","posted","Credit Card Payment","","true","","internal transfer","Chase Checking (5567)","","",""
"2024-12-09","Seamless","21.04","posted","Food Delivery","Food & Drink","false","","regular","Amex Gold (3012)","","",""
"2024-12-09","Grubhub","34.77","posted","Food Delivery","Food & Drink","false","","regular","Amex Gold (3012)","","",""
"2024-12-09","DoorDash","37.63","posted","Food Delivery","Food & Drink","false","","regular","Amex Gold (3012)","","",""
"2024-12-09","Seamless","15.48","posted","Food Delivery","Food & Drink","false","","regular","Amex Gold (3012)","","",""
"2024-12-09","NYCT Paygo","2.9","posted","Transit","Car & Transport","false","","regular","Chase Sapphire Reserve (9234)","","",""
"2024-12-09","Blue Bottle Coffee","5.17","posted","Cafés","Food & Drink","false","","regular","Amex Gold (3012)","","",""
"2024-12-10","MTA*NYCT Paygo","2.9","posted","Transit","Car & Transport","false","","regular","Chase Sapphire Reserve (9234)","","",""
"2024-12-10","NYCT Paygo","2.75","posted","Transit","Car & Transport","false","","regular","Chase Sapphire Reserve (9234)","","",""
"2024-12-10","Seamless","32.07","posted","Food Delivery","Food & Drink","false","","regular","Amex Gold (3012)","","",""
"2024-12-10","Grubhub","18.04","posted","Food Delivery","Food & Drink","false","","regular","Amex Gold (3012)","","",""
"2024-12-10","Chase CC Payment - Sapphire Reserve","2765.45","posted","Credit Card Payment","","true","","internal transfer","Chase Checking (5567)","","",""
"2024-12-10","Duane Reade","42.03","posted","Healthcare","","false","","regular","Chase Checking (5567)","","",""
"2024-12-11","NYCT Paygo","2.9","posted","Transit","Car & Transport","false","","regular","Chase Sapphire Reserve (9234)","","",""
"2024-12-11","Seamless","27.78","posted","Food Delivery","Food & Drink","false","","regular","Amex Gold (3012)","","",""
"2024-12-11","Venmo - Friend Split","20.85","posted","Venmo Social","","false","","regular","Venmo","","",""
"2024-12-11","Joe Coffee","3.73","posted","Cafés","Food & Drink","false","","regular","Amex Gold (3012)","","",""
"2024-12-11","DoorDash","37.65","posted","Food Delivery","Food & Drink","false","","regular","Amex Gold (3012)","","",""
"2024-12-12","Nail Salon","137.36","posted","Personal Care","Personal Care","false","","regular","Amex Gold (3012)","","",""
"2024-12-12","Uber Eats","46.42","posted","Food Delivery","Food & Drink","false","","regular","Amex Gold (3012)","","",""
"2024-12-12","DoorDash","37.77","posted","Food Delivery","Food & Drink","false","","regular","Amex Gold (3012)","","",""
"2024-12-12","Uber Eats","64.23","posted","Food Delivery","Food & Drink","false","","regular","Amex Gold (3012)","","",""
"2024-12-12","Abraço","5.85","posted","Cafés","Food & Drink","false","","regular","Amex Gold (3012)","","",""
"2024-12-12","Y7 Studio","29.65","posted","Fitness Classes","","false","","regular","Chase Checking (5567)","","",""
"2024-12-12","iCloud Storage - Refund","-9.99","posted","Subscriptions","","false","","regular","Chase Checking (5567)","","",""
"2024-12-13","MTA*NYCT Paygo","3.0","posted","Transit","Car & Transport","false","","regular","Chase Sapphire Reserve (9234)","","",""
"2024-12-13","Uber Eats","44.57","posted","Food Delivery","Food & Drink","false","","regular","Amex Gold (3012)","","",""
"2024-12-13","Café Mogador","51.09","posted","Brunch","Food & Drink","false","","regular","Amex Gold (3012)","","",""
"2024-12-13","Starbucks","4.7","posted","Cafés","Food & Drink","false","","regular","Amex Gold (3012)","","",""
"2024-12-13","MTA*NYCT Paygo","2.75","posted","Transit","Car & Transport","false","","regular","Chase Sapphire Reserve (9234)","","",""
"2024-12-13","MTA*NYCT Paygo","2.75","posted","Transit","Car & Transport","false","","regular","Chase Sapphire Reserve (9234)","","",""
"2024-12-13","ADP Payroll - Direct Deposit","-4896.04","posted","Income","","true","","income","Chase Checking (5567)","","",""
"2024-12-13","Transfer to Marcus Savings","1833.43","posted","Savings Transfer","","true","","internal transfer","Chase Checking (5567)","","",""
"2024-12-13","Seamless","12.04","posted","Food Delivery","Food & Drink","false","","regular","Amex Gold (3012)","","",""
"2024-12-13","British Airways","443.67","posted","Flights","","false","","regular","Chase Sapphire Reserve (9234)","","",""
"2024-12-14","Devocion","5.95","posted","Cafés","Food & Drink","false","","regular","Amex Gold (3012)","","",""
"2024-12-14","Le Crocodile","37.05","posted","Brunch","Food & Drink","false","","regular","Amex Gold (3012)","","",""
"2024-12-14","Starbucks","4.46","posted","Cafés","Food & Drink","false","","regular","Amex Gold (3012)","","",""
"2024-12-15","Mace","15.45","posted","Bars","Food & Drink","false","","regular","Chase Sapphire Reserve (9234)","","",""
"2024-12-15","MTA*NYCT Paygo","2.9","posted","Transit","Car & Transport","false","","regular","Chase Sapphire Reserve (9234)","","",""
"2024-12-16","Starbucks","17.21","posted","Cafés","Food & Drink","false","","regular","Amex Gold (3012)","","",""
"2024-12-16","DoorDash","63.31","posted","Food Delivery","Food & Drink","false","","regular","Amex Gold (3012)","","",""
"2024-12-16","Katana Kitten","37.9","posted","Bars","Food & Drink","false","","regular","Chase Sapphire Reserve (9234)","","",""
"2024-12-16","DoorDash","13.61","posted","Food Delivery","Food & Drink","false","","regular","Amex Gold (3012)","","",""
"2024-12-16","Uber","20.74","posted","Rideshare","Car & Transport","false","","regular","Chase Sapphire Reserve (9234)","","",""
"2024-12-16","Uber","17.73","posted","Rideshare","Car & Transport","false","","regular","Chase Sapphire Reserve (9234)","","",""
"2024-12-16","Starbucks","2.69","posted","Cafés","Food & Drink","false","","regular","Amex Gold (3012)","","",""
"2024-12-16","NYCT Paygo","2.9","posted","Transit","Car & Transport","false","","regular","Chase Sapphire Reserve (9234)","","",""
"2024-12-16","Seamless","19.5","posted","Food Delivery","Food & Drink","false","","regular","Amex Gold (3012)","","",""
"2024-12-17","Zara","63.04","posted","Clothing","Shopping","false","","regular","Amex Gold (3012)","","",""
"2024-12-17","Uber Eats","40.06","posted","Food Delivery","Food & Drink","false","","regular","Amex Gold (3012)","","",""
"2024-12-17","MTA*NYCT Paygo","2.9","posted","Transit","Car & Transport","false","","regular","Chase Sapphire Reserve (9234)","","",""
"2024-12-18","DoorDash","25.33","posted","Food Delivery","Food & Drink","false","","regular","Amex Gold (3012)","","",""
"2024-12-18","DoorDash","27.07","posted","Food Delivery","Food & Drink","false","","regular","Amex Gold (3012)","","",""
"2024-12-18","Rumble Boxing","17.31","posted","Fitness Classes","","false","","regular","Chase Checking (5567)","","",""
"2024-12-19","NYCT Paygo","2.9","posted","Transit","Car & Transport","false","","regular","Chase Sapphire Reserve (9234)","","",""
"2024-12-19","PATH Tapp Paygo","3.0","posted","Transit","Car & Transport","false","","regular","Chase Sapphire Reserve (9234)","","",""
"2024-12-19","DoorDash","40.69","posted","Food Delivery","Food & Drink","false","","regular","Amex Gold (3012)","","",""
"2024-12-19","NYCT Paygo","3.0","posted","Transit","Car & Transport","false","","regular","Chase Sapphire Reserve (9234)","","",""
"2024-12-19","MTA*NYCT Paygo","2.9","posted","Transit","Car & Transport","false","","regular","Chase Sapphire Reserve (9234)","","",""
"2024-12-19","Grubhub","43.67","posted","Food Delivery","Food & Drink","false","","regular","Amex Gold (3012)","","",""
"2024-12-19","DoorDash","16.79","posted","Food Delivery","Food & Drink","false","","regular","Amex Gold (3012)","","",""
"2024-12-20","Seamless","60.42","posted","Food Delivery","Food & Drink","false","","regular","Amex Gold (3012)","","",""
"2024-12-20","MTA*NYCT Paygo","2.9","posted","Transit","Car & Transport","false","","regular","Chase Sapphire Reserve (9234)","","",""
"2024-12-20","Starbucks","4.2","posted","Cafés","Food & Drink","false","","regular","Amex Gold (3012)","","",""
"2024-12-20","DoorDash","16.87","posted","Food Delivery","Food & Drink","false","","regular","Amex Gold (3012)","","",""
"2024-12-20","Blue Bottle Coffee","13.1","posted","Cafés","Food & Drink","false","","regular","Amex Gold (3012)","","",""
"2024-12-20","Uber","15.92","posted","Rideshare","Car & Transport","false","","regular","Chase Sapphire Reserve (9234)","","",""
"2024-12-21","NYCT Paygo","2.9","posted","Transit","Car & Transport","false","","regular","Chase Sapphire Reserve (9234)","","",""
"2024-12-21","Uber Eats","52.25","posted","Food Delivery","Food & Drink","false","","regular","Amex Gold (3012)","","",""
"2024-12-21","Nike","21.02","posted","General Shopping","Shopping","false","","regular","Chase Sapphire Reserve (9234)","","",""
"2024-12-21","Peloton Studio","22.71","posted","Fitness Classes","","false","","regular","Chase Checking (5567)","","",""
"2024-12-22","& Other Stories","118.45","posted","Clothing","Shopping","false","","regular","Amex Gold (3012)","","",""
"2024-12-22","AMC Theatres","12.91","posted","Entertainment","","false","","regular","Chase Sapphire Reserve (9234)","","",""
"2024-12-22","PATH Tapp Paygo","3.0","posted","Transit","Car & Transport","false","","regular","Chase Sapphire Reserve (9234)","","",""
"2024-12-22","Everlane","196.72","posted","Clothing","Shopping","false","","regular","Amex Gold (3012)","","",""
"2024-12-22","Two Hands","20.8","posted","Brunch","Food & Drink","false","","regular","Amex Gold (3012)","","",""
"2024-12-22","Y7 Studio","20.59","posted","Fitness Classes","","false","","regular","Chase Checking (5567)","","",""
"2024-12-23","DoorDash","46.29","posted","Food Delivery","Food & Drink","false","","regular","Amex Gold (3012)","","",""
"2024-12-23","NYCT Paygo","2.75","posted","Transit","Car & Transport","false","","regular","Chase Sapphire Reserve (9234)","","",""
"2024-12-23","Uber Eats","45.96","posted","Food Delivery","Food & Drink","false","","regular","Amex Gold (3012)","","",""
"2024-12-24","DoorDash","22.31","posted","Food Delivery","Food & Drink","false","","regular","Amex Gold (3012)","","",""
"2024-12-24","Uber Eats","17.65","posted","Food Delivery","Food & Drink","false","","regular","Amex Gold (3012)","","",""
"2024-12-24","Abraço","5.35","posted","Cafés","Food & Drink","false","","regular","Amex Gold (3012)","","",""
"2024-12-24","Uber Eats","32.68","posted","Food Delivery","Food & Drink","false","","regular","Amex Gold (3012)","","",""
"2024-12-24","La Colombe","7.07","posted","Cafés","Food & Drink","false","","regular","Amex Gold (3012)","","",""
"2024-12-24","Misi","60.51","posted","Restaurants","Food & Drink","false","","regular","Chase Sapphire Reserve (9234)","","",""
"2024-12-24","Aritzia","185.89","posted","Clothing","Shopping","false","","regular","Amex Gold (3012)","","",""
"2024-12-24","DoorDash","32.02","posted","Food Delivery","Food & Drink","false","","regular","Amex Gold (3012)","","",""
"2024-12-24","Westside Market","29.57","posted","Groceries","Food & Drink","false","","regular","Amex Gold (3012)","","",""
"2024-12-24","PATH Tapp Paygo","3.0","posted","Transit","Car & Transport","false","","regular","Chase Sapphire Reserve (9234)","","",""
"2024-12-25","Venmo - Uber Split","21.45","posted","Venmo Social","","false","","regular","Venmo","","",""
"2024-12-25","MTA*NYCT Paygo","2.9","posted","Transit","Car & Transport","false","","regular","Chase Sapphire Reserve (9234)","","",""
"2024-12-25","Lululemon","51.36","posted","General Shopping","Shopping","false","","regular","Chase Sapphire Reserve (9234)","","",""
"2024-12-25","Heyday Facial","69.08","posted","Personal Care","Personal Care","false","","regular","Amex Gold (3012)","","",""
"2024-12-25","PATH Tapp Paygo","2.9","posted","Transit","Car & Transport","false","","regular","Chase Sapphire Reserve (9234)","","",""
"2024-12-26","Caviar","18.08","posted","Food Delivery","Food & Drink","false","","regular","Amex Gold (3012)","","",""
"2024-12-26","Rumble Boxing","20.16","posted","Fitness Classes","","false","","regular","Chase Checking (5567)","","",""
"2024-12-27","MTA*NYCT Paygo","3.0","posted","Transit","Car & Transport","false","","regular","Chase Sapphire Reserve (9234)","","",""
"2024-12-27","DoorDash","23.92","posted","Food Delivery","Food & Drink","false","","regular","Amex Gold (3012)","","",""
"2024-12-27","DoorDash","52.67","posted","Food Delivery","Food & Drink","false","","regular","Amex Gold (3012)","","",""
"2024-12-27","Aire Ancient Baths","49.13","posted","Personal Care","Personal Care","false","","regular","Amex Gold (3012)","","",""
"2024-12-27","Transfer to Marcus Savings","1948.98","posted","Savings Transfer","","true","","internal transfer","Chase Checking (5567)","","",""
"2024-12-27","ADP Payroll - Direct Deposit","-4846.7","posted","Income","","true","","income","Chase Checking (5567)","","",""
"2024-12-28","Amex Payment - Gold Card","3986.0","posted","Credit Card Payment","","true","","internal transfer","Chase Checking (5567)","","",""
"2024-12-28","Marcus by Goldman Sachs - Interest","-50.64","posted","Interest Income","","true","","income","Marcus Savings (8841)","","",""
"2024-12-28","Abercrombie & Fitch","36.77","posted","Clothing","Shopping","false","","regular","Amex Gold (3012)","","",""
"2024-12-28","Chase CC Payment - Sapphire Reserve","2155.68","posted","Credit Card Payment","","true","","internal transfer","Chase Checking (5567)","","",""
"2024-12-28","DoorDash","45.36","posted","Food Delivery","Food & Drink","false","","regular","Amex Gold (3012)","","",""
"2024-12-28","Trader Joe's","21.68","posted","Groceries","Food & Drink","false","","regular","Amex Gold (3012)","","",""
"2024-12-29","DoorDash","34.29","posted","Food Delivery","Food & Drink","false","","regular","Amex Gold (3012)","","",""
"2024-12-29","Uber Eats","34.95","posted","Food Delivery","Food & Drink","false","","regular","Amex Gold (3012)","","",""
"2024-12-29","Sadelle's","42.37","posted","Brunch","Food & Drink","false","","regular","Amex Gold (3012)","","",""
"2024-12-30","NYCT Paygo","3.0","posted","Transit","Car & Transport","false","","regular","Chase Sapphire Reserve (9234)","","",""
"2024-12-30","Seamless","44.27","posted","Food Delivery","Food & Drink","false","","regular","Amex Gold (3012)","","",""
"2024-12-30","PATH Tapp Paygo","2.9","posted","Transit","Car & Transport","false","","regular","Chase Sapphire Reserve (9234)","","",""
"2024-12-30","Venmo - Dinner Split","29.28","posted","Venmo Social","","false","","regular","Venmo","","",""
"2024-12-30","DoorDash","20.9","posted","Food Delivery","Food & Drink","false","","regular","Amex Gold (3012)","","",""
"2024-12-30","Starbucks","15.62","posted","Cafés","Food & Drink","false","","regular","Amex Gold (3012)","","",""
"2024-12-31","Uber Eats","35.42","posted","Food Delivery","Food & Drink","false","","regular","Amex Gold (3012)","","",""
"2024-12-31","NYCT Paygo","2.9","posted","Transit","Car & Transport","false","","regular","Chase Sapphire Reserve (9234)","","",""
"2024-12-31","Whole Foods Market","19.86","posted","Groceries","Food & Drink","false","","regular","Amex Gold (3012)","","",""
"2024-12-31","Uber","6.09","posted","Rideshare","Car & Transport","false","","regular","Chase Sapphire Reserve (9234)","","",""
"2024-12-31","PATH Tapp Paygo","3.0","posted","Transit","Car & Transport","false","","regular","Chase Sapphire Reserve (9234)","","",""
"2024-12-31","DoorDash","45.15","posted","Food Delivery","Food & Drink","false","","regular","Amex Gold (3012)","","",""
"2025-01-01","Zelle - Landlord","3250.0","posted","Rent","","false","","regular","Chase Checking (5567)","","",""
"2025-01-01","AMC Theatres","23.43","posted","Entertainment","","false","","regular","Chase Sapphire Reserve (9234)","","",""
"2025-01-01","Venmo - Dinner Split","16.11","posted","Venmo Social","","false","","regular","Venmo","","",""
"2025-01-01","NYCT Paygo","2.75","posted","Transit","Car & Transport","false","","regular","Chase Sapphire Reserve (9234)","","",""
"2025-01-02","MTA*NYCT Paygo","2.9","posted","Transit","Car & Transport","false","","regular","Chase Sapphire Reserve (9234)","","",""
"2025-01-02","Blank Street Coffee","5.98","posted","Cafés","Food & Drink","false","","regular","Amex Gold (3012)","","",""
"2025-01-02","Joe Coffee","6.7","posted","Cafés","Food & Drink","false","","regular","Amex Gold (3012)","","",""
"2025-01-02","Bar Goto","30.73","posted","Bars","Food & Drink","false","","regular","Chase Sapphire Reserve (9234)","","",""
"2025-01-02","DoorDash","19.88","posted","Food Delivery","Food & Drink","false","","regular","Amex Gold (3012)","","",""
"2025-01-02","Blue Bottle Coffee","8.86","posted","Cafés","Food & Drink","false","","regular","Amex Gold (3012)","","",""
"2025-01-02","MTA*NYCT Paygo","3.0","posted","Transit","Car & Transport","false","","regular","Chase Sapphire Reserve (9234)","","",""
"2025-01-02","iCloud Storage","9.99","posted","Subscriptions","","false","","regular","Chase Checking (5567)","","",""
"2025-01-02","Uber","78.38","posted","Rideshare","Car & Transport","false","","regular","Chase Sapphire Reserve (9234)","","",""
"2025-01-03","Spotify","12.99","posted","Subscriptions","","false","","regular","Chase Checking (5567)","","",""
"2025-01-03","DoorDash","32.67","posted","Food Delivery","Food & Drink","false","","regular","Amex Gold (3012)","","",""
"2025-01-03","Joe Coffee","5.08","posted","Cafés","Food & Drink","false","","regular","Amex Gold (3012)","","",""
"2025-01-03","NYCT Paygo","2.9","posted","Transit","Car & Transport","false","","regular","Chase Sapphire Reserve (9234)","","",""
"2025-01-03","Clinton St. Baking","16.73","posted","Brunch","Food & Drink","false","","regular","Amex Gold (3012)","","",""
"2025-01-04","Uber Eats","44.52","posted","Food Delivery","Food & Drink","false","","regular","Amex Gold (3012)","","",""
"2025-01-04","Olmsted","64.32","posted","Restaurants","Food & Drink","false","","regular","Chase Sapphire Reserve (9234)","","",""
"2025-01-04","DoorDash","34.16","posted","Food Delivery","Food & Drink","false","","regular","Amex Gold (3012)","","",""
"2025-01-04","Olmsted","55.82","posted","Restaurants","Food & Drink","false","","regular","Chase Sapphire Reserve (9234)","","",""
"2025-01-05","Reformation","110.09","posted","Clothing","Shopping","false","","regular","Amex Gold (3012)","","",""
"2025-01-05","DoorDash","44.78","posted","Food Delivery","Food & Drink","false","","regular","Amex Gold (3012)","","",""
"2025-01-05","Bemelmans Bar","25.49","posted","Bars","Food & Drink","false","","regular","Chase Sapphire Reserve (9234)","","",""
"2025-01-05","Katana Kitten","15.21","posted","Bars","Food & Drink","false","","regular","Chase Sapphire Reserve (9234)","","",""
"2025-01-05","Starbucks","5.58","posted","Cafés","Food & Drink","false","","regular","Amex Gold (3012)","","",""
"2025-01-05","Trader Joe's","50.32","posted","Groceries","Food & Drink","false","","regular","Amex Gold (3012)","","",""
"2025-01-05","Nordstrom","72.64","posted","Clothing","Shopping","false","","regular","Amex Gold (3012)","","",""
"2025-01-05","DoorDash","22.72","posted","Food Delivery","Food & Drink","false","","regular","Amex Gold (3012)","","",""
"2025-01-05","ClassPass","14.99","posted","Subscriptions","","false","","regular","Chase Checking (5567)","","",""
"2025-01-06","Lyft","24.91","posted","Rideshare","Car & Transport","false","","regular","Chase Sapphire Reserve (9234)","","",""
"2025-01-06","MTA*NYCT Paygo","2.9","posted","Transit","Car & Transport","false","","regular","Chase Sapphire Reserve (9234)","","",""
"2025-01-06","Starbucks","5.23","posted","Cafés","Food & Drink","false","","regular","Amex Gold (3012)","","",""
"2025-01-06","Altro Paradiso","46.35","posted","Restaurants","Food & Drink","false","","regular","Chase Sapphire Reserve (9234)","","",""
"2025-01-07","Uber","15.92","posted","Rideshare","Car & Transport","false","","regular","Chase Sapphire Reserve (9234)","","",""
"2025-01-07","MTA*NYCT Paygo","2.75","posted","Transit","Car & Transport","false","","regular","Chase Sapphire Reserve (9234)","","",""
"2025-01-07","PATH Tapp Paygo","2.75","posted","Transit","Car & Transport","false","","regular","Chase Sapphire Reserve (9234)","","",""
"2025-01-08","NYCT Paygo","3.0","posted","Transit","Car & Transport","false","","regular","Chase Sapphire Reserve (9234)","","",""
"2025-01-08","Netflix","15.49","posted","Subscriptions","","false","","regular","Chase Checking (5567)","","",""
"2025-01-08","Apple One","17.99","posted","Subscriptions","","false","","regular","Chase Checking (5567)","","",""
"2025-01-08","NYCT Paygo","2.9","posted","Transit","Car & Transport","false","","regular","Chase Sapphire Reserve (9234)","","",""
"2025-01-08","DoorDash","18.9","posted","Food Delivery","Food & Drink","false","","regular","Amex Gold (3012)","","",""
"2025-01-09","Heyday Facial","58.2","posted","Personal Care","Personal Care","false","","regular","Amex Gold (3012)","","",""
"2025-01-09","Venmo - Brunch Split","82.52","posted","Venmo Social","","false","","regular","Venmo","","",""
"2025-01-09","MTA*NYCT Paygo","3.0","posted","Transit","Car & Transport","false","","regular","Chase Sapphire Reserve (9234)","","",""
"2025-01-09","MTA*NYCT Paygo","2.75","posted","Transit","Car & Transport","false","","regular","Chase Sapphire Reserve (9234)","","",""
"2025-01-09","Uber Eats","21.85","posted","Food Delivery","Food & Drink","false","","regular","Amex Gold (3012)","","",""
"2025-01-10","ADP Payroll - Direct Deposit","-4821.54","posted","Income","","true","","income","Chase Checking (5567)","","",""
"2025-01-10","DoorDash","16.51","posted","Food Delivery","Food & Drink","false","","regular","Amex Gold (3012)","","",""
"2025-01-10","Uber Eats","37.91","posted","Food Delivery","Food & Drink","false","","regular","Amex Gold (3012)","","",""
"2025-01-10","Sugarfish","17.88","posted","Restaurants","Food & Drink","false","","regular","Chase Sapphire Reserve (9234)","","",""
"2025-01-10","DoorDash","20.73","posted","Food Delivery","Food & Drink","false","","regular","Amex Gold (3012)","","",""
"2025-01-10","Uber Eats","18.31","posted","Food Delivery","Food & Drink","false","","regular","Amex Gold (3012)","","",""
"2025-01-10","Transfer to Marcus Savings","1567.89","posted","Savings Transfer","","true","","internal transfer","Chase Checking (5567)","","",""
"2025-01-10","Whole Foods Market","86.61","posted","Groceries","Food & Drink","false","","regular","Amex Gold (3012)","","",""
"2025-01-10","Grubhub","23.53","posted","Food Delivery","Food & Drink","false","","regular","Amex Gold (3012)","","",""
"2025-01-11","DoorDash","33.41","posted","Food Delivery","Food & Drink","false","","regular","Amex Gold (3012)","","",""
"2025-01-11","Sadelle's","30.29","posted","Brunch","Food & Drink","false","","regular","Amex Gold (3012)","","",""
"2025-01-11","Chase CC Payment - Sapphire Reserve","2024.48","posted","Credit Card Payment","","true","","internal transfer","Chase Checking (5567)","","",""
"2025-01-11","Chase CC Payment - Sapphire Reserve","2344.18","posted","Credit Card Payment","","true","","internal transfer","Chase Checking (5567)","","",""
"2025-01-11","PATH Tapp Paygo","3.0","posted","Transit","Car & Transport","false","","regular","Chase Sapphire Reserve (9234)","","",""
"2025-01-12","NYCT Paygo","2.9","posted","Transit","Car & Transport","false","","regular","Chase Sapphire Reserve (9234)","","",""
"2025-01-12","Amazon","46.19","posted","General Shopping","Shopping","false","","regular","Chase Sapphire Reserve (9234)","","",""
"2025-01-12","Blue Bottle Coffee","7.44","posted","Cafés","Food & Drink","false","","regular","Amex Gold (3012)","","",""
"2025-01-12","DoorDash","32.68","posted","Food Delivery","Food & Drink","false","","regular","Amex Gold (3012)","","",""
"2025-01-13","NYCT Paygo - Refund","-3.0","posted","Transit","Car & Transport","false","","regular","Chase Sapphire Reserve (9234)","","",""
"2025-01-13","DoorDash","51.44","posted","Food Delivery","Food & Drink","false","","regular","Amex Gold (3012)","","",""
"2025-01-13","Misi","95.47","posted","Restaurants","Food & Drink","false","","regular","Chase Sapphire Reserve (9234)","","",""
"2025-01-13","PATH Tapp Paygo","2.9","posted","Transit","Car & Transport","false","","regular","Chase Sapphire Reserve (9234)","","",""
"2025-01-13","PATH Tapp Paygo","2.9","posted","Transit","Car & Transport","false","","regular","Chase Sapphire Reserve (9234)","","",""
"2025-01-14","Via Carota","61.0","posted","Restaurants","Food & Drink","false","","regular","Chase Sapphire Reserve (9234)","","",""
"2025-01-14","Olmsted","69.35","posted","Restaurants","Food & Drink","false","","regular","Chase Sapphire Reserve (9234)","","",""
"2025-01-14","PATH Tapp Paygo","2.9","posted","Transit","Car & Transport","false","","regular","Chase Sapphire Reserve (9234)","","",""
"2025-01-14","Lilia","31.73","posted","Restaurants","Food & Drink","false","","regular","Chase Sapphire Reserve (9234)","","",""
"2025-01-14","MTA*NYCT Paygo","2.75","posted","Transit","Car & Transport","false","","regular","Chase Sapphire Reserve (9234)","","",""
"2025-01-14","Nail Salon","37.48","posted","Personal Care","Personal Care","false","","regular","Amex Gold (3012)","","",""
"2025-01-15","Rumble Boxing","26.46","posted","Fitness Classes","","false","","regular","Chase Checking (5567)","","",""
"2025-01-15","Honest Burgers","42.92","posted","London Expenses","","false","","regular","Chase Sapphire Reserve (9234)","","",""
"2025-01-15","DoorDash","14.45","posted","Food Delivery","Food & Drink","false","","regular","Amex Gold (3012)","","",""
"2025-01-16","NYCT Paygo","2.9","posted","Transit","Car & Transport","false","","regular","Chase Sapphire Reserve (9234)","","",""
"2025-01-16","Blue Bottle Coffee","3.77","posted","Cafés","Food & Drink","false","","regular","Amex Gold (3012)","","",""
"2025-01-16","DoorDash","29.97","posted","Food Delivery","Food & Drink","false","","regular","Amex Gold (3012)","","",""
"2025-01-16","DoorDash","38.62","posted","Food Delivery","Food & Drink","false","","regular","Amex Gold (3012)","","",""
"2025-01-16","NYCT Paygo","2.75","posted","Transit","Car & Transport","false","","regular","Chase Sapphire Reserve (9234)","","",""
"2025-01-16","PATH Tapp Paygo","3.0","posted","Transit","Car & Transport","false","","regular","Chase Sapphire Reserve (9234)","","",""
"2025-01-16","Devocion","18.67","posted","Cafés","Food & Drink","false","","regular","Amex Gold (3012)","","",""
"2025-01-17","PATH Tapp Paygo","2.9","posted","Transit","Car & Transport","false","","regular","Chase Sapphire Reserve (9234)","","",""
"2025-01-17","Via Carota","55.08","posted","Restaurants","Food & Drink","false","","regular","Chase Sapphire Reserve (9234)","","",""
"2025-01-17","Uber Eats","23.55","posted","Food Delivery","Food & Drink","false","","regular","Amex Gold (3012)","","",""
"2025-01-17","DoorDash","14.39","posted","Food Delivery","Food & Drink","false","","regular","Amex Gold (3012)","","",""
"2025-01-18","PATH Tapp Paygo","2.9","posted","Transit","Car & Transport","false","","regular","Chase Sapphire Reserve (9234)","","",""
"2025-01-18","Zara","62.82","posted","Clothing","Shopping","false","","regular","Amex Gold (3012)","","",""
"2025-01-19","Katana Kitten","15.61","posted","Bars","Food & Drink","false","","regular","Chase Sapphire Reserve (9234)","","",""
"2025-01-19","Grubhub","23.02","posted","Food Delivery","Food & Drink","false","","regular","Amex Gold (3012)","","",""
"2025-01-19","Jack's Wife & Freda","18.08","posted","Brunch","Food & Drink","false","","regular","Amex Gold (3012)","","",""
"2025-01-20","NYCT Paygo","3.0","posted","Transit","Car & Transport","false","","regular","Chase Sapphire Reserve (9234)","","",""
"2025-01-20","Chase CC Payment - Sapphire Reserve","3246.44","posted","Credit Card Payment","","true","","internal transfer","Chase Checking (5567)","","",""
"2025-01-20","DoorDash","44.0","posted","Food Delivery","Food & Drink","false","","regular","Amex Gold (3012)","","",""
"2025-01-20","DoorDash","37.28","posted","Food Delivery","Food & Drink","false","","regular","Amex Gold (3012)","","",""
"2025-01-20","Unknown","3250.0","posted","Rent","","false","","regular","Chase Checking (5567)","","",""
"2025-01-20","NYCT Paygo","2.9","posted","Transit","Car & Transport","false","","regular","Chase Sapphire Reserve (9234)","","",""
"2025-01-20","NYCT Paygo","3.0","posted","Transit","Car & Transport","false","","regular","Chase Sapphire Reserve (9234)","","",""
"2025-01-21","Seamless","25.03","posted","Food Delivery","Food & Drink","false","","regular","Amex Gold (3012)","","",""
"2025-01-22","DoorDash","28.25","posted","Food Delivery","Food & Drink","false","","regular","Amex Gold (3012)","","",""
"2025-01-22","NYCT Paygo","2.9","posted","Transit","Car & Transport","false","","regular","Chase Sapphire Reserve (9234)","","",""
"2025-01-22","Amex Payment - Gold Card","3303.54","posted","Credit Card Payment","","true","","internal transfer","Chase Checking (5567)","","",""
"2025-01-23","Uber Eats","33.86","posted","Food Delivery","Food & Drink","false","","regular","Amex Gold (3012)","","",""
"2025-01-23","Blue Bottle Coffee","5.19","posted","Cafés","Food & Drink","false","","regular","Amex Gold (3012)","","",""
"2025-01-24","ADP Payroll - Direct Deposit","-4834.34","posted","Income","","true","","income","Chase Checking (5567)","","",""
"2025-01-24","Devocion","6.28","posted","Cafés","Food & Drink","false","","regular","Amex Gold (3012)","","",""
"2025-01-24","Uber Eats","28.78","posted","Food Delivery","Food & Drink","false","","regular","Amex Gold (3012)","","",""
"2025-01-24","Transfer to Marcus Savings","1878.16","posted","Savings Transfer","","true","","internal transfer","Chase Checking (5567)","","",""
"2025-01-24","DoorDash","117.05","posted","Food Delivery","Food & Drink","false","","regular","Amex Gold (3012)","","",""
"2025-01-24","Venmo - Brunch Split","60.08","posted","Venmo Social","","false","","regular","Venmo","","",""
"2025-01-25","DoorDash","35.85","posted","Food Delivery","Food & Drink","false","","regular","Amex Gold (3012)","","",""
"2025-01-25","NYCT Paygo","3.0","posted","Transit","Car & Transport","false","","regular","Chase Sapphire Reserve (9234)","","",""
"2025-01-25","Lululemon","33.13","posted","General Shopping","Shopping","false","","regular","Chase Sapphire Reserve (9234)","","",""
"2025-01-25","Two Hands","50.75","posted","Brunch","Food & Drink","false","","regular","Amex Gold (3012)","","",""
"2025-01-25","Uber Eats","28.08","posted","Food Delivery","Food & Drink","false","","regular","Amex Gold (3012)","","",""
"2025-01-25","DoorDash","22.19","posted","Food Delivery","Food & Drink","false","","regular","Amex Gold (3012)","","",""
"2025-01-25","Uber Eats","31.64","posted","Food Delivery","Food & Drink","false","","regular","Amex Gold (3012)","","",""
"2025-01-25","MTA*NYCT Paygo","2.75","posted","Transit","Car & Transport","false","","regular","Chase Sapphire Reserve (9234)","","",""
"2025-01-25","Glossier","30.26","posted","General Shopping","Shopping","false","","regular","Chase Sapphire Reserve (9234)","","",""
"2025-01-26","DoorDash","40.94","posted","Food Delivery","Food & Drink","false","","regular","Amex Gold (3012)","","",""
"2025-01-27","DoorDash","27.56","posted","Food Delivery","Food & Drink","false","","regular","Amex Gold (3012)","","",""
"2025-01-27","Solidcore","14.71","posted","Fitness Classes","","false","","regular","Chase Checking (5567)","","",""
"2025-01-27","Whole Foods Market","12.95","posted","Groceries","Food & Drink","false","","regular","Amex Gold (3012)","","",""
"2025-01-27","Gregory's Coffee","7.72","posted","Cafés","Food & Drink","false","","regular","Amex Gold (3012)","","",""
"2025-01-27","Broadway/Telecharge","14.67","posted","Entertainment","","false","","regular","Chase Sapphire Reserve (9234)","","",""
"2025-01-28","Blue Bottle Coffee","8.2","posted","Cafés","Food & Drink","false","","regular","Amex Gold (3012)","","",""
"2025-01-28","Venmo - Dinner Split","29.71","posted","Venmo Social","","false","","regular","Venmo","","",""
"2025-01-28","Seamless","25.76","posted","Food Delivery","Food & Drink","false","","regular","Amex Gold (3012)","","",""
"2025-01-28","The Ivy","44.04","posted","London Expenses","","false","","regular","Chase Sapphire Reserve (9234)","","",""
"2025-01-28","Sephora","63.0","posted","General Shopping","Shopping","false","","regular","Chase Sapphire Reserve (9234)","","",""
"2025-01-28","PATH Tapp Paygo","2.9","posted","Transit","Car & Transport","false","","regular","Chase Sapphire Reserve (9234)","","",""
"2025-01-28","NYCT Paygo","2.75","posted","Transit","Car & Transport","false","","regular","Chase Sapphire Reserve (9234)","","",""
"2025-01-28","Marcus by Goldman Sachs - Interest","-45.88","posted","Interest Income","","true","","income","Marcus Savings (8841)","","",""
"2025-01-29","DoorDash","27.89","posted","Food Delivery","Food & Drink","false","","regular","Amex Gold (3012)","","",""
"2025-01-29","MTA*NYCT Paygo","2.9","posted","Transit","Car & Transport","false","","regular","Chase Sapphire Reserve (9234)","","",""
"2025-01-29","Seamless","54.83","posted","Food Delivery","Food & Drink","false","","regular","Amex Gold (3012)","","",""
"2025-01-29","NYCT Paygo","2.9","posted","Transit","Car & Transport","false","","regular","Chase Sapphire Reserve (9234)","","",""
"2025-01-29","Grubhub","12.29","posted","Food Delivery","Food & Drink","false","","regular","Amex Gold (3012)","","",""
"2025-01-29","Uber Eats","23.32","posted","Food Delivery","Food & Drink","false","","regular","Amex Gold (3012)","","",""
"2025-01-29","DoorDash","46.88","posted","Food Delivery","Food & Drink","false","","regular","Amex Gold (3012)","","",""
"2025-01-30","Equinox","260.06","posted","Gym Membership","","false","","regular","Chase Checking (5567)","","",""
"2025-01-31","Grubhub","22.33","posted","Food Delivery","Food & Drink","false","","regular","Amex Gold (3012)","","",""
"2025-01-31","DoorDash","37.71","posted","Food Delivery","Food & Drink","false","","regular","Amex Gold (3012)","","",""
"2025-01-31","Uber Eats","20.51","posted","Food Delivery","Food & Drink","false","","regular","Amex Gold (3012)","","",""
"2025-01-31","DoorDash","18.78","posted","Food Delivery","Food & Drink","false","","regular","Amex Gold (3012)","","",""
"2025-02-01","Dante","52.6","posted","Bars","Food & Drink","false","","regular","Chase Sapphire Reserve (9234)","","",""
"2025-02-01","Nail Salon","32.94","posted","Personal Care","Personal Care","false","","regular","Amex Gold (3012)","","",""
"2025-02-01","Zelle - Landlord","3256.25","posted","Rent","","false","","regular","Chase Checking (5567)","","",""
"2025-02-01","Rumble Boxing","26.5","posted","Fitness Classes","","false","","regular","Chase Checking (5567)","","",""
"2025-02-01","Olmsted","11.07","posted","Restaurants","Food & Drink","false","","regular","Chase Sapphire Reserve (9234)","","",""
"2025-02-01","Netflix","15.49","posted","Subscriptions","","false","","regular","Chase Checking (5567)","","",""
"2025-02-02","Seamless","26.59","posted","Food Delivery","Food & Drink","false","","regular","Amex Gold (3012)","","",""
"2025-02-02","Venmo - Dinner Split","44.57","posted","Venmo Social","","false","","regular","Venmo","","",""
"2025-02-02","Raines Law Room","72.84","posted","Bars","Food & Drink","false","","regular","Chase Sapphire Reserve (9234)","","",""
"2025-02-02","Seamless","12.27","posted","Food Delivery","Food & Drink","false","","regular","Amex Gold (3012)","","",""
"2025-02-03","Blue Bottle Coffee","6.76","posted","Cafés","Food & Drink","false","","regular","Amex Gold (3012)","","",""
"2025-02-03","Spotify","12.99","posted","Subscriptions","","false","","regular","Chase Checking (5567)","","",""
"2025-02-03","Grubhub","40.89","posted","Food Delivery","Food & Drink","false","","regular","Amex Gold (3012)","","",""
"2025-02-03","MTA*NYCT Paygo","3.0","posted","Transit","Car & Transport","false","","regular","Chase Sapphire Reserve (9234)","","",""
"2025-02-04","Uber Eats","16.74","posted","Food Delivery","Food & Drink","false","","regular","Amex Gold (3012)","","",""
"2025-02-04","Blank Street Coffee","4.35","posted","Cafés","Food & Drink","false","","regular","Amex Gold (3012)","","",""
"2025-02-04","Nail Salon","32.29","posted","Personal Care","Personal Care","false","","regular","Amex Gold (3012)","","",""
"2025-02-05","iCloud Storage","9.99","posted","Subscriptions","","false","","regular","Chase Checking (5567)","","",""
"2025-02-05","ClassPass","14.99","posted","Subscriptions","","false","","regular","Chase Checking (5567)","","",""
"2025-02-05","DoorDash","21.38","posted","Food Delivery","Food & Drink","false","","regular","Amex Gold (3012)","","",""
"2025-02-05","Apple One","17.99","posted","Subscriptions","","false","","regular","Chase Checking (5567)","","",""
"2025-02-05","MTA*NYCT Paygo","2.9","posted","Transit","Car & Transport","false","","regular","Chase Sapphire Reserve (9234)","","",""
"2025-02-05","NYCT Paygo","3.0","posted","Transit","Car & Transport","false","","regular","Chase Sapphire Reserve (9234)","","",""
"2025-02-06","Starbucks","9.07","posted","Cafés","Food & Drink","false","","regular","Amex Gold (3012)","","",""
"2025-02-06","Uber","10.46","posted","Rideshare","Car & Transport","false","","regular","Chase Sapphire Reserve (9234)","","",""
"2025-02-06","MTA*NYCT Paygo","2.9","posted","Transit","Car & Transport","false","","regular","Chase Sapphire Reserve (9234)","","",""
"2025-02-06","Rumble Boxing","30.68","posted","Fitness Classes","","false","","regular","Chase Checking (5567)","","",""
"2025-02-06","Unknown","3256.25","posted","Rent","","false","","regular","Chase Checking (5567)","","",""
"2025-02-06","DoorDash","20.41","posted","Food Delivery","Food & Drink","false","","regular","Amex Gold (3012)","","",""
"2025-02-07","Uber Eats","21.83","posted","Food Delivery","Food & Drink","false","","regular","Amex Gold (3012)","","",""
"2025-02-07","Glamsquad","43.41","posted","Personal Care","Personal Care","false","","regular","Amex Gold (3012)","","",""
"2025-02-07","ADP Payroll - Direct Deposit","-4779.71","posted","Income","","true","","income","Chase Checking (5567)","","",""
"2025-02-07","Transfer to Marcus Savings","1745.14","posted","Savings Transfer","","true","","internal transfer","Chase Checking (5567)","","",""
"2025-02-08","Bubby's","21.69","posted","Brunch","Food & Drink","false","","regular","Amex Gold (3012)","","",""
"2025-02-08","Uber Eats","20.41","posted","Food Delivery","Food & Drink","false","","regular","Amex Gold (3012)","","",""
"2025-02-08","MTA*NYCT Paygo - Refund","-2.9","posted","Transit","Car & Transport","false","","regular","Chase Sapphire Reserve (9234)","","",""
"2025-02-08","Bar Goto","23.6","posted","Bars","Food & Drink","false","","regular","Chase Sapphire Reserve (9234)","","",""
"2025-02-09","NYCT Paygo","2.9","posted","Transit","Car & Transport","false","","regular","Chase Sapphire Reserve (9234)","","",""
"2025-02-09","Uber Eats","32.83","posted","Food Delivery","Food & Drink","false","","regular","Amex Gold (3012)","","",""
"2025-02-09","Glossier","19.02","posted","General Shopping","Shopping","false","","regular","Chase Sapphire Reserve (9234)","","",""
"2025-02-09","NYCT Paygo","3.0","posted","Transit","Car & Transport","false","","regular","Chase Sapphire Reserve (9234)","","",""
"2025-02-09","Blue Bottle Coffee - Refund","-6.76","posted","Cafés","Food & Drink","false","","regular","Amex Gold (3012)","","",""
"2025-02-09","Café Mogador","44.4","posted","Brunch","Food & Drink","false","","regular","Amex Gold (3012)","","",""
"2025-02-09","Dudley's","17.54","posted","Brunch","Food & Drink","false","","regular","Amex Gold (3012)","","",""
"2025-02-10","NYCT Paygo","2.9","posted","Transit","Car & Transport","false","","regular","Chase Sapphire Reserve (9234)","","",""
"2025-02-10","Blue Bottle Coffee","4.85","posted","Cafés","Food & Drink","false","","regular","Amex Gold (3012)","","",""
"2025-02-10","Uber Eats","30.78","posted","Food Delivery","Food & Drink","false","","regular","Amex Gold (3012)","","",""
"2025-02-11","SoulCycle","26.68","posted","Fitness Classes","","false","","regular","Chase Checking (5567)","","",""
"2025-02-11","NYCT Paygo","2.9","posted","Transit","Car & Transport","false","","regular","Chase Sapphire Reserve (9234)","","",""
"2025-02-11","PATH Tapp Paygo","2.9","posted","Transit","Car & Transport","false","","regular","Chase Sapphire Reserve (9234)","","",""
"2025-02-11","European Wax Center","62.38","posted","Personal Care","Personal Care","false","","regular","Amex Gold (3012)","","",""
"2025-02-11","Grubhub","48.05","posted","Food Delivery","Food & Drink","false","","regular","Amex Gold (3012)","","",""
"2025-02-11","Seamless","28.01","posted","Food Delivery","Food & Drink","false","","regular","Amex Gold (3012)","","",""
"2025-02-11","Grubhub","49.91","posted","Food Delivery","Food & Drink","false","","regular","Amex Gold (3012)","","",""
"2025-02-12","Broadway/Telecharge","18.51","posted","Entertainment","","false","","regular","Chase Sapphire Reserve (9234)","","",""
"2025-02-12","The Musket Room","60.06","posted","Restaurants","Food & Drink","false","","regular","Chase Sapphire Reserve (9234)","","",""
"2025-02-12","Caviar","46.9","posted","Food Delivery","Food & Drink","false","","regular","Amex Gold (3012)","","",""
"2025-02-12","La Colombe","5.43","posted","Cafés","Food & Drink","false","","regular","Amex Gold (3012)","","",""
"2025-02-13","NYCT Paygo","3.0","posted","Transit","Car & Transport","false","","regular","Chase Sapphire Reserve (9234)","","",""
"2025-02-13","DoorDash","40.95","posted","Food Delivery","Food & Drink","false","","regular","Amex Gold (3012)","","",""
"2025-02-13","Venmo - Uber Split","32.04","posted","Venmo Social","","false","","regular","Venmo","","",""
"2025-02-13","Uber Eats","30.1","posted","Food Delivery","Food & Drink","false","","regular","Amex Gold (3012)","","",""
"2025-02-14","DoorDash","31.57","posted","Food Delivery","Food & Drink","false","","regular","Amex Gold (3012)","","",""
"2025-02-14","Uber Eats","69.0","posted","Food Delivery","Food & Drink","false","","regular","Amex Gold (3012)","","",""
"2025-02-14","Blue Bottle Coffee","3.85","posted","Cafés","Food & Drink","false","","regular","Amex Gold (3012)","","",""
"2025-02-15","La Colombe","9.22","posted","Cafés","Food & Drink","false","","regular","Amex Gold (3012)","","",""
"2025-02-15","ADP Payroll - Annual Bonus","-9467.24","posted","Income","","true","","income","Chase Checking (5567)","","",""
"2025-02-15","DoorDash","38.01","posted","Food Delivery","Food & Drink","false","","regular","Amex Gold (3012)","","",""
"2025-02-15","NYCT Paygo","3.0","posted","Transit","Car & Transport","false","","regular","Chase Sapphire Reserve (9234)","","",""
"2025-02-15","Sadelle's","26.78","posted","Brunch","Food & Drink","false","","regular","Amex Gold (3012)","","",""
"2025-02-15","DoorDash","40.15","posted","Food Delivery","Food & Drink","false","","regular","Amex Gold (3012)","","",""
"2025-02-16","Lululemon","30.64","posted","General Shopping","Shopping","false","","regular","Chase Sapphire Reserve (9234)","","",""
"2025-02-16","DoorDash","25.98","posted","Food Delivery","Food & Drink","false","","regular","Amex Gold (3012)","","",""
"2025-02-16","MTA*NYCT Paygo","2.75","posted","Transit","Car & Transport","false","","regular","Chase Sapphire Reserve (9234)","","",""
"2025-02-16","Mace","26.29","posted","Bars","Food & Drink","false","","regular","Chase Sapphire Reserve (9234)","","",""
"2025-02-16","PATH Tapp Paygo","3.0","posted","Transit","Car & Transport","false","","regular","Chase Sapphire Reserve (9234)","","",""
"2025-02-16","Uber Eats - Refund","-69.0","posted","Food Delivery","Food & Drink","false","","regular","Amex Gold (3012)","","",""
"2025-02-17","NYCT Paygo","3.0","posted","Transit","Car & Transport","false","","regular","Chase Sapphire Reserve (9234)","","",""
"2025-02-17","Uber Eats","43.57","posted","Food Delivery","Food & Drink","false","","regular","Amex Gold (3012)","","",""
"2025-02-17","La Colombe","5.2","posted","Cafés","Food & Drink","false","","regular","Amex Gold (3012)","","",""
"2025-02-18","Grubhub","21.39","posted","Food Delivery","Food & Drink","false","","regular","Amex Gold (3012)","","",""
"2025-02-18","Blank Street Coffee","7.33","posted","Cafés","Food & Drink","false","","regular","Amex Gold (3012)","","",""
"2025-02-18","Equinox+","313.23","posted","Gym Membership","","false","","regular","Chase Checking (5567)","","",""
"2025-02-18","DoorDash","42.42","posted","Food Delivery","Food & Drink","false","","regular","Amex Gold (3012)","","",""
"2025-02-18","Uber Eats","29.93","posted","Food Delivery","Food & Drink","false","","regular","Amex Gold (3012)","","",""
"2025-02-18","DoorDash","40.74","posted","Food Delivery","Food & Drink","false","","regular","Amex Gold (3012)","","",""
"2025-02-18","NYCT Paygo","3.0","posted","Transit","Car & Transport","false","","regular","Chase Sapphire Reserve (9234)","","",""
"2025-02-18","DoorDash","18.91","posted","Food Delivery","Food & Drink","false","","regular","Amex Gold (3012)","","",""
"2025-02-19","NYCT Paygo","2.75","posted","Transit","Car & Transport","false","","regular","Chase Sapphire Reserve (9234)","","",""
"2025-02-19","Jack's Wife & Freda","23.93","posted","Brunch","Food & Drink","false","","regular","Amex Gold (3012)","","",""
"2025-02-19","DoorDash","35.27","posted","Food Delivery","Food & Drink","false","","regular","Amex Gold (3012)","","",""
"2025-02-19","Uber Eats","27.97","posted","Food Delivery","Food & Drink","false","","regular","Amex Gold (3012)","","",""
"2025-02-20","Chase CC Payment - Sapphire Reserve","2963.13","posted","Credit Card Payment","","true","","internal transfer","Chase Checking (5567)","","",""
"2025-02-20","Joe Coffee","6.44","posted","Cafés","Food & Drink","false","","regular","Amex Gold (3012)","","",""
"2025-02-20","Existing Conditions","30.15","posted","Bars","Food & Drink","false","","regular","Chase Sapphire Reserve (9234)","","",""
"2025-02-20","Chase CC Payment - Sapphire Reserve","2725.87","posted","Credit Card Payment","","true","","internal transfer","Chase Checking (5567)","","",""
"2025-02-21","Transfer to Marcus Savings","1828.99","posted","Savings Transfer","","true","","internal transfer","Chase Checking (5567)","","",""
"2025-02-21","NYCT Paygo","2.9","posted","Transit","Car & Transport","false","","regular","Chase Sapphire Reserve (9234)","","",""
"2025-02-21","Seamless - Refund","-28.01","posted","Food Delivery","Food & Drink","false","","regular","Amex Gold (3012)","","",""
"2025-02-21","DoorDash","14.85","posted","Food Delivery","Food & Drink","false","","regular","Amex Gold (3012)","","",""
"2025-02-21","Uber Eats","23.35","posted","Food Delivery","Food & Drink","false","","regular","Amex Gold (3012)","","",""
"2025-02-21","Uber","9.27","posted","Rideshare","Car & Transport","false","","regular","Chase Sapphire Reserve (9234)","","",""
"2025-02-21","ADP Payroll - Direct Deposit","-4881.71","posted","Income","","true","","income","Chase Checking (5567)","","",""
"2025-02-22","DoorDash","24.42","posted","Food Delivery","Food & Drink","false","","regular","Amex Gold (3012)","","",""
"2025-02-22","DoorDash","54.69","posted","Food Delivery","Food & Drink","false","","regular","Amex Gold (3012)","","",""
"2025-02-22","Diamond Reef","31.98","posted","Bars","Food & Drink","false","","regular","Chase Sapphire Reserve (9234)","","",""
"2025-02-22","Uber","4.45","posted","Rideshare","Car & Transport","false","","regular","Chase Sapphire Reserve (9234)","","",""
"2025-02-22","British Airways","451.9","posted","Flights","","false","","regular","Chase Sapphire Reserve (9234)","","",""
"2025-02-23","DoorDash","28.75","posted","Food Delivery","Food & Drink","false","","regular","Amex Gold (3012)","","",""
"2025-02-23","Amex Payment - Gold Card","3198.62","posted","Credit Card Payment","","true","","internal transfer","Chase Checking (5567)","","",""
"2025-02-23","Tatiana","40.96","posted","Restaurants","Food & Drink","false","","regular","Chase Sapphire Reserve (9234)","","",""
"2025-02-23","Everlane","22.61","posted","Clothing","Shopping","false","","regular","Amex Gold (3012)","","",""
"2025-02-25","Seamless","19.47","posted","Food Delivery","Food & Drink","false","","regular","Amex Gold (3012)","","",""
"2025-02-25","Seamless","27.13","posted","Food Delivery","Food & Drink","false","","regular","Amex Gold (3012)","","",""
"2025-02-25","DoorDash","34.96","posted","Food Delivery","Food & Drink","false","","regular","Amex Gold (3012)","","",""
"2025-02-25","DoorDash","32.19","posted","Food Delivery","Food & Drink","false","","regular","Amex Gold (3012)","","",""
"2025-02-25","DoorDash","51.42","posted","Food Delivery","Food & Drink","false","","regular","Amex Gold (3012)","","",""
"2025-02-25","DoorDash","32.03","posted","Food Delivery","Food & Drink","false","","regular","Amex Gold (3012)","","",""
"2025-02-25","Uber","24.43","posted","Rideshare","Car & Transport","false","","regular","Chase Sapphire Reserve (9234)","","",""
"2025-02-26","Blue Bottle Coffee","14.14","posted","Cafés","Food & Drink","false","","regular","Amex Gold (3012)","","",""
"2025-02-26","DoorDash","29.75","posted","Food Delivery","Food & Drink","false","","regular","Amex Gold (3012)","","",""
"2025-02-26","Uber Eats","20.11","posted","Food Delivery","Food & Drink","false","","regular","Amex Gold (3012)","","",""
"2025-02-26","NYCT Paygo","2.9","posted","Transit","Car & Transport","false","","regular","Chase Sapphire Reserve (9234)","","",""
"2025-02-27","MTA*NYCT Paygo","2.9","posted","Transit","Car & Transport","false","","regular","Chase Sapphire Reserve (9234)","","",""
"2025-02-27","Lyft","47.28","posted","Rideshare","Car & Transport","false","","regular","Chase Sapphire Reserve (9234)","","",""
"2025-02-27","Uber Eats","35.73","posted","Food Delivery","Food & Drink","false","","regular","Amex Gold (3012)","","",""
"2025-02-27","PATH Tapp Paygo","3.0","posted","Transit","Car & Transport","false","","regular","Chase Sapphire Reserve (9234)","","",""
"2025-02-27","Caviar","42.63","posted","Food Delivery","Food & Drink","false","","regular","Amex Gold (3012)","","",""
"2025-02-27","DoorDash","8.83","posted","Food Delivery","Food & Drink","false","","regular","Amex Gold (3012)","","",""
"2025-02-28","Marcus by Goldman Sachs - Interest","-44.78","posted","Interest Income","","true","","income","Marcus Savings (8841)","","",""
"2025-02-28","Seamless","28.18","posted","Food Delivery","Food & Drink","false","","regular","Amex Gold (3012)","","",""
"2025-02-28","La Colombe","6.57","posted","Cafés","Food & Drink","false","","regular","Amex Gold (3012)","","",""
"2025-03-01","Abraço","22.49","posted","Cafés","Food & Drink","false","","regular","Amex Gold (3012)","","",""
"2025-03-01","Zelle - Landlord","3262.5","posted","Rent","","false","","regular","Chase Checking (5567)","","",""
"2025-03-01","Netflix","15.49","posted","Subscriptions","","false","","regular","Chase Checking (5567)","","",""
"2025-03-01","Broadway/Telecharge","13.57","posted","Entertainment","","false","","regular","Chase Sapphire Reserve (9234)","","",""
"2025-03-01","Patent Pending","22.3","posted","Bars","Food & Drink","false","","regular","Chase Sapphire Reserve (9234)","","",""
"2025-03-01","Broadway/Telecharge","85.9","posted","Entertainment","","false","","regular","Chase Sapphire Reserve (9234)","","",""
"2025-03-02","Brooklyn Museum","9.31","posted","Entertainment","","false","","regular","Chase Sapphire Reserve (9234)","","",""
"2025-03-02","MTA*NYCT Paygo","3.0","posted","Transit","Car & Transport","false","","regular","Chase Sapphire Reserve (9234)","","",""
"2025-03-02","Aritzia","50.63","posted","Clothing","Shopping","false","","regular","Amex Gold (3012)","","",""
"2025-03-02","Bloomingdale's","22.63","posted","Clothing","Shopping","false","","regular","Amex Gold (3012)","","",""
"2025-03-02","Glossier","20.23","posted","General Shopping","Shopping","false","","regular","Chase Sapphire Reserve (9234)","","",""
"2025-03-02","CVS Pharmacy","22.08","posted","Healthcare","","false","","regular","Chase Checking (5567)","","",""
"2025-03-02","Apple One","17.99","posted","Subscriptions","","false","","regular","Chase Checking (5567)","","",""
"2025-03-03","Uber","28.78","posted","Rideshare","Car & Transport","false","","regular","Chase Sapphire Reserve (9234)","","",""
"2025-03-03","Seamless","34.05","posted","Food Delivery","Food & Drink","false","","regular","Amex Gold (3012)","","",""
"2025-03-03","NYCT Paygo","2.9","posted","Transit","Car & Transport","false","","regular","Chase Sapphire Reserve (9234)","","",""
"2025-03-03","ClassPass","14.99","posted","Subscriptions","","false","","regular","Chase Checking (5567)","","",""
"2025-03-03","iCloud Storage","9.99","posted","Subscriptions","","false","","regular","Chase Checking (5567)","","",""
"2025-03-04","PATH Tapp Paygo","2.9","posted","Transit","Car & Transport","false","","regular","Chase Sapphire Reserve (9234)","","",""
"2025-03-04","Egg Shop","61.11","posted","Brunch","Food & Drink","false","","regular","Amex Gold (3012)","","",""
"2025-03-04","DoorDash","21.79","posted","Food Delivery","Food & Drink","false","","regular","Amex Gold (3012)","","",""
"2025-03-04","Egg Shop","25.44","posted","Brunch","Food & Drink","false","","regular","Amex Gold (3012)","","",""
"2025-03-04","Venmo - Friend Split","11.93","posted","Venmo Social","","false","","regular","Venmo","","",""
"2025-03-04","Grubhub","94.79","posted","Food Delivery","Food & Drink","false","","regular","Amex Gold (3012)","","",""
"2025-03-05","NYCT Paygo","2.9","posted","Transit","Car & Transport","false","","regular","Chase Sapphire Reserve (9234)","","",""
"2025-03-05","Uber Eats","19.37","posted","Food Delivery","Food & Drink","false","","regular","Amex Gold (3012)","","",""
"2025-03-05","MTA*NYCT Paygo","2.9","posted","Transit","Car & Transport","false","","regular","Chase Sapphire Reserve (9234)","","",""
"2025-03-05","DoorDash","81.45","posted","Food Delivery","Food & Drink","false","","regular","Amex Gold (3012)","","",""
"2025-03-05","Trader Joe's","52.57","posted","Groceries","Food & Drink","false","","regular","Amex Gold (3012)","","",""
"2025-03-05","DoorDash","16.5","posted","Food Delivery","Food & Drink","false","","regular","Amex Gold (3012)","","",""
"2025-03-06","Blue Bottle Coffee","4.88","posted","Cafés","Food & Drink","false","","regular","Amex Gold (3012)","","",""
"2025-03-06","Blue Bottle Coffee","24.41","posted","Cafés","Food & Drink","false","","regular","Amex Gold (3012)","","",""
"2025-03-06","DoorDash","10.18","posted","Food Delivery","Food & Drink","false","","regular","Amex Gold (3012)","","",""
"2025-03-07","NYCT Paygo","3.0","posted","Transit","Car & Transport","false","","regular","Chase Sapphire Reserve (9234)","","",""
"2025-03-07","PATH Tapp Paygo","2.9","posted","Transit","Car & Transport","false","","regular","Chase Sapphire Reserve (9234)","","",""
"2025-03-07","ADP Payroll - Direct Deposit","-4860.23","posted","Income","","true","","income","Chase Checking (5567)","","",""
"2025-03-07","Transfer to Marcus Savings","2077.79","posted","Savings Transfer","","true","","internal transfer","Chase Checking (5567)","","",""
"2025-03-08","Dante","23.57","posted","Bars","Food & Drink","false","","regular","Chase Sapphire Reserve (9234)","","",""
"2025-03-08","DoorDash","30.98","posted","Food Delivery","Food & Drink","false","","regular","Amex Gold (3012)","","",""
"2025-03-08","Devocion","3.51","posted","Cafés","Food & Drink","false","","regular","Amex Gold (3012)","","",""
"2025-03-08","Gramercy Tavern","94.53","posted","Restaurants","Food & Drink","false","","regular","Chase Sapphire Reserve (9234)","","",""
"2025-03-08","Spotify","12.99","posted","Subscriptions","","false","","regular","Chase Checking (5567)","","",""
"2025-03-08","Caviar","15.11","posted","Food Delivery","Food & Drink","false","","regular","Amex Gold (3012)","","",""
"2025-03-09","Lululemon","109.21","posted","General Shopping","Shopping","false","","regular","Chase Sapphire Reserve (9234)","","",""
"2025-03-09","Chase CC Payment - Sapphire Reserve","1821.63","posted","Credit Card Payment","","true","","internal transfer","Chase Checking (5567)","","",""
"2025-03-09","Whole Foods Market","134.65","posted","Groceries","Food & Drink","false","","regular","Amex Gold (3012)","","",""
"2025-03-10","Raines Law Room","13.51","posted","Bars","Food & Drink","false","","regular","Chase Sapphire Reserve (9234)","","",""
"2025-03-10","Seamless","14.9","posted","Food Delivery","Food & Drink","false","","regular","Amex Gold (3012)","","",""
"2025-03-10","DoorDash","37.02","posted","Food Delivery","Food & Drink","false","","regular","Amex Gold (3012)","","",""
"2025-03-10","Uber","25.52","posted","Rideshare","Car & Transport","false","","regular","Chase Sapphire Reserve (9234)","","",""
"2025-03-10","Birch Coffee","4.31","posted","Cafés","Food & Drink","false","","regular","Amex Gold (3012)","","",""
"2025-03-10","Devocion","3.52","posted","Cafés","Food & Drink","false","","regular","Amex Gold (3012)","","",""
"2025-03-11","Venmo - Friend Split","54.38","posted","Venmo Social","","false","","regular","Venmo","","",""
"2025-03-11","Uber Eats","35.29","posted","Food Delivery","Food & Drink","false","","regular","Amex Gold (3012)","","",""
"2025-03-12","PATH Tapp Paygo","2.9","posted","Transit","Car & Transport","false","","regular","Chase Sapphire Reserve (9234)","","",""
"2025-03-12","DoorDash","44.91","posted","Food Delivery","Food & Drink","false","","regular","Amex Gold (3012)","","",""
"2025-03-12","Seamless","44.08","posted","Food Delivery","Food & Drink","false","","regular","Amex Gold (3012)","","",""
"2025-03-13","La Colombe","12.45","posted","Cafés","Food & Drink","false","","regular","Amex Gold (3012)","","",""
"2025-03-13","Seamless","28.82","posted","Food Delivery","Food & Drink","false","","regular","Amex Gold (3012)","","",""
"2025-03-13","MTA*NYCT Paygo","2.9","posted","Transit","Car & Transport","false","","regular","Chase Sapphire Reserve (9234)","","",""
"2025-03-13","DoorDash","20.79","posted","Food Delivery","Food & Drink","false","","regular","Amex Gold (3012)","","",""
"2025-03-13","Equinox+","264.65","posted","Gym Membership","","false","","regular","Chase Checking (5567)","","",""
"2025-03-14","Joe Coffee","4.71","posted","Cafés","Food & Drink","false","","regular","Amex Gold (3012)","","",""
"2025-03-14","Blue Bottle Coffee","22.71","posted","Cafés","Food & Drink","false","","regular","Amex Gold (3012)","","",""
"2025-03-14","The Met","11.04","posted","Entertainment","","false","","regular","Chase Sapphire Reserve (9234)","","",""
"2025-03-14","Devocion","4.51","posted","Cafés","Food & Drink","false","","regular","Amex Gold (3012)","","",""
"2025-03-14","MTA*NYCT Paygo","2.9","posted","Transit","Car & Transport","false","","regular","Chase Sapphire Reserve (9234)","","",""
"2025-03-14","PATH Tapp Paygo","2.9","posted","Transit","Car & Transport","false","","regular","Chase Sapphire Reserve (9234)","","",""
"2025-03-15","Broadway/Telecharge","18.69","posted","Entertainment","","false","","regular","Chase Sapphire Reserve (9234)","","",""
"2025-03-15","DoorDash","40.18","posted","Food Delivery","Food & Drink","false","","regular","Amex Gold (3012)","","",""
"2025-03-16","British Airways","422.41","posted","Flights","","false","","regular","Chase Sapphire Reserve (9234)","","",""
"2025-03-16","Diamond Reef","37.79","posted","Bars","Food & Drink","false","","regular","Chase Sapphire Reserve (9234)","","",""
"2025-03-17","MTA*NYCT Paygo","2.9","posted","Transit","Car & Transport","false","","regular","Chase Sapphire Reserve (9234)","","",""
"2025-03-17","Grubhub","16.78","posted","Food Delivery","Food & Drink","false","","regular","Amex Gold (3012)","","",""
"2025-03-17","NYCT Paygo","2.9","posted","Transit","Car & Transport","false","","regular","Chase Sapphire Reserve (9234)","","",""
"2025-03-17","Uber","11.4","posted","Rideshare","Car & Transport","false","","regular","Chase Sapphire Reserve (9234)","","",""
"2025-03-17","MTA*NYCT Paygo","3.0","posted","Transit","Car & Transport","false","","regular","Chase Sapphire Reserve (9234)","","",""
"2025-03-18","DoorDash","13.85","posted","Food Delivery","Food & Drink","false","","regular","Amex Gold (3012)","","",""
"2025-03-18","NYCT Paygo","2.75","posted","Transit","Car & Transport","false","","regular","Chase Sapphire Reserve (9234)","","",""
"2025-03-18","DoorDash","131.82","posted","Food Delivery","Food & Drink","false","","regular","Amex Gold (3012)","","",""
"2025-03-18","Dudley's","18.55","posted","Brunch","Food & Drink","false","","regular","Amex Gold (3012)","","",""
"2025-03-19","Grubhub","10.91","posted","Food Delivery","Food & Drink","false","","regular","Amex Gold (3012)","","",""
"2025-03-19","Grubhub","17.18","posted","Food Delivery","Food & Drink","false","","regular","Amex Gold (3012)","","",""
"2025-03-19","MTA*NYCT Paygo","2.9","posted","Transit","Car & Transport","false","","regular","Chase Sapphire Reserve (9234)","","",""
"2025-03-19","PATH Tapp Paygo","2.9","posted","Transit","Car & Transport","false","","regular","Chase Sapphire Reserve (9234)","","",""
"2025-03-19","Via","102.49","posted","Rideshare","Car & Transport","false","","regular","Chase Sapphire Reserve (9234)","","",""
"2025-03-20","Blue Bottle Coffee","4.6","posted","Cafés","Food & Drink","false","","regular","Amex Gold (3012)","","",""
"2025-03-21","Transfer to Marcus Savings","1740.38","posted","Savings Transfer","","true","","internal transfer","Chase Checking (5567)","","",""
"2025-03-21","DoorDash","49.98","posted","Food Delivery","Food & Drink","false","","regular","Amex Gold (3012)","","",""
"2025-03-21","Uber","21.76","posted","Rideshare","Car & Transport","false","","regular","Chase Sapphire Reserve (9234)","","",""
"2025-03-21","ADP Payroll - Direct Deposit","-4869.85","posted","Income","","true","","income","Chase Checking (5567)","","",""
"2025-03-21","Peloton Studio","30.67","posted","Fitness Classes","","false","","regular","Chase Checking (5567)","","",""
"2025-03-21","Bodega","57.68","posted","Groceries","Food & Drink","false","","regular","Amex Gold (3012)","","",""
"2025-03-21","Caviar","40.36","posted","Food Delivery","Food & Drink","false","","regular","Amex Gold (3012)","","",""
"2025-03-21","DoorDash","27.68","posted","Food Delivery","Food & Drink","false","","regular","Amex Gold (3012)","","",""
"2025-03-21","PATH Tapp Paygo","3.0","posted","Transit","Car & Transport","false","","regular","Chase Sapphire Reserve (9234)","","",""
"2025-03-21","Trader Joe's","47.16","posted","Groceries","Food & Drink","false","","regular","Amex Gold (3012)","","",""
"2025-03-22","Brooklyn Museum","14.79","posted","Entertainment","","false","","regular","Chase Sapphire Reserve (9234)","","",""
"2025-03-23","Blue Bottle Coffee","2.5","posted","Cafés","Food & Drink","false","","regular","Amex Gold (3012)","","",""
"2025-03-23","Chase CC Payment - Sapphire Reserve","2678.31","posted","Credit Card Payment","","true","","internal transfer","Chase Checking (5567)","","",""
"2025-03-23","Grubhub","44.82","posted","Food Delivery","Food & Drink","false","","regular","Amex Gold (3012)","","",""
"2025-03-23","Uber","24.69","posted","Rideshare","Car & Transport","false","","regular","Chase Sapphire Reserve (9234)","","",""
"2025-03-23","Existing Conditions","37.99","posted","Bars","Food & Drink","false","","regular","Chase Sapphire Reserve (9234)","","",""
"2025-03-23","DoorDash","11.39","posted","Food Delivery","Food & Drink","false","","regular","Amex Gold (3012)","","",""
"2025-03-23","Amazon","13.59","posted","General Shopping","Shopping","false","","regular","Chase Sapphire Reserve (9234)","","",""
"2025-03-24","DoorDash","43.97","posted","Food Delivery","Food & Drink","false","","regular","Amex Gold (3012)","","",""
"2025-03-24","NYCT Paygo","2.75","posted","Transit","Car & Transport","false","","regular","Chase Sapphire Reserve (9234)","","",""
"2025-03-25","NYCT Paygo","2.9","posted","Transit","Car & Transport","false","","regular","Chase Sapphire Reserve (9234)","","",""
"2025-03-25","Devocion","21.63","posted","Cafés","Food & Drink","false","","regular","Amex Gold (3012)","","",""
"2025-03-25","Lilia","19.66","posted","Restaurants","Food & Drink","false","","regular","Chase Sapphire Reserve (9234)","","",""
"2025-03-25","Amex Payment - Gold Card","3509.93","posted","Credit Card Payment","","true","","internal transfer","Chase Checking (5567)","","",""
"2025-03-26","MTA*NYCT Paygo","2.9","posted","Transit","Car & Transport","false","","regular","Chase Sapphire Reserve (9234)","","",""
"2025-03-26","NYCT Paygo","2.9","posted","Transit","Car & Transport","false","","regular","Chase Sapphire Reserve (9234)","","",""
"2025-03-26","Blue Bottle Coffee","24.16","posted","Cafés","Food & Drink","false","","regular","Amex Gold (3012)","","",""
"2025-03-26","PATH Tapp Paygo","2.9","posted","Transit","Car & Transport","false","","regular","Chase Sapphire Reserve (9234)","","",""
"2025-03-26","Unknown","3262.5","posted","Rent","","false","","regular","Chase Checking (5567)","","",""
"2025-03-27","NYCT Paygo","3.0","posted","Transit","Car & Transport","false","","regular","Chase Sapphire Reserve (9234)","","",""
"2025-03-27","AMC Theatres","12.63","posted","Entertainment","","false","","regular","Chase Sapphire Reserve (9234)","","",""
"2025-03-27","NYCT Paygo","3.0","posted","Transit","Car & Transport","false","","regular","Chase Sapphire Reserve (9234)","","",""
"2025-03-27","Equinox","272.83","posted","Gym Membership","","false","","regular","Chase Checking (5567)","","",""
"2025-03-27","NYCT Paygo","3.0","posted","Transit","Car & Transport","false","","regular","Chase Sapphire Reserve (9234)","","",""
"2025-03-27","Gregory's Coffee","4.22","posted","Cafés","Food & Drink","false","","regular","Amex Gold (3012)","","",""
"2025-03-28","PATH Tapp Paygo","2.9","posted","Transit","Car & Transport","false","","regular","Chase Sapphire Reserve (9234)","","",""
"2025-03-28","Caviar","21.65","posted","Food Delivery","Food & Drink","false","","regular","Amex Gold (3012)","","",""
"2025-03-28","MTA*NYCT Paygo","3.0","posted","Transit","Car & Transport","false","","regular","Chase Sapphire Reserve (9234)","","",""
"2025-03-28","Marcus by Goldman Sachs - Interest","-61.59","posted","Interest Income","","true","","income","Marcus Savings (8841)","","",""
"2025-03-28","Nail Salon","23.82","posted","Personal Care","Personal Care","false","","regular","Amex Gold (3012)","","",""
"2025-03-29","Sephora","109.22","posted","General Shopping","Shopping","false","","regular","Chase Sapphire Reserve (9234)","","",""
"2025-03-29","Uber Eats","22.83","posted","Food Delivery","Food & Drink","false","","regular","Amex Gold (3012)","","",""
"2025-03-29","Egg Shop","31.75","posted","Brunch","Food & Drink","false","","regular","Amex Gold (3012)","","",""
"2025-03-29","Lilia","110.76","posted","Restaurants","Food & Drink","false","","regular","Chase Sapphire Reserve (9234)","","",""
"2025-03-29","Uber Eats","21.56","posted","Food Delivery","Food & Drink","false","","regular","Amex Gold (3012)","","",""
"2025-03-30","Uber Eats","19.77","posted","Food Delivery","Food & Drink","false","","regular","Amex Gold (3012)","","",""
"2025-03-30","Jack's Wife & Freda","45.41","posted","Brunch","Food & Drink","false","","regular","Amex Gold (3012)","","",""
"2025-03-30","Dudley's","46.02","posted","Brunch","Food & Drink","false","","regular","Amex Gold (3012)","","",""
"2025-03-30","Seamless","25.19","posted","Food Delivery","Food & Drink","false","","regular","Amex Gold (3012)","","",""
"2025-03-31","DoorDash","7.44","posted","Food Delivery","Food & Drink","false","","regular","Amex Gold (3012)","","",""
"2025-03-31","MTA*NYCT Paygo","3.0","posted","Transit","Car & Transport","false","","regular","Chase Sapphire Reserve (9234)","","",""
"2025-03-31","Abraço","3.74","posted","Cafés","Food & Drink","false","","regular","Amex Gold (3012)","","",""
"2025-03-31","Devocion","16.15","posted","Cafés","Food & Drink","false","","regular","Amex Gold (3012)","","",""
"2025-03-31","DoorDash","35.91","posted","Food Delivery","Food & Drink","false","","regular","Amex Gold (3012)","","",""
"2025-04-01","Misi","45.3","posted","Restaurants","Food & Drink","false","","regular","Chase Sapphire Reserve (9234)","","",""
"2025-04-01","NYCT Paygo","2.75","posted","Transit","Car & Transport","false","","regular","Chase Sapphire Reserve (9234)","","",""
"2025-04-01","Abraço","3.4","posted","Cafés","Food & Drink","false","","regular","Amex Gold (3012)","","",""
"2025-04-01","Blue Bottle Coffee","23.89","posted","Cafés","Food & Drink","false","","regular","Amex Gold (3012)","","",""
"2025-04-01","Uber","22.33","posted","Rideshare","Car & Transport","false","","regular","Chase Sapphire Reserve (9234)","","",""
"2025-04-01","Zelle - Landlord","3268.75","posted","Rent","","false","","regular","Chase Checking (5567)","","",""
"2025-04-02","Blue Bottle Coffee","9.95","posted","Cafés","Food & Drink","false","","regular","Amex Gold (3012)","","",""
"2025-04-02","Lyft","7.26","posted","Rideshare","Car & Transport","false","","regular","Chase Sapphire Reserve (9234)","","",""
"2025-04-02","Blue Bottle Coffee","5.7","posted","Cafés","Food & Drink","false","","regular","Amex Gold (3012)","","",""
"2025-04-02","Starbucks","3.28","posted","Cafés","Food & Drink","false","","regular","Amex Gold (3012)","","",""
"2025-04-02","Spotify","12.99","posted","Subscriptions","","false","","regular","Chase Checking (5567)","","",""
"2025-04-02","La Colombe","5.65","posted","Cafés","Food & Drink","false","","regular","Amex Gold (3012)","","",""
"2025-04-02","DoorDash","36.33","posted","Food Delivery","Food & Drink","false","","regular","Amex Gold (3012)","","",""
"2025-04-03","Peloton Studio - Refund","-30.67","posted","Fitness Classes","","false","","regular","Chase Checking (5567)","","",""
"2025-04-03","MTA*NYCT Paygo","3.0","posted","Transit","Car & Transport","false","","regular","Chase Sapphire Reserve (9234)","","",""
"2025-04-03","Blue Bottle Coffee","4.93","posted","Cafés","Food & Drink","false","","regular","Amex Gold (3012)","","",""
"2025-04-04","ADP Payroll - Direct Deposit","-4781.66","posted","Income","","true","","income","Chase Checking (5567)","","",""
"2025-04-04","Transfer to Marcus Savings","1849.02","posted","Savings Transfer","","true","","internal transfer","Chase Checking (5567)","","",""
"2025-04-04","Jack's Wife & Freda","41.48","posted","Brunch","Food & Drink","false","","regular","Amex Gold (3012)","","",""
"2025-04-04","Blank Street Coffee","5.34","posted","Cafés","Food & Drink","false","","regular","Amex Gold (3012)","","",""
"2025-04-04","Joe Coffee","5.91","posted","Cafés","Food & Drink","false","","regular","Amex Gold (3012)","","",""
"2025-04-04","NYCT Paygo","2.9","posted","Transit","Car & Transport","false","","regular","Chase Sapphire Reserve (9234)","","",""
"2025-04-04","The Met","20.96","posted","Entertainment","","false","","regular","Chase Sapphire Reserve (9234)","","",""
"2025-04-04","Trader Joe's","70.91","posted","Groceries","Food & Drink","false","","regular","Amex Gold (3012)","","",""
"2025-04-04","Uber Eats","40.97","posted","Food Delivery","Food & Drink","false","","regular","Amex Gold (3012)","","",""
"2025-04-04","Blue Bottle Coffee","5.15","posted","Cafés","Food & Drink","false","","regular","Amex Gold (3012)","","",""
"2025-04-05","Netflix","15.49","posted","Subscriptions","","false","","regular","Chase Checking (5567)","","",""
"2025-04-05","ClassPass","14.99","posted","Subscriptions","","false","","regular","Chase Checking (5567)","","",""
"2025-04-05","Café Mogador","27.33","posted","Brunch","Food & Drink","false","","regular","Amex Gold (3012)","","",""
"2025-04-05","DoorDash","11.68","posted","Food Delivery","Food & Drink","false","","regular","Amex Gold (3012)","","",""
"2025-04-05","West Elm","29.96","posted","General Shopping","Shopping","false","","regular","Chase Sapphire Reserve (9234)","","",""
"2025-04-06","Uber Eats","32.51","posted","Food Delivery","Food & Drink","false","","regular","Amex Gold (3012)","","",""
"2025-04-06","Mace","16.41","posted","Bars","Food & Drink","false","","regular","Chase Sapphire Reserve (9234)","","",""
"2025-04-06","Grubhub","14.25","posted","Food Delivery","Food & Drink","false","","regular","Amex Gold (3012)","","",""
"2025-04-06","Lilia","85.59","posted","Restaurants","Food & Drink","false","","regular","Chase Sapphire Reserve (9234)","","",""
"2025-04-06","Grubhub","61.81","posted","Food Delivery","Food & Drink","false","","regular","Amex Gold (3012)","","",""
"2025-04-06","Uber Eats","29.86","posted","Food Delivery","Food & Drink","false","","regular","Amex Gold (3012)","","",""
"2025-04-07","PATH Tapp Paygo","3.0","posted","Transit","Car & Transport","false","","regular","Chase Sapphire Reserve (9234)","","",""
"2025-04-07","Seamless","19.13","posted","Food Delivery","Food & Drink","false","","regular","Amex Gold (3012)","","",""
"2025-04-08","Seamless","62.42","posted","Food Delivery","Food & Drink","false","","regular","Amex Gold (3012)","","",""
"2025-04-08","MTA*NYCT Paygo","2.75","posted","Transit","Car & Transport","false","","regular","Chase Sapphire Reserve (9234)","","",""
"2025-04-08","Apple One","17.99","posted","Subscriptions","","false","","regular","Chase Checking (5567)","","",""
"2025-04-08","Uber Eats","26.56","posted","Food Delivery","Food & Drink","false","","regular","Amex Gold (3012)","","",""
"2025-04-08","Venmo - Drinks Split","48.85","posted","Venmo Social","","false","","regular","Venmo","","",""
"2025-04-08","Chase CC Payment - Sapphire Reserve","3234.71","posted","Credit Card Payment","","true","","internal transfer","Chase Checking (5567)","","",""
"2025-04-08","MTA*NYCT Paygo","2.9","posted","Transit","Car & Transport","false","","regular","Chase Sapphire Reserve (9234)","","",""
"2025-04-08","iCloud Storage","9.99","posted","Subscriptions","","false","","regular","Chase Checking (5567)","","",""
"2025-04-09","NYCT Paygo","3.0","posted","Transit","Car & Transport","false","","regular","Chase Sapphire Reserve (9234)","","",""
"2025-04-09","Brooklyn Museum","5.66","posted","Entertainment","","false","","regular","Chase Sapphire Reserve (9234)","","",""
"2025-04-09","Sketch London","34.64","posted","London Expenses","","false","","regular","Chase Sapphire Reserve (9234)","","",""
"2025-04-09","Via Carota","41.46","posted","Restaurants","Food & Drink","false","","regular","Chase Sapphire Reserve (9234)","","",""
"2025-04-10","Venmo - Uber Split","25.46","posted","Venmo Social","","false","","regular","Venmo","","",""
"2025-04-10","Chase CC Payment - Sapphire Reserve","2267.54","posted","Credit Card Payment","","true","","internal transfer","Chase Checking (5567)","","",""
"2025-04-10","Grubhub","36.53","posted","Food Delivery","Food & Drink","false","","regular","Amex Gold (3012)","","",""
"2025-04-10","DoorDash","32.71","posted","Food Delivery","Food & Drink","false","","regular","Amex Gold (3012)","","",""
"2025-04-10","Uber Eats","20.32","posted","Food Delivery","Food & Drink","false","","regular","Amex Gold (3012)","","",""
"2025-04-10","MTA*NYCT Paygo","2.75","posted","Transit","Car & Transport","false","","regular","Chase Sapphire Reserve (9234)","","",""
"2025-04-10","DoorDash","14.97","posted","Food Delivery","Food & Drink","false","","regular","Amex Gold (3012)","","",""
"2025-04-11","PATH Tapp Paygo","2.9","posted","Transit","Car & Transport","false","","regular","Chase Sapphire Reserve (9234)","","",""
"2025-04-11","DoorDash","37.49","posted","Food Delivery","Food & Drink","false","","regular","Amex Gold (3012)","","",""
"2025-04-11","MTA*NYCT Paygo","3.0","posted","Transit","Car & Transport","false","","regular","Chase Sapphire Reserve (9234)","","",""
"2025-04-11","Uber Eats","23.35","posted","Food Delivery","Food & Drink","false","","regular","Amex Gold (3012)","","",""
"2025-04-11","Uber Eats","34.21","posted","Food Delivery","Food & Drink","false","","regular","Amex Gold (3012)","","",""
"2025-04-11","DoorDash","23.74","posted","Food Delivery","Food & Drink","false","","regular","Amex Gold (3012)","","",""
"2025-04-12","The Met - Refund","-20.96","posted","Entertainment","","false","","regular","Chase Sapphire Reserve (9234)","","",""
"2025-04-12","TJ Maxx","37.08","posted","General Shopping","Shopping","false","","regular","Chase Sapphire Reserve (9234)","","",""
"2025-04-12","Uber Eats","32.72","posted","Food Delivery","Food & Drink","false","","regular","Amex Gold (3012)","","",""
"2025-04-12","Venmo - Friend Split","104.92","posted","Venmo Social","","false","","regular","Venmo","","",""
"2025-04-12","Starbucks","7.26","posted","Cafés","Food & Drink","false","","regular","Amex Gold (3012)","","",""
"2025-04-13","DoorDash","16.62","posted","Food Delivery","Food & Drink","false","","regular","Amex Gold (3012)","","",""
"2025-04-13","Lululemon","9.13","posted","General Shopping","Shopping","false","","regular","Chase Sapphire Reserve (9234)","","",""
"2025-04-13","La Colombe","7.13","posted","Cafés","Food & Drink","false","","regular","Amex Gold (3012)","","",""
"2025-04-14","Glamsquad","73.65","posted","Personal Care","Personal Care","false","","regular","Amex Gold (3012)","","",""
"2025-04-14","Equinox+","266.13","posted","Gym Membership","","false","","regular","Chase Checking (5567)","","",""
"2025-04-14","Uber Eats","69.07","posted","Food Delivery","Food & Drink","false","","regular","Amex Gold (3012)","","",""
"2025-04-15","Grubhub","45.97","posted","Food Delivery","Food & Drink","false","","regular","Amex Gold (3012)","","",""
"2025-04-15","Mace - Refund","-16.41","posted","Bars","Food & Drink","false","","regular","Chase Sapphire Reserve (9234)","","",""
"2025-04-15","Patent Pending","55.07","posted","Bars","Food & Drink","false","","regular","Chase Sapphire Reserve (9234)","","",""
"2025-04-15","NYCT Paygo","3.0","posted","Transit","Car & Transport","false","","regular","Chase Sapphire Reserve (9234)","","",""
"2025-04-16","Uber Eats","27.41","posted","Food Delivery","Food & Drink","false","","regular","Amex Gold (3012)","","",""
"2025-04-16","Blue Bottle Coffee","24.28","posted","Cafés","Food & Drink","false","","regular","Amex Gold (3012)","","",""
"2025-04-16","Starbucks","4.15","posted","Cafés","Food & Drink","false","","regular","Amex Gold (3012)","","",""
"2025-04-16","DoorDash","34.06","posted","Food Delivery","Food & Drink","false","","regular","Amex Gold (3012)","","",""
"2025-04-16","PATH Tapp Paygo","2.9","posted","Transit","Car & Transport","false","","regular","Chase Sapphire Reserve (9234)","","",""
"2025-04-16","Maison Premiere","59.49","posted","Bars","Food & Drink","false","","regular","Chase Sapphire Reserve (9234)","","",""
"2025-04-17","Grubhub","46.05","posted","Food Delivery","Food & Drink","false","","regular","Amex Gold (3012)","","",""
"2025-04-17","Seamless","37.84","posted","Food Delivery","Food & Drink","false","","regular","Amex Gold (3012)","","",""
"2025-04-17","NYCT Paygo","3.0","posted","Transit","Car & Transport","false","","regular","Chase Sapphire Reserve (9234)","","",""
"2025-04-17","Laser Wolf","26.59","posted","Restaurants","Food & Drink","false","","regular","Chase Sapphire Reserve (9234)","","",""
"2025-04-18","Cote Korean Steakhouse","57.91","posted","Restaurants","Food & Drink","false","","regular","Chase Sapphire Reserve (9234)","","",""
"2025-04-18","Blue Bottle Coffee","18.66","posted","Cafés","Food & Drink","false","","regular","Amex Gold (3012)","","",""
"2025-04-18","MTA*NYCT Paygo","2.9","posted","Transit","Car & Transport","false","","regular","Chase Sapphire Reserve (9234)","","",""
"2025-04-18","ADP Payroll - Direct Deposit","-4849.69","posted","Income","","true","","income","Chase Checking (5567)","","",""
"2025-04-18","Transfer to Marcus Savings","1624.6","posted","Savings Transfer","","true","","internal transfer","Chase Checking (5567)","","",""
"2025-04-19","Seamless","14.46","posted","Food Delivery","Food & Drink","false","","regular","Amex Gold (3012)","","",""
"2025-04-19","Seamless","21.83","posted","Food Delivery","Food & Drink","false","","regular","Amex Gold (3012)","","",""
"2025-04-19","Uber Eats","25.86","posted","Food Delivery","Food & Drink","false","","regular","Amex Gold (3012)","","",""
"2025-04-19","DoorDash","56.19","posted","Food Delivery","Food & Drink","false","","regular","Amex Gold (3012)","","",""
"2025-04-19","DoorDash","16.64","posted","Food Delivery","Food & Drink","false","","regular","Amex Gold (3012)","","",""
"2025-04-19","British Airways","560.03","posted","Flights","","false","","regular","Chase Sapphire Reserve (9234)","","",""
"2025-04-19","Westside Market","26.32","posted","Groceries","Food & Drink","false","","regular","Amex Gold (3012)","","",""
"2025-04-19","DoorDash","25.12","posted","Food Delivery","Food & Drink","false","","regular","Amex Gold (3012)","","",""
"2025-04-19","Amazon","77.09","posted","General Shopping","Shopping","false","","regular","Chase Sapphire Reserve (9234)","","",""
"2025-04-20","Patent Pending","9.77","posted","Bars","Food & Drink","false","","regular","Chase Sapphire Reserve (9234)","","",""
"2025-04-20","Grubhub","15.76","posted","Food Delivery","Food & Drink","false","","regular","Amex Gold (3012)","","",""
"2025-04-20","DoorDash","39.63","posted","Food Delivery","Food & Drink","false","","regular","Amex Gold (3012)","","",""
"2025-04-20","Amazon","45.99","posted","General Shopping","Shopping","false","","regular","Chase Sapphire Reserve (9234)","","",""
"2025-04-20","DoorDash","27.41","posted","Food Delivery","Food & Drink","false","","regular","Amex Gold (3012)","","",""
"2025-04-21","PATH Tapp Paygo","2.9","posted","Transit","Car & Transport","false","","regular","Chase Sapphire Reserve (9234)","","",""
"2025-04-21","Flat Iron","46.66","posted","London Expenses","","false","","regular","Chase Sapphire Reserve (9234)","","",""
"2025-04-21","NYCT Paygo","2.9","posted","Transit","Car & Transport","false","","regular","Chase Sapphire Reserve (9234)","","",""
"2025-04-21","Uber","36.5","posted","Rideshare","Car & Transport","false","","regular","Chase Sapphire Reserve (9234)","","",""
"2025-04-22","Caviar","14.56","posted","Food Delivery","Food & Drink","false","","regular","Amex Gold (3012)","","",""
"2025-04-22","Tatiana","70.56","posted","Restaurants","Food & Drink","false","","regular","Chase Sapphire Reserve (9234)","","",""
"2025-04-23","Seamless","10.74","posted","Food Delivery","Food & Drink","false","","regular","Amex Gold (3012)","","",""
"2025-04-23","DoorDash","40.75","posted","Food Delivery","Food & Drink","false","","regular","Amex Gold (3012)","","",""
"2025-04-23","DoorDash","45.31","posted","Food Delivery","Food & Drink","false","","regular","Amex Gold (3012)","","",""
"2025-04-23","Via","8.02","posted","Rideshare","Car & Transport","false","","regular","Chase Sapphire Reserve (9234)","","",""
"2025-04-23","Venmo - Brunch Split","34.46","posted","Venmo Social","","false","","regular","Venmo","","",""
"2025-04-23","Caviar","29.7","posted","Food Delivery","Food & Drink","false","","regular","Amex Gold (3012)","","",""
"2025-04-24","Seamless","18.12","posted","Food Delivery","Food & Drink","false","","regular","Amex Gold (3012)","","",""
"2025-04-24","Lilia","50.67","posted","Restaurants","Food & Drink","false","","regular","Chase Sapphire Reserve (9234)","","",""
"2025-04-25","Dudley's","41.05","posted","Brunch","Food & Drink","false","","regular","Amex Gold (3012)","","",""
"2025-04-25","PATH Tapp Paygo","3.0","posted","Transit","Car & Transport","false","","regular","Chase Sapphire Reserve (9234)","","",""
"2025-04-25","Uber Eats","37.37","posted","Food Delivery","Food & Drink","false","","regular","Amex Gold (3012)","","",""
"2025-04-25","Grubhub","15.94","posted","Food Delivery","Food & Drink","false","","regular","Amex Gold (3012)","","",""
"2025-04-25","NYCT Paygo","2.9","posted","Transit","Car & Transport","false","","regular","Chase Sapphire Reserve (9234)","","",""
"2025-04-26","Amex Payment - Gold Card","4174.0","posted","Credit Card Payment","","true","","internal transfer","Chase Checking (5567)","","",""
"2025-04-26","Grubhub","32.22","posted","Food Delivery","Food & Drink","false","","regular","Amex Gold (3012)","","",""
"2025-04-26","The Met","19.37","posted","Entertainment","","false","","regular","Chase Sapphire Reserve (9234)","","",""
"2025-04-26","Venmo - Uber Split","40.01","posted","Venmo Social","","false","","regular","Venmo","","",""
"2025-04-26","Estela","135.23","posted","Restaurants","Food & Drink","false","","regular","Chase Sapphire Reserve (9234)","","",""
"2025-04-26","Uber Eats","31.37","posted","Food Delivery","Food & Drink","false","","regular","Amex Gold (3012)","","",""
"2025-04-26","NYCT Paygo","2.9","posted","Transit","Car & Transport","false","","regular","Chase Sapphire Reserve (9234)","","",""
"2025-04-26","NYCT Paygo","2.75","posted","Transit","Car & Transport","false","","regular","Chase Sapphire Reserve (9234)","","",""
"2025-04-27","Heyday Facial","49.99","posted","Personal Care","Personal Care","false","","regular","Amex Gold (3012)","","",""
"2025-04-27","Venmo - Friend Split","35.95","posted","Venmo Social","","false","","regular","Venmo","","",""
"2025-04-27","Sephora","55.45","posted","General Shopping","Shopping","false","","regular","Chase Sapphire Reserve (9234)","","",""
"2025-04-27","Chase CC Payment - Sapphire Reserve","1877.88","posted","Credit Card Payment","","true","","internal transfer","Chase Checking (5567)","","",""
"2025-04-27","Seamless","15.65","posted","Food Delivery","Food & Drink","false","","regular","Amex Gold (3012)","","",""
"2025-04-27","DoorDash","20.91","posted","Food Delivery","Food & Drink","false","","regular","Amex Gold (3012)","","",""
"2025-04-27","Gregory's Coffee","4.91","posted","Cafés","Food & Drink","false","","regular","Amex Gold (3012)","","",""
"2025-04-27","Starbucks","3.66","posted","Cafés","Food & Drink","false","","regular","Amex Gold (3012)","","",""
"2025-04-27","AMC Theatres","15.16","posted","Entertainment","","false","","regular","Chase Sapphire Reserve (9234)","","",""
"2025-04-27","NYCT Paygo","3.0","posted","Transit","Car & Transport","false","","regular","Chase Sapphire Reserve (9234)","","",""
"2025-04-27","Gramercy Tavern","35.0","posted","Restaurants","Food & Drink","false","","regular","Chase Sapphire Reserve (9234)","","",""
"2025-04-28","PATH Tapp Paygo","2.75","posted","Transit","Car & Transport","false","","regular","Chase Sapphire Reserve (9234)","","",""
"2025-04-28","Uber","31.44","posted","Rideshare","Car & Transport","false","","regular","Chase Sapphire Reserve (9234)","","",""
"2025-04-28","MTA*NYCT Paygo","2.9","posted","Transit","Car & Transport","false","","regular","Chase Sapphire Reserve (9234)","","",""
"2025-04-28","Bonnie's","25.14","posted","Restaurants","Food & Drink","false","","regular","Chase Sapphire Reserve (9234)","","",""
"2025-04-28","DoorDash","15.24","posted","Food Delivery","Food & Drink","false","","regular","Amex Gold (3012)","","",""
"2025-04-28","Existing Conditions","26.11","posted","Bars","Food & Drink","false","","regular","Chase Sapphire Reserve (9234)","","",""
"2025-04-28","DoorDash","15.22","posted","Food Delivery","Food & Drink","false","","regular","Amex Gold (3012)","","",""
"2025-04-28","Gristedes","36.41","posted","Groceries","Food & Drink","false","","regular","Amex Gold (3012)","","",""
"2025-04-28","Marcus by Goldman Sachs - Interest","-43.76","posted","Interest Income","","true","","income","Marcus Savings (8841)","","",""
"2025-04-29","Amazon","32.3","posted","General Shopping","Shopping","false","","regular","Chase Sapphire Reserve (9234)","","",""
"2025-04-29","Bodega","41.21","posted","Groceries","Food & Drink","false","","regular","Amex Gold (3012)","","",""
"2025-04-30","Uber Eats","41.08","posted","Food Delivery","Food & Drink","false","","regular","Amex Gold (3012)","","",""
"2025-04-30","NYCT Paygo","2.9","posted","Transit","Car & Transport","false","","regular","Chase Sapphire Reserve (9234)","","",""
"2025-04-30","NYCT Paygo","2.75","posted","Transit","Car & Transport","false","","regular","Chase Sapphire Reserve (9234)","","",""
"2025-04-30","Nail Salon","103.29","posted","Personal Care","Personal Care","false","","regular","Amex Gold (3012)","","",""
"2025-04-30","DoorDash","38.13","posted","Food Delivery","Food & Drink","false","","regular","Amex Gold (3012)","","",""
"2025-04-30","Starbucks","4.9","posted","Cafés","Food & Drink","false","","regular","Amex Gold (3012)","","",""
"2025-04-30","DoorDash","12.68","posted","Food Delivery","Food & Drink","false","","regular","Amex Gold (3012)","","",""
"2025-05-01","DoorDash","39.46","posted","Food Delivery","Food & Drink","false","","regular","Amex Gold (3012)","","",""
"2025-05-01","Seamless","19.53","posted","Food Delivery","Food & Drink","false","","regular","Amex Gold (3012)","","",""
"2025-05-01","NYCT Paygo","3.0","posted","Transit","Car & Transport","false","","regular","Chase Sapphire Reserve (9234)","","",""
"2025-05-01","Seamless","34.15","posted","Food Delivery","Food & Drink","false","","regular","Amex Gold (3012)","","",""
"2025-05-01","Uber Eats","33.43","posted","Food Delivery","Food & Drink","false","","regular","Amex Gold (3012)","","",""
"2025-05-01","Apple One","17.99","posted","Subscriptions","","false","","regular","Chase Checking (5567)","","",""
"2025-05-01","DoorDash","22.59","posted","Food Delivery","Food & Drink","false","","regular","Amex Gold (3012)","","",""
"2025-05-01","Zelle - Landlord","3275.0","posted","Rent","","false","","regular","Chase Checking (5567)","","",""
"2025-05-01","PATH Tapp Paygo","3.0","posted","Transit","Car & Transport","false","","regular","Chase Sapphire Reserve (9234)","","",""
"2025-05-01","Birch Coffee","6.79","posted","Cafés","Food & Drink","false","","regular","Amex Gold (3012)","","",""
"2025-05-02","Starbucks","4.39","posted","Cafés","Food & Drink","false","","regular","Amex Gold (3012)","","",""
"2025-05-02","Birch Coffee","4.96","posted","Cafés","Food & Drink","false","","regular","Amex Gold (3012)","","",""
"2025-05-02","Blue Bottle Coffee","20.85","posted","Cafés","Food & Drink","false","","regular","Amex Gold (3012)","","",""
"2025-05-02","Starbucks","3.21","posted","Cafés","Food & Drink","false","","regular","Amex Gold (3012)","","",""
"2025-05-02","MTA*NYCT Paygo","2.9","posted","Transit","Car & Transport","false","","regular","Chase Sapphire Reserve (9234)","","",""
"2025-05-02","Transfer to Marcus Savings","1750.04","posted","Savings Transfer","","true","","internal transfer","Chase Checking (5567)","","",""
"2025-05-02","ADP Payroll - Direct Deposit","-4866.87","posted","Income","","true","","income","Chase Checking (5567)","","",""
"2025-05-02","Spotify","12.99","posted","Subscriptions","","false","","regular","Chase Checking (5567)","","",""
"2025-05-02","iCloud Storage","9.99","posted","Subscriptions","","false","","regular","Chase Checking (5567)","","",""
"2025-05-03","Aritzia","50.55","posted","Clothing","Shopping","false","","regular","Amex Gold (3012)","","",""
"2025-05-03","Maman","26.69","posted","Brunch","Food & Drink","false","","regular","Amex Gold (3012)","","",""
"2025-05-03","Uber Eats","9.5","posted","Food Delivery","Food & Drink","false","","regular","Amex Gold (3012)","","",""
"2025-05-03","DoorDash","14.95","posted","Food Delivery","Food & Drink","false","","regular","Amex Gold (3012)","","",""
"2025-05-03","Patent Pending","29.34","posted","Bars","Food & Drink","false","","regular","Chase Sapphire Reserve (9234)","","",""
"2025-05-03","Uber Eats","10.21","posted","Food Delivery","Food & Drink","false","","regular","Amex Gold (3012)","","",""
"2025-05-03","La Colombe","6.18","posted","Cafés","Food & Drink","false","","regular","Amex Gold (3012)","","",""
"2025-05-03","PATH Tapp Paygo","2.75","posted","Transit","Car & Transport","false","","regular","Chase Sapphire Reserve (9234)","","",""
"2025-05-03","ClassPass","14.99","posted","Subscriptions","","false","","regular","Chase Checking (5567)","","",""
"2025-05-04","Uber","43.14","posted","Rideshare","Car & Transport","false","","regular","Chase Sapphire Reserve (9234)","","",""
"2025-05-04","NYCT Paygo","2.9","posted","Transit","Car & Transport","false","","regular","Chase Sapphire Reserve (9234)","","",""
"2025-05-04","COS","33.11","posted","Clothing","Shopping","false","","regular","Amex Gold (3012)","","",""
"2025-05-04","Grubhub","27.39","posted","Food Delivery","Food & Drink","false","","regular","Amex Gold (3012)","","",""
"2025-05-04","Maison Premiere","13.6","posted","Bars","Food & Drink","false","","regular","Chase Sapphire Reserve (9234)","","",""
"2025-05-05","DoorDash","24.76","posted","Food Delivery","Food & Drink","false","","regular","Amex Gold (3012)","","",""
"2025-05-05","Netflix","15.49","posted","Subscriptions","","false","","regular","Chase Checking (5567)","","",""
"2025-05-05","NYCT Paygo","2.75","posted","Transit","Car & Transport","false","","regular","Chase Sapphire Reserve (9234)","","",""
"2025-05-05","Uber","8.35","posted","Rideshare","Car & Transport","false","","regular","Chase Sapphire Reserve (9234)","","",""
"2025-05-05","DoorDash","20.91","posted","Food Delivery","Food & Drink","false","","regular","Amex Gold (3012)","","",""
"2025-05-05","Chase CC Payment - Sapphire Reserve","2491.61","posted","Credit Card Payment","","true","","internal transfer","Chase Checking (5567)","","",""
"2025-05-06","DoorDash","41.6","posted","Food Delivery","Food & Drink","false","","regular","Amex Gold (3012)","","",""
"2025-05-06","DoorDash","20.95","posted","Food Delivery","Food & Drink","false","","regular","Amex Gold (3012)","","",""
"2025-05-07","Uber Eats","22.2","posted","Food Delivery","Food & Drink","false","","regular","Amex Gold (3012)","","",""
"2025-05-07","Venmo - Brunch Split","23.24","posted","Venmo Social","","false","","regular","Venmo","","",""
"2025-05-07","Heyday Facial","69.57","posted","Personal Care","Personal Care","false","","regular","Amex Gold (3012)","","",""
"2025-05-07","Seamless - Refund","-18.12","posted","Food Delivery","Food & Drink","false","","regular","Amex Gold (3012)","","",""
"2025-05-07","DoorDash","28.67","posted","Food Delivery","Food & Drink","false","","regular","Amex Gold (3012)","","",""
"2025-05-07","Blank Street Coffee","5.04","posted","Cafés","Food & Drink","false","","regular","Amex Gold (3012)","","",""
"2025-05-07","Joe Coffee","4.38","posted","Cafés","Food & Drink","false","","regular","Amex Gold (3012)","","",""
"2025-05-08","Grubhub","66.15","posted","Food Delivery","Food & Drink","false","","regular","Amex Gold (3012)","","",""
"2025-05-08","PATH Tapp Paygo","3.0","posted","Transit","Car & Transport","false","","regular","Chase Sapphire Reserve (9234)","","",""
"2025-05-08","Seamless","29.05","posted","Food Delivery","Food & Drink","false","","regular","Amex Gold (3012)","","",""
"2025-05-08","NYCT Paygo","2.9","posted","Transit","Car & Transport","false","","regular","Chase Sapphire Reserve (9234)","","",""
"2025-05-08","Abraço","6.08","posted","Cafés","Food & Drink","false","","regular","Amex Gold (3012)","","",""
"2025-05-08","Mace","22.61","posted","Bars","Food & Drink","false","","regular","Chase Sapphire Reserve (9234)","","",""
"2025-05-09","Abraço","4.1","posted","Cafés","Food & Drink","false","","regular","Amex Gold (3012)","","",""
"2025-05-09","PATH Tapp Paygo","3.0","posted","Transit","Car & Transport","false","","regular","Chase Sapphire Reserve (9234)","","",""
"2025-05-09","MTA*NYCT Paygo","2.9","posted","Transit","Car & Transport","false","","regular","Chase Sapphire Reserve (9234)","","",""
"2025-05-09","Venmo - Dinner Split","43.82","posted","Venmo Social","","false","","regular","Venmo","","",""
"2025-05-09","DoorDash","12.28","posted","Food Delivery","Food & Drink","false","","regular","Amex Gold (3012)","","",""
"2025-05-10","Uber Eats","28.68","posted","Food Delivery","Food & Drink","false","","regular","Amex Gold (3012)","","",""
"2025-05-10","Sugarfish","17.93","posted","Restaurants","Food & Drink","false","","regular","Chase Sapphire Reserve (9234)","","",""
"2025-05-11","Abraço","12.18","posted","Cafés","Food & Drink","false","","regular","Amex Gold (3012)","","",""
"2025-05-11","Honest Burgers","23.16","posted","London Expenses","","false","","regular","Chase Sapphire Reserve (9234)","","",""
"2025-05-11","MTA*NYCT Paygo","3.0","posted","Transit","Car & Transport","false","","regular","Chase Sapphire Reserve (9234)","","",""
"2025-05-11","Chase CC Payment - Sapphire Reserve","3475.8","posted","Credit Card Payment","","true","","internal transfer","Chase Checking (5567)","","",""
"2025-05-11","Rumble Boxing","26.85","posted","Fitness Classes","","false","","regular","Chase Checking (5567)","","",""
"2025-05-12","SoulCycle","35.15","posted","Fitness Classes","","false","","regular","Chase Checking (5567)","","",""
"2025-05-12","Uber Eats","12.46","posted","Food Delivery","Food & Drink","false","","regular","Amex Gold (3012)","","",""
"2025-05-12","Sugarfish","30.72","posted","Restaurants","Food & Drink","false","","regular","Chase Sapphire Reserve (9234)","","",""
"2025-05-12","Uber Eats","43.06","posted","Food Delivery","Food & Drink","false","","regular","Amex Gold (3012)","","",""
"2025-05-12","MTA*NYCT Paygo","2.9","posted","Transit","Car & Transport","false","","regular","Chase Sapphire Reserve (9234)","","",""
"2025-05-12","DoorDash","19.92","posted","Food Delivery","Food & Drink","false","","regular","Amex Gold (3012)","","",""
"2025-05-13","Starbucks","15.82","posted","Cafés","Food & Drink","false","","regular","Amex Gold (3012)","","",""
"2025-05-13","DoorDash","15.4","posted","Food Delivery","Food & Drink","false","","regular","Amex Gold (3012)","","",""
"2025-05-13","Seamless","24.04","posted","Food Delivery","Food & Drink","false","","regular","Amex Gold (3012)","","",""
"2025-05-13","Amazon","41.53","posted","General Shopping","Shopping","false","","regular","Chase Sapphire Reserve (9234)","","",""
"2025-05-13","NYCT Paygo","2.9","posted","Transit","Car & Transport","false","","regular","Chase Sapphire Reserve (9234)","","",""
"2025-05-13","NYCT Paygo","3.0","posted","Transit","Car & Transport","false","","regular","Chase Sapphire Reserve (9234)","","",""
"2025-05-14","Uber","25.19","posted","Rideshare","Car & Transport","false","","regular","Chase Sapphire Reserve (9234)","","",""
"2025-05-14","Seamless","11.85","posted","Food Delivery","Food & Drink","false","","regular","Amex Gold (3012)","","",""
"2025-05-14","Westside Market","38.35","posted","Groceries","Food & Drink","false","","regular","Amex Gold (3012)","","",""
"2025-05-14","Uber Eats","18.92","posted","Food Delivery","Food & Drink","false","","regular","Amex Gold (3012)","","",""
"2025-05-15","Bonnie's","29.65","posted","Restaurants","Food & Drink","false","","regular","Chase Sapphire Reserve (9234)","","",""
"2025-05-15","La Colombe","6.78","posted","Cafés","Food & Drink","false","","regular","Amex Gold (3012)","","",""
"2025-05-15","One Medical","16.64","posted","Healthcare","","false","","regular","Chase Checking (5567)","","",""
"2025-05-15","NYCT Paygo","2.75","posted","Transit","Car & Transport","false","","regular","Chase Sapphire Reserve (9234)","","",""
"2025-05-16","MTA*NYCT Paygo","3.0","posted","Transit","Car & Transport","false","","regular","Chase Sapphire Reserve (9234)","","",""
"2025-05-16","Lilia","71.2","posted","Restaurants","Food & Drink","false","","regular","Chase Sapphire Reserve (9234)","","",""
"2025-05-16","PATH Tapp Paygo","3.0","posted","Transit","Car & Transport","false","","regular","Chase Sapphire Reserve (9234)","","",""
"2025-05-16","DoorDash","21.66","posted","Food Delivery","Food & Drink","false","","regular","Amex Gold (3012)","","",""
"2025-05-16","PATH Tapp Paygo","2.9","posted","Transit","Car & Transport","false","","regular","Chase Sapphire Reserve (9234)","","",""
"2025-05-16","Transfer to Marcus Savings","1738.69","posted","Savings Transfer","","true","","internal transfer","Chase Checking (5567)","","",""
"2025-05-16","ADP Payroll - Direct Deposit","-4895.7","posted","Income","","true","","income","Chase Checking (5567)","","",""
"2025-05-16","NYCT Paygo","3.0","posted","Transit","Car & Transport","false","","regular","Chase Sapphire Reserve (9234)","","",""
"2025-05-17","DoorDash","20.35","posted","Food Delivery","Food & Drink","false","","regular","Amex Gold (3012)","","",""
"2025-05-18","Uber","47.34","posted","Rideshare","Car & Transport","false","","regular","Chase Sapphire Reserve (9234)","","",""
"2025-05-18","PATH Tapp Paygo","2.75","posted","Transit","Car & Transport","false","","regular","Chase Sapphire Reserve (9234)","","",""
"2025-05-18","Lyft","6.98","posted","Rideshare","Car & Transport","false","","regular","Chase Sapphire Reserve (9234)","","",""
"2025-05-18","British Airways","412.23","posted","Flights","","false","","regular","Chase Sapphire Reserve (9234)","","",""
"2025-05-18","Grubhub","42.28","posted","Food Delivery","Food & Drink","false","","regular","Amex Gold (3012)","","",""
"2025-05-18","DoorDash","50.46","posted","Food Delivery","Food & Drink","false","","regular","Amex Gold (3012)","","",""
"2025-05-19","DoorDash","22.71","posted","Food Delivery","Food & Drink","false","","regular","Amex Gold (3012)","","",""
"2025-05-19","DoorDash","17.3","posted","Food Delivery","Food & Drink","false","","regular","Amex Gold (3012)","","",""
"2025-05-19","PATH Tapp Paygo","2.9","posted","Transit","Car & Transport","false","","regular","Chase Sapphire Reserve (9234)","","",""
"2025-05-20","Starbucks","4.2","posted","Cafés","Food & Drink","false","","regular","Amex Gold (3012)","","",""
"2025-05-21","Venmo - Drinks Split","55.43","posted","Venmo Social","","false","","regular","Venmo","","",""
"2025-05-21","Venmo - Dinner Split","19.34","posted","Venmo Social","","false","","regular","Venmo","","",""
"2025-05-21","Joe Coffee","3.4","posted","Cafés","Food & Drink","false","","regular","Amex Gold (3012)","","",""
"2025-05-21","DoorDash","19.13","posted","Food Delivery","Food & Drink","false","","regular","Amex Gold (3012)","","",""
"2025-05-22","Abercrombie & Fitch","121.98","posted","Clothing","Shopping","false","","regular","Amex Gold (3012)","","",""
"2025-05-22","Honest Burgers","26.83","posted","London Expenses","","false","","regular","Chase Sapphire Reserve (9234)","","",""
"2025-05-22","La Colombe","15.12","posted","Cafés","Food & Drink","false","","regular","Amex Gold (3012)","","",""
"2025-05-23","NYCT Paygo","3.0","posted","Transit","Car & Transport","false","","regular","Chase Sapphire Reserve (9234)","","",""
"2025-05-23","Abraço","8.71","posted","Cafés","Food & Drink","false","","regular","Amex Gold (3012)","","",""
"2025-05-23","DoorDash","10.71","posted","Food Delivery","Food & Drink","false","","regular","Amex Gold (3012)","","",""
"2025-05-23","Devocion","14.98","posted","Cafés","Food & Drink","false","","regular","Amex Gold (3012)","","",""
"2025-05-23","Grubhub","28.12","posted","Food Delivery","Food & Drink","false","","regular","Amex Gold (3012)","","",""
"2025-05-23","DoorDash","20.37","posted","Food Delivery","Food & Drink","false","","regular","Amex Gold (3012)","","",""
"2025-05-23","Seamless","41.2","posted","Food Delivery","Food & Drink","false","","regular","Amex Gold (3012)","","",""
"2025-05-23","PATH Tapp Paygo","2.9","posted","Transit","Car & Transport","false","","regular","Chase Sapphire Reserve (9234)","","",""
"2025-05-24","DoorDash","38.07","posted","Food Delivery","Food & Drink","false","","regular","Amex Gold (3012)","","",""
"2025-05-24","Jack's Wife & Freda","40.47","posted","Brunch","Food & Drink","false","","regular","Amex Gold (3012)","","",""
"2025-05-24","DoorDash","7.22","posted","Food Delivery","Food & Drink","false","","regular","Amex Gold (3012)","","",""
"2025-05-24","Uber","23.97","posted","Rideshare","Car & Transport","false","","regular","Chase Sapphire Reserve (9234)","","",""
"2025-05-24","Seamless","25.36","posted","Food Delivery","Food & Drink","false","","regular","Amex Gold (3012)","","",""
"2025-05-24","Estela","18.35","posted","Restaurants","Food & Drink","false","","regular","Chase Sapphire Reserve (9234)","","",""
"2025-05-24","Chase CC Payment - Sapphire Reserve","1458.93","posted","Credit Card Payment","","true","","internal transfer","Chase Checking (5567)","","",""
"2025-05-25","Uber Eats","14.04","posted","Food Delivery","Food & Drink","false","","regular","Amex Gold (3012)","","",""
"2025-05-25","DoorDash","63.86","posted","Food Delivery","Food & Drink","false","","regular","Amex Gold (3012)","","",""
"2025-05-26","Flat Iron","28.45","posted","London Expenses","","false","","regular","Chase Sapphire Reserve (9234)","","",""
"2025-05-26","Grubhub","25.13","posted","Food Delivery","Food & Drink","false","","regular","Amex Gold (3012)","","",""
"2025-05-26","Uber Eats","18.1","posted","Food Delivery","Food & Drink","false","","regular","Amex Gold (3012)","","",""
"2025-05-27","Sugarfish","42.54","posted","Restaurants","Food & Drink","false","","regular","Chase Sapphire Reserve (9234)","","",""
"2025-05-27","Amex Payment - Gold Card","3713.3","posted","Credit Card Payment","","true","","internal transfer","Chase Checking (5567)","","",""
"2025-05-27","MTA*NYCT Paygo","2.9","posted","Transit","Car & Transport","false","","regular","Chase Sapphire Reserve (9234)","","",""
"2025-05-27","MTA*NYCT Paygo","3.0","posted","Transit","Car & Transport","false","","regular","Chase Sapphire Reserve (9234)","","",""
"2025-05-27","Unknown","3275.0","posted","Rent","","false","","regular","Chase Checking (5567)","","",""
"2025-05-28","Lilia","31.41","posted","Restaurants","Food & Drink","false","","regular","Chase Sapphire Reserve (9234)","","",""
"2025-05-28","Blue Bottle Coffee","3.67","posted","Cafés","Food & Drink","false","","regular","Amex Gold (3012)","","",""
"2025-05-28","Marcus by Goldman Sachs - Interest","-63.0","posted","Interest Income","","true","","income","Marcus Savings (8841)","","",""
"2025-05-28","NYCT Paygo","3.0","posted","Transit","Car & Transport","false","","regular","Chase Sapphire Reserve (9234)","","",""
"2025-05-28","La Colombe","5.27","posted","Cafés","Food & Drink","false","","regular","Amex Gold (3012)","","",""
"2025-05-28","Joe Coffee","8.73","posted","Cafés","Food & Drink","false","","regular","Amex Gold (3012)","","",""
"2025-05-29","DoorDash","17.24","posted","Food Delivery","Food & Drink","false","","regular","Amex Gold (3012)","","",""
"2025-05-29","Uber Eats","24.02","posted","Food Delivery","Food & Drink","false","","regular","Amex Gold (3012)","","",""
"2025-05-29","Blue Bottle Coffee","6.52","posted","Cafés","Food & Drink","false","","regular","Amex Gold (3012)","","",""
"2025-05-29","NYCT Paygo","2.9","posted","Transit","Car & Transport","false","","regular","Chase Sapphire Reserve (9234)","","",""
"2025-05-29","NYCT Paygo","2.75","posted","Transit","Car & Transport","false","","regular","Chase Sapphire Reserve (9234)","","",""
"2025-05-30","NYCT Paygo","3.0","posted","Transit","Car & Transport","false","","regular","Chase Sapphire Reserve (9234)","","",""
"2025-05-30","Seamless","13.06","posted","Food Delivery","Food & Drink","false","","regular","Amex Gold (3012)","","",""
"2025-05-30","Starbucks","5.34","posted","Cafés","Food & Drink","false","","regular","Amex Gold (3012)","","",""
"2025-05-30","Starbucks","6.59","posted","Cafés","Food & Drink","false","","regular","Amex Gold (3012)","","",""
"2025-05-30","MTA*NYCT Paygo","2.9","posted","Transit","Car & Transport","false","","regular","Chase Sapphire Reserve (9234)","","",""
"2025-05-30","PATH Tapp Paygo","2.9","posted","Transit","Car & Transport","false","","regular","Chase Sapphire Reserve (9234)","","",""
"2025-05-30","ADP Payroll - Direct Deposit","-4828.99","posted","Income","","true","","income","Chase Checking (5567)","","",""
"2025-05-30","Transfer to Marcus Savings","1582.82","posted","Savings Transfer","","true","","internal transfer","Chase Checking (5567)","","",""
"2025-05-30","Venmo - Friend Split","21.33","posted","Venmo Social","","false","","regular","Venmo","","",""
"2025-05-31","Uber Eats","31.38","posted","Food Delivery","Food & Drink","false","","regular","Amex Gold (3012)","","",""
"2025-05-31","DoorDash","89.97","posted","Food Delivery","Food & Drink","false","","regular","Amex Gold (3012)","","",""
"2025-05-31","Uber Eats","20.45","posted","Food Delivery","Food & Drink","false","","regular","Amex Gold (3012)","","",""
"2025-06-01","Zelle - Landlord","3281.25","posted","Rent","","false","","regular","Chase Checking (5567)","","",""
"2025-06-01","DoorDash","23.43","posted","Food Delivery","Food & Drink","false","","regular","Amex Gold (3012)","","",""
"2025-06-01","Equinox+","275.43","posted","Gym Membership","","false","","regular","Chase Checking (5567)","","",""
"2025-06-02","DoorDash","11.53","posted","Food Delivery","Food & Drink","false","","regular","Amex Gold (3012)","","",""
"2025-06-02","DoorDash","36.98","posted","Food Delivery","Food & Drink","false","","regular","Amex Gold (3012)","","",""
"2025-06-02","British Airways","668.31","posted","Flights","","false","","regular","Chase Sapphire Reserve (9234)","","",""
"2025-06-02","Abraço","5.51","posted","Cafés","Food & Drink","false","","regular","Amex Gold (3012)","","",""
"2025-06-02","ClassPass","14.99","posted","Subscriptions","","false","","regular","Chase Checking (5567)","","",""
"2025-06-02","Venmo - Dinner Split - Refund","-19.34","posted","Venmo Social","","false","","regular","Venmo","","",""
"2025-06-03","Spotify","12.99","posted","Subscriptions","","false","","regular","Chase Checking (5567)","","",""
"2025-06-03","Netflix","15.49","posted","Subscriptions","","false","","regular","Chase Checking (5567)","","",""
"2025-06-04","Caviar","74.11","posted","Food Delivery","Food & Drink","false","","regular","Amex Gold (3012)","","",""
"2025-06-04","Flat Iron","64.06","posted","London Expenses","","false","","regular","Chase Sapphire Reserve (9234)","","",""
"2025-06-04","DoorDash","19.71","posted","Food Delivery","Food & Drink","false","","regular","Amex Gold (3012)","","",""
"2025-06-04","Uber Eats","35.92","posted","Food Delivery","Food & Drink","false","","regular","Amex Gold (3012)","","",""
"2025-06-04","La Colombe","4.59","posted","Cafés","Food & Drink","false","","regular","Amex Gold (3012)","","",""
"2025-06-04","NYCT Paygo","3.0","posted","Transit","Car & Transport","false","","regular","Chase Sapphire Reserve (9234)","","",""
"2025-06-05","Gristedes","21.84","posted","Groceries","Food & Drink","false","","regular","Amex Gold (3012)","","",""
"2025-06-05","NYCT Paygo","2.9","posted","Transit","Car & Transport","false","","regular","Chase Sapphire Reserve (9234)","","",""
"2025-06-05","Bonnie's","15.65","posted","Restaurants","Food & Drink","false","","regular","Chase Sapphire Reserve (9234)","","",""
"2025-06-05","The Ivy","24.47","posted","London Expenses","","false","","regular","Chase Sapphire Reserve (9234)","","",""
"2025-06-05","DoorDash","62.43","posted","Food Delivery","Food & Drink","false","","regular","Amex Gold (3012)","","",""
"2025-06-05","Seamless","15.42","posted","Food Delivery","Food & Drink","false","","regular","Amex Gold (3012)","","",""
"2025-06-05","iCloud Storage","9.99","posted","Subscriptions","","false","","regular","Chase Checking (5567)","","",""
"2025-06-05","Apple One","17.99","posted","Subscriptions","","false","","regular","Chase Checking (5567)","","",""
"2025-06-06","Maison Premiere","21.11","posted","Bars","Food & Drink","false","","regular","Chase Sapphire Reserve (9234)","","",""
"2025-06-06","Cote Korean Steakhouse","87.51","posted","Restaurants","Food & Drink","false","","regular","Chase Sapphire Reserve (9234)","","",""
"2025-06-06","Duane Reade","25.9","posted","Healthcare","","false","","regular","Chase Checking (5567)","","",""
"2025-06-06","DoorDash","17.93","posted","Food Delivery","Food & Drink","false","","regular","Amex Gold (3012)","","",""
"2025-06-06","Uber Eats","36.96","posted","Food Delivery","Food & Drink","false","","regular","Amex Gold (3012)","","",""
"2025-06-07","Nike","20.64","posted","General Shopping","Shopping","false","","regular","Chase Sapphire Reserve (9234)","","",""
"2025-06-07","MTA*NYCT Paygo","2.9","posted","Transit","Car & Transport","false","","regular","Chase Sapphire Reserve (9234)","","",""
"2025-06-07","Jack's Wife & Freda","33.49","posted","Brunch","Food & Drink","false","","regular","Amex Gold (3012)","","",""
"2025-06-07","PATH Tapp Paygo","2.9","posted","Transit","Car & Transport","false","","regular","Chase Sapphire Reserve (9234)","","",""
"2025-06-07","Seamless","33.5","posted","Food Delivery","Food & Drink","false","","regular","Amex Gold (3012)","","",""
"2025-06-07","DoorDash","27.34","posted","Food Delivery","Food & Drink","false","","regular","Amex Gold (3012)","","",""
"2025-06-08","Nail Salon","47.65","posted","Personal Care","Personal Care","false","","regular","Amex Gold (3012)","","",""
"2025-06-08","SoulCycle","30.93","posted","Fitness Classes","","false","","regular","Chase Checking (5567)","","",""
"2025-06-08","Lyft","8.66","posted","Rideshare","Car & Transport","false","","regular","Chase Sapphire Reserve (9234)","","",""
"2025-06-08","Via","20.08","posted","Rideshare","Car & Transport","false","","regular","Chase Sapphire Reserve (9234)","","",""
"2025-06-08","Uber","11.59","posted","Rideshare","Car & Transport","false","","regular","Chase Sapphire Reserve (9234)","","",""
"2025-06-08","Russ & Daughters Cafe","35.9","posted","Brunch","Food & Drink","false","","regular","Amex Gold (3012)","","",""
"2025-06-08","Patent Pending","30.96","posted","Bars","Food & Drink","false","","regular","Chase Sapphire Reserve (9234)","","",""
"2025-06-09","Blue Bottle Coffee","6.12","posted","Cafés","Food & Drink","false","","regular","Amex Gold (3012)","","",""
"2025-06-09","Blue Bottle Coffee","10.41","posted","Cafés","Food & Drink","false","","regular","Amex Gold (3012)","","",""
"2025-06-10","DoorDash","18.5","posted","Food Delivery","Food & Drink","false","","regular","Amex Gold (3012)","","",""
"2025-06-10","Blue Bottle Coffee","4.84","posted","Cafés","Food & Drink","false","","regular","Amex Gold (3012)","","",""
"2025-06-10","Starbucks","11.23","posted","Cafés","Food & Drink","false","","regular","Amex Gold (3012)","","",""
"2025-06-10","MTA*NYCT Paygo","2.9","posted","Transit","Car & Transport","false","","regular","Chase Sapphire Reserve (9234)","","",""
"2025-06-10","Sugarfish","27.0","posted","Restaurants","Food & Drink","false","","regular","Chase Sapphire Reserve (9234)","","",""
"2025-06-10","Gristedes","53.2","posted","Groceries","Food & Drink","false","","regular","Amex Gold (3012)","","",""
"2025-06-10","DoorDash","46.43","posted","Food Delivery","Food & Drink","false","","regular","Amex Gold (3012)","","",""
"2025-06-10","PATH Tapp Paygo","2.75","posted","Transit","Car & Transport","false","","regular","Chase Sapphire Reserve (9234)","","",""
"2025-06-11","MTA*NYCT Paygo","2.9","posted","Transit","Car & Transport","false","","regular","Chase Sapphire Reserve (9234)","","",""
"2025-06-11","DoorDash","20.68","posted","Food Delivery","Food & Drink","false","","regular","Amex Gold (3012)","","",""
"2025-06-11","PATH Tapp Paygo","3.0","posted","Transit","Car & Transport","false","","regular","Chase Sapphire Reserve (9234)","","",""
"2025-06-11","DoorDash","24.93","posted","Food Delivery","Food & Drink","false","","regular","Amex Gold (3012)","","",""
"2025-06-11","Uber Eats","14.16","posted","Food Delivery","Food & Drink","false","","regular","Amex Gold (3012)","","",""
"2025-06-12","Venmo - Dinner Split","9.51","posted","Venmo Social","","false","","regular","Venmo","","",""
"2025-06-12","Starbucks","6.24","posted","Cafés","Food & Drink","false","","regular","Amex Gold (3012)","","",""
"2025-06-12","Sadelle's","30.74","posted","Brunch","Food & Drink","false","","regular","Amex Gold (3012)","","",""
"2025-06-12","NYCT Paygo","2.9","posted","Transit","Car & Transport","false","","regular","Chase Sapphire Reserve (9234)","","",""
"2025-06-12","DoorDash","32.3","posted","Food Delivery","Food & Drink","false","","regular","Amex Gold (3012)","","",""
"2025-06-12","DoorDash","27.63","posted","Food Delivery","Food & Drink","false","","regular","Amex Gold (3012)","","",""
"2025-06-12","La Colombe","7.63","posted","Cafés","Food & Drink","false","","regular","Amex Gold (3012)","","",""
"2025-06-12","DoorDash","41.06","posted","Food Delivery","Food & Drink","false","","regular","Amex Gold (3012)","","",""
"2025-06-13","MTA*NYCT Paygo","3.0","posted","Transit","Car & Transport","false","","regular","Chase Sapphire Reserve (9234)","","",""
"2025-06-13","PATH Tapp Paygo","2.9","posted","Transit","Car & Transport","false","","regular","Chase Sapphire Reserve (9234)","","",""
"2025-06-13","NYCT Paygo","2.9","posted","Transit","Car & Transport","false","","regular","Chase Sapphire Reserve (9234)","","",""
"2025-06-13","PATH Tapp Paygo","3.0","posted","Transit","Car & Transport","false","","regular","Chase Sapphire Reserve (9234)","","",""
"2025-06-13","ADP Payroll - Direct Deposit","-4857.59","posted","Income","","true","","income","Chase Checking (5567)","","",""
"2025-06-13","Transfer to Marcus Savings","1713.36","posted","Savings Transfer","","true","","internal transfer","Chase Checking (5567)","","",""
"2025-06-13","DoorDash","17.89","posted","Food Delivery","Food & Drink","false","","regular","Amex Gold (3012)","","",""
"2025-06-13","NYCT Paygo","2.75","posted","Transit","Car & Transport","false","","regular","Chase Sapphire Reserve (9234)","","",""
"2025-06-14","DoorDash","39.05","posted","Food Delivery","Food & Drink","false","","regular","Amex Gold (3012)","","",""
"2025-06-14","& Other Stories","125.8","posted","Clothing","Shopping","false","","regular","Amex Gold (3012)","","",""
"2025-06-14","Diamond Reef","39.83","posted","Bars","Food & Drink","false","","regular","Chase Sapphire Reserve (9234)","","",""
"2025-06-14","DoorDash","26.2","posted","Food Delivery","Food & Drink","false","","regular","Amex Gold (3012)","","",""
"2025-06-14","Café Mogador","26.78","posted","Brunch","Food & Drink","false","","regular","Amex Gold (3012)","","",""
"2025-06-14","NYCT Paygo","3.0","posted","Transit","Car & Transport","false","","regular","Chase Sapphire Reserve (9234)","","",""
"2025-06-15","DoorDash","13.83","posted","Food Delivery","Food & Drink","false","","regular","Amex Gold (3012)","","",""
"2025-06-15","Seamless","50.43","posted","Food Delivery","Food & Drink","false","","regular","Amex Gold (3012)","","",""
"2025-06-15","DoorDash","12.38","posted","Food Delivery","Food & Drink","false","","regular","Amex Gold (3012)","","",""
"2025-06-15","Grubhub","22.7","posted","Food Delivery","Food & Drink","false","","regular","Amex Gold (3012)","","",""
"2025-06-15","Egg Shop","81.13","posted","Brunch","Food & Drink","false","","regular","Amex Gold (3012)","","",""
"2025-06-16","NYCT Paygo","3.0","posted","Transit","Car & Transport","false","","regular","Chase Sapphire Reserve (9234)","","",""
"2025-06-16","Gristedes","22.06","posted","Groceries","Food & Drink","false","","regular","Amex Gold (3012)","","",""
"2025-06-16","NYCT Paygo","2.9","posted","Transit","Car & Transport","false","","regular","Chase Sapphire Reserve (9234)","","",""
"2025-06-16","Olmsted","44.71","posted","Restaurants","Food & Drink","false","","regular","Chase Sapphire Reserve (9234)","","",""
"2025-06-16","Nail Salon","36.56","posted","Personal Care","Personal Care","false","","regular","Amex Gold (3012)","","",""
"2025-06-16","Nail Salon","46.84","posted","Personal Care","Personal Care","false","","regular","Amex Gold (3012)","","",""
"2025-06-16","Abraço","5.96","posted","Cafés","Food & Drink","false","","regular","Amex Gold (3012)","","",""
"2025-06-16","DoorDash","22.95","posted","Food Delivery","Food & Drink","false","","regular","Amex Gold (3012)","","",""
"2025-06-16","Birch Coffee","5.03","posted","Cafés","Food & Drink","false","","regular","Amex Gold (3012)","","",""
"2025-06-16","Blue Bottle Coffee","4.97","posted","Cafés","Food & Drink","false","","regular","Amex Gold (3012)","","",""
"2025-06-17","NYCT Paygo","3.0","posted","Transit","Car & Transport","false","","regular","Chase Sapphire Reserve (9234)","","",""
"2025-06-17","Laser Wolf","27.38","posted","Restaurants","Food & Drink","false","","regular","Chase Sapphire Reserve (9234)","","",""
"2025-06-17","DoorDash","37.83","posted","Food Delivery","Food & Drink","false","","regular","Amex Gold (3012)","","",""
"2025-06-17","NYCT Paygo","2.9","posted","Transit","Car & Transport","false","","regular","Chase Sapphire Reserve (9234)","","",""
"2025-06-17","Abraço","19.54","posted","Cafés","Food & Drink","false","","regular","Amex Gold (3012)","","",""
"2025-06-17","Abraço","4.43","posted","Cafés","Food & Drink","false","","regular","Amex Gold (3012)","","",""
"2025-06-18","MTA*NYCT Paygo","2.9","posted","Transit","Car & Transport","false","","regular","Chase Sapphire Reserve (9234)","","",""
"2025-06-18","PATH Tapp Paygo","3.0","posted","Transit","Car & Transport","false","","regular","Chase Sapphire Reserve (9234)","","",""
"2025-06-18","Uber Eats","34.26","posted","Food Delivery","Food & Drink","false","","regular","Amex Gold (3012)","","",""
"2025-06-18","DoorDash","21.5","posted","Food Delivery","Food & Drink","false","","regular","Amex Gold (3012)","","",""
"2025-06-18","Seamless","15.62","posted","Food Delivery","Food & Drink","false","","regular","Amex Gold (3012)","","",""
"2025-06-19","NYCT Paygo","2.9","posted","Transit","Car & Transport","false","","regular","Chase Sapphire Reserve (9234)","","",""
"2025-06-19","La Colombe","21.82","posted","Cafés","Food & Drink","false","","regular","Amex Gold (3012)","","",""
"2025-06-19","Seamless","51.35","posted","Food Delivery","Food & Drink","false","","regular","Amex Gold (3012)","","",""
"2025-06-19","Chase CC Payment - Sapphire Reserve","1671.37","posted","Credit Card Payment","","true","","internal transfer","Chase Checking (5567)","","",""
"2025-06-19","MTA*NYCT Paygo","2.75","posted","Transit","Car & Transport","false","","regular","Chase Sapphire Reserve (9234)","","",""
"2025-06-19","Uber Eats","10.04","posted","Food Delivery","Food & Drink","false","","regular","Amex Gold (3012)","","",""
"2025-06-19","Aritzia","99.57","posted","Clothing","Shopping","false","","regular","Amex Gold (3012)","","",""
"2025-06-20","Le Crocodile","81.94","posted","Brunch","Food & Drink","false","","regular","Amex Gold (3012)","","",""
"2025-06-20","Blue Bottle Coffee","5.79","posted","Cafés","Food & Drink","false","","regular","Amex Gold (3012)","","",""
"2025-06-20","Bemelmans Bar","49.21","posted","Bars","Food & Drink","false","","regular","Chase Sapphire Reserve (9234)","","",""
"2025-06-20","Blank Street Coffee","5.82","posted","Cafés","Food & Drink","false","","regular","Amex Gold (3012)","","",""
"2025-06-20","Blue Bottle Coffee","3.82","posted","Cafés","Food & Drink","false","","regular","Amex Gold (3012)","","",""
"2025-06-21","MTA*NYCT Paygo","2.9","posted","Transit","Car & Transport","false","","regular","Chase Sapphire Reserve (9234)","","",""
"2025-06-21","NYCT Paygo","2.9","posted","Transit","Car & Transport","false","","regular","Chase Sapphire Reserve (9234)","","",""
"2025-06-21","DoorDash","17.04","posted","Food Delivery","Food & Drink","false","","regular","Amex Gold (3012)","","",""
"2025-06-21","Uber Eats","21.4","posted","Food Delivery","Food & Drink","false","","regular","Amex Gold (3012)","","",""
"2025-06-21","Grubhub","21.92","posted","Food Delivery","Food & Drink","false","","regular","Amex Gold (3012)","","",""
"2025-06-21","Sadelle's - Refund","-30.74","posted","Brunch","Food & Drink","false","","regular","Amex Gold (3012)","","",""
"2025-06-21","DoorDash","19.29","posted","Food Delivery","Food & Drink","false","","regular","Amex Gold (3012)","","",""
"2025-06-21","Grubhub","26.12","posted","Food Delivery","Food & Drink","false","","regular","Amex Gold (3012)","","",""
"2025-06-22","Amex Payment - Gold Card","4200.76","posted","Credit Card Payment","","true","","internal transfer","Chase Checking (5567)","","",""
"2025-06-22","Via","68.09","posted","Rideshare","Car & Transport","false","","regular","Chase Sapphire Reserve (9234)","","",""
"2025-06-23","Blue Bottle Coffee","3.5","posted","Cafés","Food & Drink","false","","regular","Amex Gold (3012)","","",""
"2025-06-23","Uber Eats","26.44","posted","Food Delivery","Food & Drink","false","","regular","Amex Gold (3012)","","",""
"2025-06-23","PATH Tapp Paygo","3.0","posted","Transit","Car & Transport","false","","regular","Chase Sapphire Reserve (9234)","","",""
"2025-06-23","Seamless","17.13","posted","Food Delivery","Food & Drink","false","","regular","Amex Gold (3012)","","",""
"2025-06-23","NYCT Paygo","3.0","posted","Transit","Car & Transport","false","","regular","Chase Sapphire Reserve (9234)","","",""
"2025-06-23","Uber Eats","39.6","posted","Food Delivery","Food & Drink","false","","regular","Amex Gold (3012)","","",""
"2025-06-23","Grubhub","24.8","posted","Food Delivery","Food & Drink","false","","regular","Amex Gold (3012)","","",""
"2025-06-23","Seamless","32.94","posted","Food Delivery","Food & Drink","false","","regular","Amex Gold (3012)","","",""
"2025-06-23","Flat Iron","16.29","posted","London Expenses","","false","","regular","Chase Sapphire Reserve (9234)","","",""
"2025-06-24","Abraço","3.56","posted","Cafés","Food & Drink","false","","regular","Amex Gold (3012)","","",""
"2025-06-25","Trader Joe's","38.41","posted","Groceries","Food & Drink","false","","regular","Amex Gold (3012)","","",""
"2025-06-25","Seamless","38.32","posted","Food Delivery","Food & Drink","false","","regular","Amex Gold (3012)","","",""
"2025-06-25","Westside Market","12.12","posted","Groceries","Food & Drink","false","","regular","Amex Gold (3012)","","",""
"2025-06-25","Devocion","6.94","posted","Cafés","Food & Drink","false","","regular","Amex Gold (3012)","","",""
"2025-06-25","Unknown","3281.25","posted","Rent","","false","","regular","Chase Checking (5567)","","",""
"2025-06-25","Equinox+","260.51","posted","Gym Membership","","false","","regular","Chase Checking (5567)","","",""
"2025-06-25","NYCT Paygo","3.0","posted","Transit","Car & Transport","false","","regular","Chase Sapphire Reserve (9234)","","",""
"2025-06-25","Grubhub","24.56","posted","Food Delivery","Food & Drink","false","","regular","Amex Gold (3012)","","",""
"2025-06-26","Devocion","16.9","posted","Cafés","Food & Drink","false","","regular","Amex Gold (3012)","","",""
"2025-06-26","Grubhub","12.81","posted","Food Delivery","Food & Drink","false","","regular","Amex Gold (3012)","","",""
"2025-06-27","ADP Payroll - Direct Deposit","-4886.5","posted","Income","","true","","income","Chase Checking (5567)","","",""
"2025-06-27","Chase CC Payment - Sapphire Reserve","1309.97","posted","Credit Card Payment","","true","","internal transfer","Chase Checking (5567)","","",""
"2025-06-27","Devocion","19.51","posted","Cafés","Food & Drink","false","","regular","Amex Gold (3012)","","",""
"2025-06-27","Transfer to Marcus Savings","2029.57","posted","Savings Transfer","","true","","internal transfer","Chase Checking (5567)","","",""
"2025-06-28","Marcus by Goldman Sachs - Interest","-60.3","posted","Interest Income","","true","","income","Marcus Savings (8841)","","",""
"2025-06-28","Seamless - Refund","-38.32","posted","Food Delivery","Food & Drink","false","","regular","Amex Gold (3012)","","",""
"2025-06-28","Sadelle's","29.83","posted","Brunch","Food & Drink","false","","regular","Amex Gold (3012)","","",""
"2025-06-28","Bonnie's","44.5","posted","Restaurants","Food & Drink","false","","regular","Chase Sapphire Reserve (9234)","","",""
"2025-06-28","Aritzia","73.1","posted","Clothing","Shopping","false","","regular","Amex Gold (3012)","","",""
"2025-06-28","Uber Eats","24.97","posted","Food Delivery","Food & Drink","false","","regular","Amex Gold (3012)","","",""
"2025-06-29","Maison Premiere","16.12","posted","Bars","Food & Drink","false","","regular","Chase Sapphire Reserve (9234)","","",""
"2025-06-29","DoorDash","52.76","posted","Food Delivery","Food & Drink","false","","regular","Amex Gold (3012)","","",""
"2025-06-30","Bonnie's - Refund","-44.5","posted","Restaurants","Food & Drink","false","","regular","Chase Sapphire Reserve (9234)","","",""
"2025-06-30","NYCT Paygo","2.9","posted","Transit","Car & Transport","false","","regular","Chase Sapphire Reserve (9234)","","",""
"2025-06-30","MTA*NYCT Paygo","3.0","posted","Transit","Car & Transport","false","","regular","Chase Sapphire Reserve (9234)","","",""
"2025-06-30","NYCT Paygo","2.9","posted","Transit","Car & Transport","false","","regular","Chase Sapphire Reserve (9234)","","",""
"2025-06-30","NYCT Paygo","2.9","posted","Transit","Car & Transport","false","","regular","Chase Sapphire Reserve (9234)","","",""
"2025-07-01","Grubhub","30.54","posted","Food Delivery","Food & Drink","false","","regular","Amex Gold (3012)","","",""
"2025-07-01","Grubhub","27.9","posted","Food Delivery","Food & Drink","false","","regular","Amex Gold (3012)","","",""
"2025-07-01","Seamless","28.21","posted","Food Delivery","Food & Drink","false","","regular","Amex Gold (3012)","","",""
"2025-07-01","Zelle - Landlord","3287.5","posted","Rent","","false","","regular","Chase Checking (5567)","","",""
"2025-07-01","Uber Eats","76.36","posted","Food Delivery","Food & Drink","false","","regular","Amex Gold (3012)","","",""
"2025-07-01","Spotify","12.99","posted","Subscriptions","","false","","regular","Chase Checking (5567)","","",""
"2025-07-01","MTA*NYCT Paygo","2.9","posted","Transit","Car & Transport","false","","regular","Chase Sapphire Reserve (9234)","","",""
"2025-07-02","Starbucks","7.45","posted","Cafés","Food & Drink","false","","regular","Amex Gold (3012)","","",""
"2025-07-02","PATH Tapp Paygo","2.75","posted","Transit","Car & Transport","false","","regular","Chase Sapphire Reserve (9234)","","",""
"2025-07-02","DoorDash","21.34","posted","Food Delivery","Food & Drink","false","","regular","Amex Gold (3012)","","",""
"2025-07-02","Blue Bottle Coffee","4.38","posted","Cafés","Food & Drink","false","","regular","Amex Gold (3012)","","",""
"2025-07-02","Katana Kitten","22.6","posted","Bars","Food & Drink","false","","regular","Chase Sapphire Reserve (9234)","","",""
"2025-07-03","Y7 Studio","21.45","posted","Fitness Classes","","false","","regular","Chase Checking (5567)","","",""
"2025-07-03","iCloud Storage","9.99","posted","Subscriptions","","false","","regular","Chase Checking (5567)","","",""
"2025-07-03","MTA*NYCT Paygo","3.0","posted","Transit","Car & Transport","false","","regular","Chase Sapphire Reserve (9234)","","",""
"2025-07-03","PATH Tapp Paygo","2.9","posted","Transit","Car & Transport","false","","regular","Chase Sapphire Reserve (9234)","","",""
"2025-07-03","Apple One","17.99","posted","Subscriptions","","false","","regular","Chase Checking (5567)","","",""
"2025-07-04","Uber Eats","36.66","posted","Food Delivery","Food & Drink","false","","regular","Amex Gold (3012)","","",""
"2025-07-04","MTA*NYCT Paygo","2.9","posted","Transit","Car & Transport","false","","regular","Chase Sapphire Reserve (9234)","","",""
"2025-07-04","Altro Paradiso","113.84","posted","Restaurants","Food & Drink","false","","regular","Chase Sapphire Reserve (9234)","","",""
"2025-07-04","Abraço","11.92","posted","Cafés","Food & Drink","false","","regular","Amex Gold (3012)","","",""
"2025-07-04","Seamless","23.91","posted","Food Delivery","Food & Drink","false","","regular","Amex Gold (3012)","","",""
"2025-07-04","DoorDash","19.24","posted","Food Delivery","Food & Drink","false","","regular","Amex Gold (3012)","","",""
"2025-07-05","Seamless","79.3","posted","Food Delivery","Food & Drink","false","","regular","Amex Gold (3012)","","",""
"2025-07-05","PATH Tapp Paygo","2.9","posted","Transit","Car & Transport","false","","regular","Chase Sapphire Reserve (9234)","","",""
"2025-07-05","Netflix","15.49","posted","Subscriptions","","false","","regular","Chase Checking (5567)","","",""
"2025-07-05","Caviar","19.23","posted","Food Delivery","Food & Drink","false","","regular","Amex Gold (3012)","","",""
"2025-07-05","ClassPass","14.99","posted","Subscriptions","","false","","regular","Chase Checking (5567)","","",""
"2025-07-05","MTA*NYCT Paygo","3.0","posted","Transit","Car & Transport","false","","regular","Chase Sapphire Reserve (9234)","","",""
"2025-07-06","Chase CC Payment - Sapphire Reserve","2271.01","posted","Credit Card Payment","","true","","internal transfer","Chase Checking (5567)","","",""
"2025-07-06","Grubhub","26.47","posted","Food Delivery","Food & Drink","false","","regular","Amex Gold (3012)","","",""
"2025-07-06","Glossier","26.41","posted","General Shopping","Shopping","false","","regular","Chase Sapphire Reserve (9234)","","",""
"2025-07-06","Diamond Reef","22.49","posted","Bars","Food & Drink","false","","regular","Chase Sapphire Reserve (9234)","","",""
"2025-07-07","PATH Tapp Paygo","2.75","posted","Transit","Car & Transport","false","","regular","Chase Sapphire Reserve (9234)","","",""
"2025-07-07","Devocion","10.13","posted","Cafés","Food & Drink","false","","regular","Amex Gold (3012)","","",""
"2025-07-07","Trader Joe's","20.13","posted","Groceries","Food & Drink","false","","regular","Amex Gold (3012)","","",""
"2025-07-07","Seamless","38.66","posted","Food Delivery","Food & Drink","false","","regular","Amex Gold (3012)","","",""
"2025-07-07","Gregory's Coffee","20.04","posted","Cafés","Food & Drink","false","","regular","Amex Gold (3012)","","",""
"2025-07-07","Chase CC Payment - Sapphire Reserve","2521.61","posted","Credit Card Payment","","true","","internal transfer","Chase Checking (5567)","","",""
"2025-07-07","DoorDash","38.11","posted","Food Delivery","Food & Drink","false","","regular","Amex Gold (3012)","","",""
"2025-07-08","Grubhub","51.79","posted","Food Delivery","Food & Drink","false","","regular","Amex Gold (3012)","","",""
"2025-07-08","DoorDash","17.0","posted","Food Delivery","Food & Drink","false","","regular","Amex Gold (3012)","","",""
"2025-07-08","MTA*NYCT Paygo","2.9","posted","Transit","Car & Transport","false","","regular","Chase Sapphire Reserve (9234)","","",""
"2025-07-08","Seamless","41.9","posted","Food Delivery","Food & Drink","false","","regular","Amex Gold (3012)","","",""
"2025-07-08","Chase CC Payment - Sapphire Reserve","914.87","posted","Credit Card Payment","","true","","internal transfer","Chase Checking (5567)","","",""
"2025-07-08","Abraço","19.37","posted","Cafés","Food & Drink","false","","regular","Amex Gold (3012)","","",""
"2025-07-08","DoorDash","38.68","posted","Food Delivery","Food & Drink","false","","regular","Amex Gold (3012)","","",""
"2025-07-09","Trader Joe's","6.19","posted","Groceries","Food & Drink","false","","regular","Amex Gold (3012)","","",""
"2025-07-09","MTA*NYCT Paygo","2.9","posted","Transit","Car & Transport","false","","regular","Chase Sapphire Reserve (9234)","","",""
"2025-07-10","Caviar","32.19","posted","Food Delivery","Food & Drink","false","","regular","Amex Gold (3012)","","",""
"2025-07-10","NYCT Paygo","2.9","posted","Transit","Car & Transport","false","","regular","Chase Sapphire Reserve (9234)","","",""
"2025-07-10","NYCT Paygo","2.9","posted","Transit","Car & Transport","false","","regular","Chase Sapphire Reserve (9234)","","",""
"2025-07-10","DoorDash","12.31","posted","Food Delivery","Food & Drink","false","","regular","Amex Gold (3012)","","",""
"2025-07-10","Equinox+","260.48","posted","Gym Membership","","false","","regular","Chase Checking (5567)","","",""
"2025-07-11","ADP Payroll - Direct Deposit","-4979.68","posted","Income","","true","","income","Chase Checking (5567)","","",""
"2025-07-11","MTA*NYCT Paygo","3.0","posted","Transit","Car & Transport","false","","regular","Chase Sapphire Reserve (9234)","","",""
"2025-07-11","Trader Joe's","50.15","posted","Groceries","Food & Drink","false","","regular","Amex Gold (3012)","","",""
"2025-07-11","Transfer to Marcus Savings","2070.13","posted","Savings Transfer","","true","","internal transfer","Chase Checking (5567)","","",""
"2025-07-11","DoorDash","22.01","posted","Food Delivery","Food & Drink","false","","regular","Amex Gold (3012)","","",""
"2025-07-11","MTA*NYCT Paygo","3.0","posted","Transit","Car & Transport","false","","regular","Chase Sapphire Reserve (9234)","","",""
"2025-07-11","Caviar","55.61","posted","Food Delivery","Food & Drink","false","","regular","Amex Gold (3012)","","",""
"2025-07-12","DoorDash","30.56","posted","Food Delivery","Food & Drink","false","","regular","Amex Gold (3012)","","",""
"2025-07-12","Existing Conditions","13.68","posted","Bars","Food & Drink","false","","regular","Chase Sapphire Reserve (9234)","","",""
"2025-07-12","Bubby's","43.88","posted","Brunch","Food & Drink","false","","regular","Amex Gold (3012)","","",""
"2025-07-13","NYCT Paygo","2.9","posted","Transit","Car & Transport","false","","regular","Chase Sapphire Reserve (9234)","","",""
"2025-07-13","DoorDash","43.64","posted","Food Delivery","Food & Drink","false","","regular","Amex Gold (3012)","","",""
"2025-07-13","Uber Eats","37.6","posted","Food Delivery","Food & Drink","false","","regular","Amex Gold (3012)","","",""
"2025-07-14","PATH Tapp Paygo","2.9","posted","Transit","Car & Transport","false","","regular","Chase Sapphire Reserve (9234)","","",""
"2025-07-14","Peloton Studio","23.34","posted","Fitness Classes","","false","","regular","Chase Checking (5567)","","",""
"2025-07-14","Barry's Bootcamp","26.27","posted","Fitness Classes","","false","","regular","Chase Checking (5567)","","",""
"2025-07-15","Reformation","15.88","posted","Clothing","Shopping","false","","regular","Amex Gold (3012)","","",""
"2025-07-15","Seamless","20.33","posted","Food Delivery","Food & Drink","false","","regular","Amex Gold (3012)","","",""
"2025-07-16","Starbucks","5.0","posted","Cafés","Food & Drink","false","","regular","Amex Gold (3012)","","",""
"2025-07-16","Via Carota","48.73","posted","Restaurants","Food & Drink","false","","regular","Chase Sapphire Reserve (9234)","","",""
"2025-07-16","MTA*NYCT Paygo","2.9","posted","Transit","Car & Transport","false","","regular","Chase Sapphire Reserve (9234)","","",""
"2025-07-16","DoorDash","19.94","posted","Food Delivery","Food & Drink","false","","regular","Amex Gold (3012)","","",""
"2025-07-16","PATH Tapp Paygo","2.9","posted","Transit","Car & Transport","false","","regular","Chase Sapphire Reserve (9234)","","",""
"2025-07-16","Starbucks","5.28","posted","Cafés","Food & Drink","false","","regular","Amex Gold (3012)","","",""
"2025-07-16","MTA*NYCT Paygo","3.0","posted","Transit","Car & Transport","false","","regular","Chase Sapphire Reserve (9234)","","",""
"2025-07-17","DoorDash","30.26","posted","Food Delivery","Food & Drink","false","","regular","Amex Gold (3012)","","",""
"2025-07-17","Venmo - Uber Split","56.11","posted","Venmo Social","","false","","regular","Venmo","","",""
"2025-07-17","Venmo - Brunch Split","18.48","posted","Venmo Social","","false","","regular","Venmo","","",""
"2025-07-17","Jack's Wife & Freda","36.36","posted","Brunch","Food & Drink","false","","regular","Amex Gold (3012)","","",""
"2025-07-17","Via","8.28","posted","Rideshare","Car & Transport","false","","regular","Chase Sapphire Reserve (9234)","","",""
"2025-07-18","Seamless","25.57","posted","Food Delivery","Food & Drink","false","","regular","Amex Gold (3012)","","",""
"2025-07-18","NYCT Paygo","2.75","posted","Transit","Car & Transport","false","","regular","Chase Sapphire Reserve (9234)","","",""
"2025-07-18","Bonnie's","92.46","posted","Restaurants","Food & Drink","false","","regular","Chase Sapphire Reserve (9234)","","",""
"2025-07-18","DoorDash","12.08","posted","Food Delivery","Food & Drink","false","","regular","Amex Gold (3012)","","",""
"2025-07-18","Lilia","78.53","posted","Restaurants","Food & Drink","false","","regular","Chase Sapphire Reserve (9234)","","",""
"2025-07-18","British Airways","693.16","posted","Flights","","false","","regular","Chase Sapphire Reserve (9234)","","",""
"2025-07-19","Flat Iron","38.4","posted","London Expenses","","false","","regular","Chase Sapphire Reserve (9234)","","",""
"2025-07-19","Amazon","47.28","posted","General Shopping","Shopping","false","","regular","Chase Sapphire Reserve (9234)","","",""
"2025-07-19","Seamless","59.78","posted","Food Delivery","Food & Drink","false","","regular","Amex Gold (3012)","","",""
"2025-07-19","Venmo - Dinner Split","26.65","posted","Venmo Social","","false","","regular","Venmo","","",""
"2025-07-20","Trader Joe's","17.51","posted","Groceries","Food & Drink","false","","regular","Amex Gold (3012)","","",""
"2025-07-20","Venmo - Dinner Split","57.46","posted","Venmo Social","","false","","regular","Venmo","","",""
"2025-07-20","Dudley's","28.44","posted","Brunch","Food & Drink","false","","regular","Amex Gold (3012)","","",""
"2025-07-20","DoorDash","29.77","posted","Food Delivery","Food & Drink","false","","regular","Amex Gold (3012)","","",""
"2025-07-20","MTA*NYCT Paygo","2.75","posted","Transit","Car & Transport","false","","regular","Chase Sapphire Reserve (9234)","","",""
"2025-07-21","Devocion","15.06","posted","Cafés","Food & Drink","false","","regular","Amex Gold (3012)","","",""
"2025-07-21","NYCT Paygo","2.9","posted","Transit","Car & Transport","false","","regular","Chase Sapphire Reserve (9234)","","",""
"2025-07-21","Seamless","32.39","posted","Food Delivery","Food & Drink","false","","regular","Amex Gold (3012)","","",""
"2025-07-21","NYCT Paygo","2.9","posted","Transit","Car & Transport","false","","regular","Chase Sapphire Reserve (9234)","","",""
"2025-07-21","Seamless","16.47","posted","Food Delivery","Food & Drink","false","","regular","Amex Gold (3012)","","",""
"2025-07-21","Dhamaka","27.07","posted","Restaurants","Food & Drink","false","","regular","Chase Sapphire Reserve (9234)","","",""
"2025-07-22","Seamless","41.1","posted","Food Delivery","Food & Drink","false","","regular","Amex Gold (3012)","","",""
"2025-07-22","Estela","40.91","posted","Restaurants","Food & Drink","false","","regular","Chase Sapphire Reserve (9234)","","",""
"2025-07-22","CVS Pharmacy","21.16","posted","Healthcare","","false","","regular","Chase Checking (5567)","","",""
"2025-07-22","Amex Payment - Gold Card","4477.71","posted","Credit Card Payment","","true","","internal transfer","Chase Checking (5567)","","",""
"2025-07-22","Grubhub","23.98","posted","Food Delivery","Food & Drink","false","","regular","Amex Gold (3012)","","",""
"2025-07-23","DoorDash","37.35","posted","Food Delivery","Food & Drink","false","","regular","Amex Gold (3012)","","",""
"2025-07-23","Sadelle's","53.29","posted","Brunch","Food & Drink","false","","regular","Amex Gold (3012)","","",""
"2025-07-23","PATH Tapp Paygo","2.75","posted","Transit","Car & Transport","false","","regular","Chase Sapphire Reserve (9234)","","",""
"2025-07-23","NYCT Paygo","2.9","posted","Transit","Car & Transport","false","","regular","Chase Sapphire Reserve (9234)","","",""
"2025-07-24","DoorDash","45.11","posted","Food Delivery","Food & Drink","false","","regular","Amex Gold (3012)","","",""
"2025-07-24","Blank Street Coffee","6.72","posted","Cafés","Food & Drink","false","","regular","Amex Gold (3012)","","",""
"2025-07-24","Grubhub","34.29","posted","Food Delivery","Food & Drink","false","","regular","Amex Gold (3012)","","",""
"2025-07-24","Trader Joe's","27.89","posted","Groceries","Food & Drink","false","","regular","Amex Gold (3012)","","",""
"2025-07-24","DoorDash","70.95","posted","Food Delivery","Food & Drink","false","","regular","Amex Gold (3012)","","",""
"2025-07-24","NYCT Paygo","2.75","posted","Transit","Car & Transport","false","","regular","Chase Sapphire Reserve (9234)","","",""
"2025-07-25","MTA*NYCT Paygo","2.9","posted","Transit","Car & Transport","false","","regular","Chase Sapphire Reserve (9234)","","",""
"2025-07-25","DoorDash","31.11","posted","Food Delivery","Food & Drink","false","","regular","Amex Gold (3012)","","",""
"2025-07-25","NYCT Paygo","2.9","posted","Transit","Car & Transport","false","","regular","Chase Sapphire Reserve (9234)","","",""
"2025-07-25","Grubhub","15.73","posted","Food Delivery","Food & Drink","false","","regular","Amex Gold (3012)","","",""
"2025-07-25","Seamless","27.72","posted","Food Delivery","Food & Drink","false","","regular","Amex Gold (3012)","","",""
"2025-07-25","Uber Eats","28.54","posted","Food Delivery","Food & Drink","false","","regular","Amex Gold (3012)","","",""
"2025-07-25","ADP Payroll - Direct Deposit","-4798.52","posted","Income","","true","","income","Chase Checking (5567)","","",""
"2025-07-25","DoorDash","58.4","posted","Food Delivery","Food & Drink","false","","regular","Amex Gold (3012)","","",""
"2025-07-25","Transfer to Marcus Savings","1607.63","posted","Savings Transfer","","true","","internal transfer","Chase Checking (5567)","","",""
"2025-07-26","Whole Foods Market","14.35","posted","Groceries","Food & Drink","false","","regular","Amex Gold (3012)","","",""
"2025-07-26","Via","8.22","posted","Rideshare","Car & Transport","false","","regular","Chase Sapphire Reserve (9234)","","",""
"2025-07-27","MTA*NYCT Paygo","3.0","posted","Transit","Car & Transport","false","","regular","Chase Sapphire Reserve (9234)","","",""
"2025-07-27","Aritzia","30.63","posted","Clothing","Shopping","false","","regular","Amex Gold (3012)","","",""
"2025-07-27","Joe Coffee","4.8","posted","Cafés","Food & Drink","false","","regular","Amex Gold (3012)","","",""
"2025-07-28","MTA*NYCT Paygo","2.9","posted","Transit","Car & Transport","false","","regular","Chase Sapphire Reserve (9234)","","",""
"2025-07-28","Abraço","7.25","posted","Cafés","Food & Drink","false","","regular","Amex Gold (3012)","","",""
"2025-07-28","MTA*NYCT Paygo - Refund","-2.9","posted","Transit","Car & Transport","false","","regular","Chase Sapphire Reserve (9234)","","",""
"2025-07-28","Gregory's Coffee","4.98","posted","Cafés","Food & Drink","false","","regular","Amex Gold (3012)","","",""
"2025-07-28","Marcus by Goldman Sachs - Interest","-43.88","posted","Interest Income","","true","","income","Marcus Savings (8841)","","",""
"2025-07-29","Starbucks","8.1","posted","Cafés","Food & Drink","false","","regular","Amex Gold (3012)","","",""
"2025-07-29","La Colombe","8.28","posted","Cafés","Food & Drink","false","","regular","Amex Gold (3012)","","",""
"2025-07-29","MTA*NYCT Paygo","3.0","posted","Transit","Car & Transport","false","","regular","Chase Sapphire Reserve (9234)","","",""
"2025-07-29","La Colombe","11.88","posted","Cafés","Food & Drink","false","","regular","Amex Gold (3012)","","",""
"2025-07-30","DoorDash","32.47","posted","Food Delivery","Food & Drink","false","","regular","Amex Gold (3012)","","",""
"2025-07-30","PATH Tapp Paygo","3.0","posted","Transit","Car & Transport","false","","regular","Chase Sapphire Reserve (9234)","","",""
"2025-07-30","Uber Eats","11.19","posted","Food Delivery","Food & Drink","false","","regular","Amex Gold (3012)","","",""
"2025-07-30","NYCT Paygo","2.9","posted","Transit","Car & Transport","false","","regular","Chase Sapphire Reserve (9234)","","",""
"2025-07-30","Olmsted","40.56","posted","Restaurants","Food & Drink","false","","regular","Chase Sapphire Reserve (9234)","","",""
"2025-07-31","Joe Coffee","18.03","posted","Cafés","Food & Drink","false","","regular","Amex Gold (3012)","","",""
"2025-08-01","Barry's Bootcamp","22.58","posted","Fitness Classes","","false","","regular","Chase Checking (5567)","","",""
"2025-08-01","Blue Bottle Coffee","20.24","posted","Cafés","Food & Drink","false","","regular","Amex Gold (3012)","","",""
"2025-08-01","Apple One","17.99","posted","Subscriptions","","false","","regular","Chase Checking (5567)","","",""
"2025-08-01","Grubhub","28.13","posted","Food Delivery","Food & Drink","false","","regular","Amex Gold (3012)","","",""
"2025-08-01","Zelle - Landlord","3293.75","posted","Rent","","false","","regular","Chase Checking (5567)","","",""
"2025-08-01","Devocion","6.89","posted","Cafés","Food & Drink","false","","regular","Amex Gold (3012)","","",""
"2025-08-02","iCloud Storage","9.99","posted","Subscriptions","","false","","regular","Chase Checking (5567)","","",""
"2025-08-02","Uber Eats","25.23","posted","Food Delivery","Food & Drink","false","","regular","Amex Gold (3012)","","",""
"2025-08-02","Le Crocodile","26.13","posted","Brunch","Food & Drink","false","","regular","Amex Gold (3012)","","",""
"2025-08-02","Nike","67.02","posted","General Shopping","Shopping","false","","regular","Chase Sapphire Reserve (9234)","","",""
"2025-08-03","DoorDash","31.24","posted","Food Delivery","Food & Drink","false","","regular","Amex Gold (3012)","","",""
"2025-08-03","Spotify","12.99","posted","Subscriptions","","false","","regular","Chase Checking (5567)","","",""
"2025-08-04","Lyft","31.96","posted","Rideshare","Car & Transport","false","","regular","Chase Sapphire Reserve (9234)","","",""
"2025-08-04","Bemelmans Bar","46.83","posted","Bars","Food & Drink","false","","regular","Chase Sapphire Reserve (9234)","","",""
"2025-08-05","Clover Club","31.21","posted","Bars","Food & Drink","false","","regular","Chase Sapphire Reserve (9234)","","",""
"2025-08-05","Grubhub","26.1","posted","Food Delivery","Food & Drink","false","","regular","Amex Gold (3012)","","",""
"2025-08-05","Netflix","15.49","posted","Subscriptions","","false","","regular","Chase Checking (5567)","","",""
"2025-08-05","Uber Eats","82.47","posted","Food Delivery","Food & Drink","false","","regular","Amex Gold (3012)","","",""
"2025-08-05","NYCT Paygo","2.75","posted","Transit","Car & Transport","false","","regular","Chase Sapphire Reserve (9234)","","",""
"2025-08-05","Abraço","16.38","posted","Cafés","Food & Drink","false","","regular","Amex Gold (3012)","","",""
"2025-08-06","Via Carota","40.11","posted","Restaurants","Food & Drink","false","","regular","Chase Sapphire Reserve (9234)","","",""
"2025-08-06","Devocion","5.32","posted","Cafés","Food & Drink","false","","regular","Amex Gold (3012)","","",""
"2025-08-06","NYCT Paygo","2.9","posted","Transit","Car & Transport","false","","regular","Chase Sapphire Reserve (9234)","","",""
"2025-08-06","PATH Tapp Paygo","2.9","posted","Transit","Car & Transport","false","","regular","Chase Sapphire Reserve (9234)","","",""
"2025-08-06","MTA*NYCT Paygo","2.75","posted","Transit","Car & Transport","false","","regular","Chase Sapphire Reserve (9234)","","",""
"2025-08-06","NYCT Paygo","3.0","posted","Transit","Car & Transport","false","","regular","Chase Sapphire Reserve (9234)","","",""
"2025-08-06","Seamless","17.49","posted","Food Delivery","Food & Drink","false","","regular","Amex Gold (3012)","","",""
"2025-08-06","Caviar","27.18","posted","Food Delivery","Food & Drink","false","","regular","Amex Gold (3012)","","",""
"2025-08-07","NYCT Paygo","3.0","posted","Transit","Car & Transport","false","","regular","Chase Sapphire Reserve (9234)","","",""
"2025-08-07","MTA*NYCT Paygo","3.0","posted","Transit","Car & Transport","false","","regular","Chase Sapphire Reserve (9234)","","",""
"2025-08-07","The Met","16.32","posted","Entertainment","","false","","regular","Chase Sapphire Reserve (9234)","","",""
"2025-08-07","DoorDash","57.01","posted","Food Delivery","Food & Drink","false","","regular","Amex Gold (3012)","","",""
"2025-08-07","NYCT Paygo","2.9","posted","Transit","Car & Transport","false","","regular","Chase Sapphire Reserve (9234)","","",""
"2025-08-07","PATH Tapp Paygo","2.9","posted","Transit","Car & Transport","false","","regular","Chase Sapphire Reserve (9234)","","",""
"2025-08-08","DoorDash","24.92","posted","Food Delivery","Food & Drink","false","","regular","Amex Gold (3012)","","",""
"2025-08-08","ClassPass","14.99","posted","Subscriptions","","false","","regular","Chase Checking (5567)","","",""
"2025-08-08","Brooklyn Museum","54.61","posted","Entertainment","","false","","regular","Chase Sapphire Reserve (9234)","","",""
"2025-08-08","NYCT Paygo","2.75","posted","Transit","Car & Transport","false","","regular","Chase Sapphire Reserve (9234)","","",""
"2025-08-08","Transfer to Marcus Savings","1761.58","posted","Savings Transfer","","true","","internal transfer","Chase Checking (5567)","","",""
"2025-08-08","PATH Tapp Paygo","2.9","posted","Transit","Car & Transport","false","","regular","Chase Sapphire Reserve (9234)","","",""
"2025-08-08","DoorDash","15.99","posted","Food Delivery","Food & Drink","false","","regular","Amex Gold (3012)","","",""
"2025-08-08","Uber Eats","52.88","posted","Food Delivery","Food & Drink","false","","regular","Amex Gold (3012)","","",""
"2025-08-08","NYCT Paygo","2.9","posted","Transit","Car & Transport","false","","regular","Chase Sapphire Reserve (9234)","","",""
"2025-08-08","ADP Payroll - Direct Deposit","-4902.53","posted","Income","","true","","income","Chase Checking (5567)","","",""
"2025-08-09","NYCT Paygo","2.9","posted","Transit","Car & Transport","false","","regular","Chase Sapphire Reserve (9234)","","",""
"2025-08-09","DoorDash","28.22","posted","Food Delivery","Food & Drink","false","","regular","Amex Gold (3012)","","",""
"2025-08-09","Le Crocodile","34.55","posted","Brunch","Food & Drink","false","","regular","Amex Gold (3012)","","",""
"2025-08-09","Bodega","18.64","posted","Groceries","Food & Drink","false","","regular","Amex Gold (3012)","","",""
"2025-08-10","Caviar","32.37","posted","Food Delivery","Food & Drink","false","","regular","Amex Gold (3012)","","",""
"2025-08-10","Broadway/Telecharge","13.98","posted","Entertainment","","false","","regular","Chase Sapphire Reserve (9234)","","",""
"2025-08-10","DoorDash","44.55","posted","Food Delivery","Food & Drink","false","","regular","Amex Gold (3012)","","",""
"2025-08-11","Venmo - Dinner Split","30.04","posted","Venmo Social","","false","","regular","Venmo","","",""
"2025-08-11","Estela","22.1","posted","Restaurants","Food & Drink","false","","regular","Chase Sapphire Reserve (9234)","","",""
"2025-08-11","Chase CC Payment - Sapphire Reserve","909.88","posted","Credit Card Payment","","true","","internal transfer","Chase Checking (5567)","","",""
"2025-08-12","NYCT Paygo","2.9","posted","Transit","Car & Transport","false","","regular","Chase Sapphire Reserve (9234)","","",""
"2025-08-12","One Medical","19.45","posted","Healthcare","","false","","regular","Chase Checking (5567)","","",""
"2025-08-12","MTA*NYCT Paygo","3.0","posted","Transit","Car & Transport","false","","regular","Chase Sapphire Reserve (9234)","","",""
"2025-08-12","DoorDash","34.84","posted","Food Delivery","Food & Drink","false","","regular","Amex Gold (3012)","","",""
"2025-08-12","PATH Tapp Paygo","2.75","posted","Transit","Car & Transport","false","","regular","Chase Sapphire Reserve (9234)","","",""
"2025-08-12","Venmo - Brunch Split","14.02","posted","Venmo Social","","false","","regular","Venmo","","",""
"2025-08-12","DoorDash","28.03","posted","Food Delivery","Food & Drink","false","","regular","Amex Gold (3012)","","",""
"2025-08-13","Grubhub","24.01","posted","Food Delivery","Food & Drink","false","","regular","Amex Gold (3012)","","",""
"2025-08-13","British Airways","824.39","posted","Flights","","false","","regular","Chase Sapphire Reserve (9234)","","",""
"2025-08-13","NYCT Paygo","3.0","posted","Transit","Car & Transport","false","","regular","Chase Sapphire Reserve (9234)","","",""
"2025-08-13","NYCT Paygo","2.75","posted","Transit","Car & Transport","false","","regular","Chase Sapphire Reserve (9234)","","",""
"2025-08-13","MTA*NYCT Paygo","2.9","posted","Transit","Car & Transport","false","","regular","Chase Sapphire Reserve (9234)","","",""
"2025-08-14","Uber Eats","16.16","posted","Food Delivery","Food & Drink","false","","regular","Amex Gold (3012)","","",""
"2025-08-14","NYCT Paygo","2.9","posted","Transit","Car & Transport","false","","regular","Chase Sapphire Reserve (9234)","","",""
"2025-08-14","Chase CC Payment - Sapphire Reserve","1137.1","posted","Credit Card Payment","","true","","internal transfer","Chase Checking (5567)","","",""
"2025-08-14","Seamless","55.34","posted","Food Delivery","Food & Drink","false","","regular","Amex Gold (3012)","","",""
"2025-08-14","PATH Tapp Paygo","2.75","posted","Transit","Car & Transport","false","","regular","Chase Sapphire Reserve (9234)","","",""
"2025-08-14","Venmo - Friend Split","20.32","posted","Venmo Social","","false","","regular","Venmo","","",""
"2025-08-15","Seamless","26.02","posted","Food Delivery","Food & Drink","false","","regular","Amex Gold (3012)","","",""
"2025-08-15","Venmo - Uber Split","38.62","posted","Venmo Social","","false","","regular","Venmo","","",""
"2025-08-15","Blue Bottle Coffee","6.29","posted","Cafés","Food & Drink","false","","regular","Amex Gold (3012)","","",""
"2025-08-15","Sadelle's","36.67","posted","Brunch","Food & Drink","false","","regular","Amex Gold (3012)","","",""
"2025-08-16","DoorDash","55.31","posted","Food Delivery","Food & Drink","false","","regular","Amex Gold (3012)","","",""
"2025-08-17","Clinton St. Baking","23.76","posted","Brunch","Food & Drink","false","","regular","Amex Gold (3012)","","",""
"2025-08-17","European Wax Center","41.39","posted","Personal Care","Personal Care","false","","regular","Amex Gold (3012)","","",""
"2025-08-17","Starbucks","5.95","posted","Cafés","Food & Drink","false","","regular","Amex Gold (3012)","","",""
"2025-08-18","Seamless","36.91","posted","Food Delivery","Food & Drink","false","","regular","Amex Gold (3012)","","",""
"2025-08-18","MTA*NYCT Paygo","2.9","posted","Transit","Car & Transport","false","","regular","Chase Sapphire Reserve (9234)","","",""
"2025-08-18","DoorDash","36.92","posted","Food Delivery","Food & Drink","false","","regular","Amex Gold (3012)","","",""
"2025-08-18","DoorDash","21.53","posted","Food Delivery","Food & Drink","false","","regular","Amex Gold (3012)","","",""
"2025-08-18","Uber Eats","12.95","posted","Food Delivery","Food & Drink","false","","regular","Amex Gold (3012)","","",""
"2025-08-18","Uber Eats","21.63","posted","Food Delivery","Food & Drink","false","","regular","Amex Gold (3012)","","",""
"2025-08-19","MTA*NYCT Paygo","2.75","posted","Transit","Car & Transport","false","","regular","Chase Sapphire Reserve (9234)","","",""
"2025-08-19","Caviar","42.84","posted","Food Delivery","Food & Drink","false","","regular","Amex Gold (3012)","","",""
"2025-08-19","NYCT Paygo","2.9","posted","Transit","Car & Transport","false","","regular","Chase Sapphire Reserve (9234)","","",""
"2025-08-19","Blue Bottle Coffee","5.59","posted","Cafés","Food & Drink","false","","regular","Amex Gold (3012)","","",""
"2025-08-19","Chase CC Payment - Sapphire Reserve","2278.28","posted","Credit Card Payment","","true","","internal transfer","Chase Checking (5567)","","",""
"2025-08-19","Sugarfish","30.94","posted","Restaurants","Food & Drink","false","","regular","Chase Sapphire Reserve (9234)","","",""
"2025-08-19","MTA*NYCT Paygo","3.0","posted","Transit","Car & Transport","false","","regular","Chase Sapphire Reserve (9234)","","",""
"2025-08-19","Joe Coffee","24.45","posted","Cafés","Food & Drink","false","","regular","Amex Gold (3012)","","",""
"2025-08-20","Joe Coffee","3.92","posted","Cafés","Food & Drink","false","","regular","Amex Gold (3012)","","",""
"2025-08-20","La Colombe","11.6","posted","Cafés","Food & Drink","false","","regular","Amex Gold (3012)","","",""
"2025-08-20","DoorDash","14.28","posted","Food Delivery","Food & Drink","false","","regular","Amex Gold (3012)","","",""
"2025-08-20","NYCT Paygo","3.0","posted","Transit","Car & Transport","false","","regular","Chase Sapphire Reserve (9234)","","",""
"2025-08-20","DoorDash","24.94","posted","Food Delivery","Food & Drink","false","","regular","Amex Gold (3012)","","",""
"2025-08-20","Uber Eats","33.52","posted","Food Delivery","Food & Drink","false","","regular","Amex Gold (3012)","","",""
"2025-08-20","DoorDash","62.73","posted","Food Delivery","Food & Drink","false","","regular","Amex Gold (3012)","","",""
"2025-08-20","Reformation","46.43","posted","Clothing","Shopping","false","","regular","Amex Gold (3012)","","",""
"2025-08-21","PATH Tapp Paygo","2.75","posted","Transit","Car & Transport","false","","regular","Chase Sapphire Reserve (9234)","","",""
"2025-08-21","NYCT Paygo","2.9","posted","Transit","Car & Transport","false","","regular","Chase Sapphire Reserve (9234)","","",""
"2025-08-21","Estela","31.9","posted","Restaurants","Food & Drink","false","","regular","Chase Sapphire Reserve (9234)","","",""
"2025-08-21","Joe Coffee","9.34","posted","Cafés","Food & Drink","false","","regular","Amex Gold (3012)","","",""
"2025-08-21","NYCT Paygo","3.0","posted","Transit","Car & Transport","false","","regular","Chase Sapphire Reserve (9234)","","",""
"2025-08-22","Transfer to Marcus Savings","1651.52","posted","Savings Transfer","","true","","internal transfer","Chase Checking (5567)","","",""
"2025-08-22","Uber Eats","19.6","posted","Food Delivery","Food & Drink","false","","regular","Amex Gold (3012)","","",""
"2025-08-22","ADP Payroll - Direct Deposit","-4896.51","posted","Income","","true","","income","Chase Checking (5567)","","",""
"2025-08-22","NYCT Paygo","2.75","posted","Transit","Car & Transport","false","","regular","Chase Sapphire Reserve (9234)","","",""
"2025-08-22","Amex Payment - Gold Card","3009.94","posted","Credit Card Payment","","true","","internal transfer","Chase Checking (5567)","","",""
"2025-08-23","DoorDash","50.64","posted","Food Delivery","Food & Drink","false","","regular","Amex Gold (3012)","","",""
"2025-08-23","Whole Foods Market","88.2","posted","Groceries","Food & Drink","false","","regular","Amex Gold (3012)","","",""
"2025-08-23","Uber Eats","27.95","posted","Food Delivery","Food & Drink","false","","regular","Amex Gold (3012)","","",""
"2025-08-23","Dudley's","113.23","posted","Brunch","Food & Drink","false","","regular","Amex Gold (3012)","","",""
"2025-08-23","Clinton St. Baking","34.2","posted","Brunch","Food & Drink","false","","regular","Amex Gold (3012)","","",""
"2025-08-24","Uber Eats","36.42","posted","Food Delivery","Food & Drink","false","","regular","Amex Gold (3012)","","",""
"2025-08-24","PATH Tapp Paygo","2.9","posted","Transit","Car & Transport","false","","regular","Chase Sapphire Reserve (9234)","","",""
"2025-08-24","DoorDash","36.63","posted","Food Delivery","Food & Drink","false","","regular","Amex Gold (3012)","","",""
"2025-08-25","PATH Tapp Paygo","2.75","posted","Transit","Car & Transport","false","","regular","Chase Sapphire Reserve (9234)","","",""
"2025-08-25","Blue Bottle Coffee","16.66","posted","Cafés","Food & Drink","false","","regular","Amex Gold (3012)","","",""
"2025-08-25","MTA*NYCT Paygo","2.9","posted","Transit","Car & Transport","false","","regular","Chase Sapphire Reserve (9234)","","",""
"2025-08-25","Amazon","22.13","posted","General Shopping","Shopping","false","","regular","Chase Sapphire Reserve (9234)","","",""
"2025-08-25","DoorDash","18.24","posted","Food Delivery","Food & Drink","false","","regular","Amex Gold (3012)","","",""
"2025-08-25","PATH Tapp Paygo","2.9","posted","Transit","Car & Transport","false","","regular","Chase Sapphire Reserve (9234)","","",""
"2025-08-26","Seamless","52.96","posted","Food Delivery","Food & Drink","false","","regular","Amex Gold (3012)","","",""
"2025-08-26","NYCT Paygo","2.9","posted","Transit","Car & Transport","false","","regular","Chase Sapphire Reserve (9234)","","",""
"2025-08-26","Blank Street Coffee","4.87","posted","Cafés","Food & Drink","false","","regular","Amex Gold (3012)","","",""
"2025-08-26","Uber Eats","60.08","posted","Food Delivery","Food & Drink","false","","regular","Amex Gold (3012)","","",""
"2025-08-26","DoorDash","23.29","posted","Food Delivery","Food & Drink","false","","regular","Amex Gold (3012)","","",""
"2025-08-26","MTA*NYCT Paygo","2.9","posted","Transit","Car & Transport","false","","regular","Chase Sapphire Reserve (9234)","","",""
"2025-08-27","European Wax Center","57.93","posted","Personal Care","Personal Care","false","","regular","Amex Gold (3012)","","",""
"2025-08-27","Abraço","5.14","posted","Cafés","Food & Drink","false","","regular","Amex Gold (3012)","","",""
"2025-08-27","Joe Coffee","4.59","posted","Cafés","Food & Drink","false","","regular","Amex Gold (3012)","","",""
"2025-08-27","Dhamaka","37.94","posted","Restaurants","Food & Drink","false","","regular","Chase Sapphire Reserve (9234)","","",""
"2025-08-27","MTA*NYCT Paygo","2.75","posted","Transit","Car & Transport","false","","regular","Chase Sapphire Reserve (9234)","","",""
"2025-08-27","Starbucks","7.16","posted","Cafés","Food & Drink","false","","regular","Amex Gold (3012)","","",""
"2025-08-27","Clover Club","34.34","posted","Bars","Food & Drink","false","","regular","Chase Sapphire Reserve (9234)","","",""
"2025-08-28","Marcus by Goldman Sachs - Interest","-45.14","posted","Interest Income","","true","","income","Marcus Savings (8841)","","",""
"2025-08-28","Uber Eats","47.15","posted","Food Delivery","Food & Drink","false","","regular","Amex Gold (3012)","","",""
"2025-08-28","DoorDash","35.45","posted","Food Delivery","Food & Drink","false","","regular","Amex Gold (3012)","","",""
"2025-08-28","Uber Eats","14.72","posted","Food Delivery","Food & Drink","false","","regular","Amex Gold (3012)","","",""
"2025-08-28","NYCT Paygo","3.0","posted","Transit","Car & Transport","false","","regular","Chase Sapphire Reserve (9234)","","",""
"2025-08-28","Joe Coffee","4.76","posted","Cafés","Food & Drink","false","","regular","Amex Gold (3012)","","",""
"2025-08-29","DoorDash","45.19","posted","Food Delivery","Food & Drink","false","","regular","Amex Gold (3012)","","",""
"2025-08-29","DoorDash","43.84","posted","Food Delivery","Food & Drink","false","","regular","Amex Gold (3012)","","",""
"2025-08-29","Starbucks","11.61","posted","Cafés","Food & Drink","false","","regular","Amex Gold (3012)","","",""
"2025-08-29","Starbucks","5.67","posted","Cafés","Food & Drink","false","","regular","Amex Gold (3012)","","",""
"2025-08-30","NYCT Paygo","3.0","posted","Transit","Car & Transport","false","","regular","Chase Sapphire Reserve (9234)","","",""
"2025-08-30","MTA*NYCT Paygo","2.9","posted","Transit","Car & Transport","false","","regular","Chase Sapphire Reserve (9234)","","",""
"2025-08-30","NYCT Paygo","2.75","posted","Transit","Car & Transport","false","","regular","Chase Sapphire Reserve (9234)","","",""
"2025-08-30","DoorDash","27.33","posted","Food Delivery","Food & Drink","false","","regular","Amex Gold (3012)","","",""
"2025-08-30","DoorDash","25.63","posted","Food Delivery","Food & Drink","false","","regular","Amex Gold (3012)","","",""
"2025-08-30","Sadelle's","42.94","posted","Brunch","Food & Drink","false","","regular","Amex Gold (3012)","","",""
"2025-08-31","Whole Foods Market","28.79","posted","Groceries","Food & Drink","false","","regular","Amex Gold (3012)","","",""
"2025-08-31","Abercrombie & Fitch","28.81","posted","Clothing","Shopping","false","","regular","Amex Gold (3012)","","",""
"2025-08-31","AMC Theatres","65.71","posted","Entertainment","","false","","regular","Chase Sapphire Reserve (9234)","","",""
"2025-08-31","Seamless","59.88","posted","Food Delivery","Food & Drink","false","","regular","Amex Gold (3012)","","",""
"2025-09-01","DoorDash","18.97","posted","Food Delivery","Food & Drink","false","","regular","Amex Gold (3012)","","",""
"2025-09-01","NYCT Paygo","2.9","posted","Transit","Car & Transport","false","","regular","Chase Sapphire Reserve (9234)","","",""
"2025-09-01","Zelle - Landlord","3300.0","posted","Rent","","false","","regular","Chase Checking (5567)","","",""
"2025-09-01","MTA*NYCT Paygo","2.9","posted","Transit","Car & Transport","false","","regular","Chase Sapphire Reserve (9234)","","",""
"2025-09-01","Uber","4.55","posted","Rideshare","Car & Transport","false","","regular","Chase Sapphire Reserve (9234)","","",""
"2025-09-01","DoorDash","44.23","posted","Food Delivery","Food & Drink","false","","regular","Amex Gold (3012)","","",""
"2025-09-02","NYCT Paygo","2.9","posted","Transit","Car & Transport","false","","regular","Chase Sapphire Reserve (9234)","","",""
"2025-09-02","Solidcore","25.15","posted","Fitness Classes","","false","","regular","Chase Checking (5567)","","",""
"2025-09-02","Jack's Wife & Freda","74.39","posted","Brunch","Food & Drink","false","","regular","Amex Gold (3012)","","",""
"2025-09-02","Seamless","32.4","posted","Food Delivery","Food & Drink","false","","regular","Amex Gold (3012)","","",""
"2025-09-02","DoorDash","19.43","posted","Food Delivery","Food & Drink","false","","regular","Amex Gold (3012)","","",""
"2025-09-03","DoorDash","43.8","posted","Food Delivery","Food & Drink","false","","regular","Amex Gold (3012)","","",""
"2025-09-03","Uber","22.29","posted","Rideshare","Car & Transport","false","","regular","Chase Sapphire Reserve (9234)","","",""
"2025-09-03","Apple One","17.99","posted","Subscriptions","","false","","regular","Chase Checking (5567)","","",""
"2025-09-03","iCloud Storage","9.99","posted","Subscriptions","","false","","regular","Chase Checking (5567)","","",""
"2025-09-03","Starbucks","6.67","posted","Cafés","Food & Drink","false","","regular","Amex Gold (3012)","","",""
"2025-09-03","MTA*NYCT Paygo","2.75","posted","Transit","Car & Transport","false","","regular","Chase Sapphire Reserve (9234)","","",""
"2025-09-04","Uber Eats","21.99","posted","Food Delivery","Food & Drink","false","","regular","Amex Gold (3012)","","",""
"2025-09-04","Via Carota","45.4","posted","Restaurants","Food & Drink","false","","regular","Chase Sapphire Reserve (9234)","","",""
"2025-09-04","Gramercy Tavern","43.82","posted","Restaurants","Food & Drink","false","","regular","Chase Sapphire Reserve (9234)","","",""
"2025-09-04","PATH Tapp Paygo - Refund","-2.9","posted","Transit","Car & Transport","false","","regular","Chase Sapphire Reserve (9234)","","",""
"2025-09-04","Estela","52.45","posted","Restaurants","Food & Drink","false","","regular","Chase Sapphire Reserve (9234)","","",""
"2025-09-04","DoorDash","13.51","posted","Food Delivery","Food & Drink","false","","regular","Amex Gold (3012)","","",""
"2025-09-04","MTA*NYCT Paygo","2.75","posted","Transit","Car & Transport","false","","regular","Chase Sapphire Reserve (9234)","","",""
"2025-09-05","ADP Payroll - Direct Deposit","-4898.02","posted","Income","","true","","income","Chase Checking (5567)","","",""
"2025-09-05","Transfer to Marcus Savings","2038.83","posted","Savings Transfer","","true","","internal transfer","Chase Checking (5567)","","",""
"2025-09-05","DoorDash","21.54","posted","Food Delivery","Food & Drink","false","","regular","Amex Gold (3012)","","",""
"2025-09-05","Abraço","7.73","posted","Cafés","Food & Drink","false","","regular","Amex Gold (3012)","","",""
"2025-09-05","Uber Eats","32.22","posted","Food Delivery","Food & Drink","false","","regular","Amex Gold (3012)","","",""
"2025-09-05","Netflix","15.49","posted","Subscriptions","","false","","regular","Chase Checking (5567)","","",""
"2025-09-06","Grubhub","13.79","posted","Food Delivery","Food & Drink","false","","regular","Amex Gold (3012)","","",""
"2025-09-06","NYCT Paygo","2.9","posted","Transit","Car & Transport","false","","regular","Chase Sapphire Reserve (9234)","","",""
"2025-09-06","Venmo - Dinner Split","10.44","posted","Venmo Social","","false","","regular","Venmo","","",""
"2025-09-06","Bloomingdale's","100.23","posted","Clothing","Shopping","false","","regular","Amex Gold (3012)","","",""
"2025-09-06","Bloomingdale's","459.29","posted","Clothing","Shopping","false","","regular","Amex Gold (3012)","","",""
"2025-09-06","Maison Premiere","12.18","posted","Bars","Food & Drink","false","","regular","Chase Sapphire Reserve (9234)","","",""
"2025-09-07","DoorDash","46.23","posted","Food Delivery","Food & Drink","false","","regular","Amex Gold (3012)","","",""
"2025-09-07","DoorDash","10.06","posted","Food Delivery","Food & Drink","false","","regular","Amex Gold (3012)","","",""
"2025-09-07","DoorDash","12.44","posted","Food Delivery","Food & Drink","false","","regular","Amex Gold (3012)","","",""
"2025-09-07","Trader Joe's","93.47","posted","Groceries","Food & Drink","false","","regular","Amex Gold (3012)","","",""
"2025-09-07","Zara","89.84","posted","Clothing","Shopping","false","","regular","Amex Gold (3012)","","",""
"2025-09-07","DoorDash","15.53","posted","Food Delivery","Food & Drink","false","","regular","Amex Gold (3012)","","",""
"2025-09-08","Spotify","12.99","posted","Subscriptions","","false","","regular","Chase Checking (5567)","","",""
"2025-09-08","British Airways","699.6","posted","Flights","","false","","regular","Chase Sapphire Reserve (9234)","","",""
"2025-09-08","Whole Foods Market","43.93","posted","Groceries","Food & Drink","false","","regular","Amex Gold (3012)","","",""
"2025-09-08","DoorDash","20.55","posted","Food Delivery","Food & Drink","false","","regular","Amex Gold (3012)","","",""
"2025-09-08","ClassPass","14.99","posted","Subscriptions","","false","","regular","Chase Checking (5567)","","",""
"2025-09-08","La Colombe","6.23","posted","Cafés","Food & Drink","false","","regular","Amex Gold (3012)","","",""
"2025-09-09","Devocion","6.25","posted","Cafés","Food & Drink","false","","regular","Amex Gold (3012)","","",""
"2025-09-09","Grubhub","50.34","posted","Food Delivery","Food & Drink","false","","regular","Amex Gold (3012)","","",""
"2025-09-09","PATH Tapp Paygo","2.75","posted","Transit","Car & Transport","false","","regular","Chase Sapphire Reserve (9234)","","",""
"2025-09-09","PATH Tapp Paygo","2.9","posted","Transit","Car & Transport","false","","regular","Chase Sapphire Reserve (9234)","","",""
"2025-09-09","Grubhub","33.3","posted","Food Delivery","Food & Drink","false","","regular","Amex Gold (3012)","","",""
"2025-09-09","Devocion","8.4","posted","Cafés","Food & Drink","false","","regular","Amex Gold (3012)","","",""
"2025-09-09","Abraço","4.94","posted","Cafés","Food & Drink","false","","regular","Amex Gold (3012)","","",""
"2025-09-09","Whole Foods Market","29.92","posted","Groceries","Food & Drink","false","","regular","Amex Gold (3012)","","",""
"2025-09-10","MTA*NYCT Paygo","3.0","posted","Transit","Car & Transport","false","","regular","Chase Sapphire Reserve (9234)","","",""
"2025-09-10","MTA*NYCT Paygo","2.9","posted","Transit","Car & Transport","false","","regular","Chase Sapphire Reserve (9234)","","",""
"2025-09-10","Gregory's Coffee","10.15","posted","Cafés","Food & Drink","false","","regular","Amex Gold (3012)","","",""
"2025-09-10","MTA*NYCT Paygo","2.75","posted","Transit","Car & Transport","false","","regular","Chase Sapphire Reserve (9234)","","",""
"2025-09-10","DoorDash","15.54","posted","Food Delivery","Food & Drink","false","","regular","Amex Gold (3012)","","",""
"2025-09-11","Uber","44.64","posted","Rideshare","Car & Transport","false","","regular","Chase Sapphire Reserve (9234)","","",""
"2025-09-11","MTA*NYCT Paygo","2.75","posted","Transit","Car & Transport","false","","regular","Chase Sapphire Reserve (9234)","","",""
"2025-09-11","Seamless","28.83","posted","Food Delivery","Food & Drink","false","","regular","Amex Gold (3012)","","",""
"2025-09-12","PATH Tapp Paygo","2.9","posted","Transit","Car & Transport","false","","regular","Chase Sapphire Reserve (9234)","","",""
"2025-09-12","Uber Eats","54.77","posted","Food Delivery","Food & Drink","false","","regular","Amex Gold (3012)","","",""
"2025-09-12","Nail Salon","28.24","posted","Personal Care","Personal Care","false","","regular","Amex Gold (3012)","","",""
"2025-09-12","Blank Street Coffee","15.28","posted","Cafés","Food & Drink","false","","regular","Amex Gold (3012)","","",""
"2025-09-13","PATH Tapp Paygo","2.9","posted","Transit","Car & Transport","false","","regular","Chase Sapphire Reserve (9234)","","",""
"2025-09-13","DoorDash","54.86","posted","Food Delivery","Food & Drink","false","","regular","Amex Gold (3012)","","",""
"2025-09-13","Egg Shop","46.21","posted","Brunch","Food & Drink","false","","regular","Amex Gold (3012)","","",""
"2025-09-14","Bubby's","38.18","posted","Brunch","Food & Drink","false","","regular","Amex Gold (3012)","","",""
"2025-09-14","Maison Premiere","17.67","posted","Bars","Food & Drink","false","","regular","Chase Sapphire Reserve (9234)","","",""
"2025-09-14","Dante","66.18","posted","Bars","Food & Drink","false","","regular","Chase Sapphire Reserve (9234)","","",""
"2025-09-14","Whole Foods Market","35.49","posted","Groceries","Food & Drink","false","","regular","Amex Gold (3012)","","",""
"2025-09-14","Uber Eats","38.94","posted","Food Delivery","Food & Drink","false","","regular","Amex Gold (3012)","","",""
"2025-09-14","Reformation","96.42","posted","Clothing","Shopping","false","","regular","Amex Gold (3012)","","",""
"2025-09-14","Dudley's","44.12","posted","Brunch","Food & Drink","false","","regular","Amex Gold (3012)","","",""
"2025-09-14","DoorDash","46.38","posted","Food Delivery","Food & Drink","false","","regular","Amex Gold (3012)","","",""
"2025-09-14","DoorDash","17.54","posted","Food Delivery","Food & Drink","false","","regular","Amex Gold (3012)","","",""
"2025-09-15","Bodega","53.57","posted","Groceries","Food & Drink","false","","regular","Amex Gold (3012)","","",""
"2025-09-15","Uber Eats","31.73","posted","Food Delivery","Food & Drink","false","","regular","Amex Gold (3012)","","",""
"2025-09-15","Cote Korean Steakhouse","51.95","posted","Restaurants","Food & Drink","false","","regular","Chase Sapphire Reserve (9234)","","",""
"2025-09-15","NYCT Paygo","2.9","posted","Transit","Car & Transport","false","","regular","Chase Sapphire Reserve (9234)","","",""
"2025-09-15","NYCT Paygo","2.9","posted","Transit","Car & Transport","false","","regular","Chase Sapphire Reserve (9234)","","",""
"2025-09-16","Glossier","36.18","posted","General Shopping","Shopping","false","","regular","Chase Sapphire Reserve (9234)","","",""
"2025-09-16","NYCT Paygo","2.75","posted","Transit","Car & Transport","false","","regular","Chase Sapphire Reserve (9234)","","",""
"2025-09-16","Gregory's Coffee","2.5","posted","Cafés","Food & Drink","false","","regular","Amex Gold (3012)","","",""
"2025-09-16","Grubhub","50.0","posted","Food Delivery","Food & Drink","false","","regular","Amex Gold (3012)","","",""
"2025-09-16","PATH Tapp Paygo","2.9","posted","Transit","Car & Transport","false","","regular","Chase Sapphire Reserve (9234)","","",""
"2025-09-16","Venmo - Brunch Split","62.24","posted","Venmo Social","","false","","regular","Venmo","","",""
"2025-09-16","DoorDash","14.84","posted","Food Delivery","Food & Drink","false","","regular","Amex Gold (3012)","","",""
"2025-09-16","Russ & Daughters Cafe","56.86","posted","Brunch","Food & Drink","false","","regular","Amex Gold (3012)","","",""
"2025-09-16","Seamless","41.8","posted","Food Delivery","Food & Drink","false","","regular","Amex Gold (3012)","","",""
"2025-09-16","Blue Bottle Coffee","3.14","posted","Cafés","Food & Drink","false","","regular","Amex Gold (3012)","","",""
"2025-09-16","Abraço","20.18","posted","Cafés","Food & Drink","false","","regular","Amex Gold (3012)","","",""
"2025-09-16","DoorDash","41.87","posted","Food Delivery","Food & Drink","false","","regular","Amex Gold (3012)","","",""
"2025-09-17","Solidcore","30.67","posted","Fitness Classes","","false","","regular","Chase Checking (5567)","","",""
"2025-09-17","DoorDash","39.64","posted","Food Delivery","Food & Drink","false","","regular","Amex Gold (3012)","","",""
"2025-09-17","Venmo - Friend Split","29.04","posted","Venmo Social","","false","","regular","Venmo","","",""
"2025-09-17","NYCT Paygo","2.9","posted","Transit","Car & Transport","false","","regular","Chase Sapphire Reserve (9234)","","",""
"2025-09-17","Starbucks","18.03","posted","Cafés","Food & Drink","false","","regular","Amex Gold (3012)","","",""
"2025-09-17","Grubhub","21.12","posted","Food Delivery","Food & Drink","false","","regular","Amex Gold (3012)","","",""
"2025-09-18","MTA*NYCT Paygo","2.9","posted","Transit","Car & Transport","false","","regular","Chase Sapphire Reserve (9234)","","",""
"2025-09-18","Via","28.87","posted","Rideshare","Car & Transport","false","","regular","Chase Sapphire Reserve (9234)","","",""
"2025-09-18","Seamless","107.63","posted","Food Delivery","Food & Drink","false","","regular","Amex Gold (3012)","","",""
"2025-09-18","Venmo - Friend Split","37.05","posted","Venmo Social","","false","","regular","Venmo","","",""
"2025-09-19","Transfer to Marcus Savings","1551.71","posted","Savings Transfer","","true","","internal transfer","Chase Checking (5567)","","",""
"2025-09-19","Chase CC Payment - Sapphire Reserve","1950.05","posted","Credit Card Payment","","true","","internal transfer","Chase Checking (5567)","","",""
"2025-09-19","ADP Payroll - Direct Deposit","-4952.74","posted","Income","","true","","income","Chase Checking (5567)","","",""
"2025-09-19","Uber Eats","39.9","posted","Food Delivery","Food & Drink","false","","regular","Amex Gold (3012)","","",""
"2025-09-20","MTA*NYCT Paygo","2.9","posted","Transit","Car & Transport","false","","regular","Chase Sapphire Reserve (9234)","","",""
"2025-09-20","Egg Shop","30.86","posted","Brunch","Food & Drink","false","","regular","Amex Gold (3012)","","",""
"2025-09-20","Olmsted","32.42","posted","Restaurants","Food & Drink","false","","regular","Chase Sapphire Reserve (9234)","","",""
"2025-09-20","Joe Coffee","6.31","posted","Cafés","Food & Drink","false","","regular","Amex Gold (3012)","","",""
"2025-09-20","AMC Theatres","24.15","posted","Entertainment","","false","","regular","Chase Sapphire Reserve (9234)","","",""
"2025-09-20","Chase CC Payment - Sapphire Reserve","2147.85","posted","Credit Card Payment","","true","","internal transfer","Chase Checking (5567)","","",""
"2025-09-20","Aritzia","30.57","posted","Clothing","Shopping","false","","regular","Amex Gold (3012)","","",""
"2025-09-21","Chase CC Payment - Sapphire Reserve","2547.66","posted","Credit Card Payment","","true","","internal transfer","Chase Checking (5567)","","",""
"2025-09-21","DoorDash","50.45","posted","Food Delivery","Food & Drink","false","","regular","Amex Gold (3012)","","",""
"2025-09-22","Uber","37.99","posted","Rideshare","Car & Transport","false","","regular","Chase Sapphire Reserve (9234)","","",""
"2025-09-22","DoorDash - Refund","-39.64","posted","Food Delivery","Food & Drink","false","","regular","Amex Gold (3012)","","",""
"2025-09-22","Blank Street Coffee","5.61","posted","Cafés","Food & Drink","false","","regular","Amex Gold (3012)","","",""
"2025-09-22","NYCT Paygo","3.0","posted","Transit","Car & Transport","false","","regular","Chase Sapphire Reserve (9234)","","",""
"2025-09-23","MTA*NYCT Paygo","2.9","posted","Transit","Car & Transport","false","","regular","Chase Sapphire Reserve (9234)","","",""
"2025-09-23","MTA*NYCT Paygo","2.75","posted","Transit","Car & Transport","false","","regular","Chase Sapphire Reserve (9234)","","",""
"2025-09-23","Y7 Studio","25.84","posted","Fitness Classes","","false","","regular","Chase Checking (5567)","","",""
"2025-09-23","PATH Tapp Paygo","2.9","posted","Transit","Car & Transport","false","","regular","Chase Sapphire Reserve (9234)","","",""
"2025-09-23","Seamless","40.16","posted","Food Delivery","Food & Drink","false","","regular","Amex Gold (3012)","","",""
"2025-09-23","NYCT Paygo","2.9","posted","Transit","Car & Transport","false","","regular","Chase Sapphire Reserve (9234)","","",""
"2025-09-23","Uber Eats","28.08","posted","Food Delivery","Food & Drink","false","","regular","Amex Gold (3012)","","",""
"2025-09-23","Seamless","28.9","posted","Food Delivery","Food & Drink","false","","regular","Amex Gold (3012)","","",""
"2025-09-24","Uber Eats","11.0","posted","Food Delivery","Food & Drink","false","","regular","Amex Gold (3012)","","",""
"2025-09-24","Starbucks","4.06","posted","Cafés","Food & Drink","false","","regular","Amex Gold (3012)","","",""
"2025-09-24","Glossier - Refund","-36.18","posted","General Shopping","Shopping","false","","regular","Chase Sapphire Reserve (9234)","","",""
"2025-09-24","NYCT Paygo","2.75","posted","Transit","Car & Transport","false","","regular","Chase Sapphire Reserve (9234)","","",""
"2025-09-24","Bonnie's","26.58","posted","Restaurants","Food & Drink","false","","regular","Chase Sapphire Reserve (9234)","","",""
"2025-09-25","Equinox+","269.26","posted","Gym Membership","","false","","regular","Chase Checking (5567)","","",""
"2025-09-25","Bonnie's","180.02","posted","Restaurants","Food & Drink","false","","regular","Chase Sapphire Reserve (9234)","","",""
"2025-09-25","Grubhub","37.51","posted","Food Delivery","Food & Drink","false","","regular","Amex Gold (3012)","","",""
"2025-09-25","Amazon","11.43","posted","General Shopping","Shopping","false","","regular","Chase Sapphire Reserve (9234)","","",""
"2025-09-25","MTA*NYCT Paygo","3.0","posted","Transit","Car & Transport","false","","regular","Chase Sapphire Reserve (9234)","","",""
"2025-09-25","Amex Payment - Gold Card","3910.28","posted","Credit Card Payment","","true","","internal transfer","Chase Checking (5567)","","",""
"2025-09-25","DoorDash","10.92","posted","Food Delivery","Food & Drink","false","","regular","Amex Gold (3012)","","",""
"2025-09-25","Blue Bottle Coffee","4.16","posted","Cafés","Food & Drink","false","","regular","Amex Gold (3012)","","",""
"2025-09-26","NYCT Paygo","2.75","posted","Transit","Car & Transport","false","","regular","Chase Sapphire Reserve (9234)","","",""
"2025-09-26","Whole Foods Market","47.25","posted","Groceries","Food & Drink","false","","regular","Amex Gold (3012)","","",""
"2025-09-26","Blue Bottle Coffee","18.95","posted","Cafés","Food & Drink","false","","regular","Amex Gold (3012)","","",""
"2025-09-26","Uber Eats","24.62","posted","Food Delivery","Food & Drink","false","","regular","Amex Gold (3012)","","",""
"2025-09-26","Birch Coffee","7.05","posted","Cafés","Food & Drink","false","","regular","Amex Gold (3012)","","",""
"2025-09-27","Egg Shop","38.05","posted","Brunch","Food & Drink","false","","regular","Amex Gold (3012)","","",""
"2025-09-27","Joe Coffee","5.1","posted","Cafés","Food & Drink","false","","regular","Amex Gold (3012)","","",""
"2025-09-28","Uber Eats","33.87","posted","Food Delivery","Food & Drink","false","","regular","Amex Gold (3012)","","",""
"2025-09-28","Venmo - Drinks Split","28.75","posted","Venmo Social","","false","","regular","Venmo","","",""
"2025-09-28","Clover Club","25.41","posted","Bars","Food & Drink","false","","regular","Chase Sapphire Reserve (9234)","","",""
"2025-09-28","Clinton St. Baking","36.53","posted","Brunch","Food & Drink","false","","regular","Amex Gold (3012)","","",""
"2025-09-28","Marcus by Goldman Sachs - Interest","-58.18","posted","Interest Income","","true","","income","Marcus Savings (8841)","","",""
"2025-09-29","NYCT Paygo","3.0","posted","Transit","Car & Transport","false","","regular","Chase Sapphire Reserve (9234)","","",""
"2025-09-30","Grubhub","56.3","posted","Food Delivery","Food & Drink","false","","regular","Amex Gold (3012)","","",""
"2025-09-30","Uber Eats","22.71","posted","Food Delivery","Food & Drink","false","","regular","Amex Gold (3012)","","",""
"2025-10-01","Nail Salon","70.0","posted","Personal Care","Personal Care","false","","regular","Amex Gold (3012)","","",""
"2025-10-01","Zelle - Landlord","3306.25","posted","Rent","","false","","regular","Chase Checking (5567)","","",""
"2025-10-01","Seamless","9.92","posted","Food Delivery","Food & Drink","false","","regular","Amex Gold (3012)","","",""
"2025-10-01","PATH Tapp Paygo","2.9","posted","Transit","Car & Transport","false","","regular","Chase Sapphire Reserve (9234)","","",""
"2025-10-01","DoorDash","24.24","posted","Food Delivery","Food & Drink","false","","regular","Amex Gold (3012)","","",""
"2025-10-02","NYCT Paygo","2.9","posted","Transit","Car & Transport","false","","regular","Chase Sapphire Reserve (9234)","","",""
"2025-10-02","Uber Eats","21.55","posted","Food Delivery","Food & Drink","false","","regular","Amex Gold (3012)","","",""
"2025-10-02","Grubhub","8.77","posted","Food Delivery","Food & Drink","false","","regular","Amex Gold (3012)","","",""
"2025-10-02","DoorDash","24.32","posted","Food Delivery","Food & Drink","false","","regular","Amex Gold (3012)","","",""
"2025-10-02","Uber Eats","6.18","posted","Food Delivery","Food & Drink","false","","regular","Amex Gold (3012)","","",""
"2025-10-02","Seamless","15.47","posted","Food Delivery","Food & Drink","false","","regular","Amex Gold (3012)","","",""
"2025-10-03","NYCT Paygo","2.9","posted","Transit","Car & Transport","false","","regular","Chase Sapphire Reserve (9234)","","",""
"2025-10-03","ADP Payroll - Direct Deposit","-4836.68","posted","Income","","true","","income","Chase Checking (5567)","","",""
"2025-10-03","MTA*NYCT Paygo","3.0","posted","Transit","Car & Transport","false","","regular","Chase Sapphire Reserve (9234)","","",""
"2025-10-03","Devocion","5.81","posted","Cafés","Food & Drink","false","","regular","Amex Gold (3012)","","",""
"2025-10-03","Starbucks","2.78","posted","Cafés","Food & Drink","false","","regular","Amex Gold (3012)","","",""
"2025-10-03","PATH Tapp Paygo","3.0","posted","Transit","Car & Transport","false","","regular","Chase Sapphire Reserve (9234)","","",""
"2025-10-03","Spotify","12.99","posted","Subscriptions","","false","","regular","Chase Checking (5567)","","",""
"2025-10-03","Blank Street Coffee","7.1","posted","Cafés","Food & Drink","false","","regular","Amex Gold (3012)","","",""
"2025-10-03","Transfer to Marcus Savings","2172.37","posted","Savings Transfer","","true","","internal transfer","Chase Checking (5567)","","",""
"2025-10-04","Trader Joe's","39.42","posted","Groceries","Food & Drink","false","","regular","Amex Gold (3012)","","",""
"2025-10-04","Sugarfish","23.51","posted","Restaurants","Food & Drink","false","","regular","Chase Sapphire Reserve (9234)","","",""
"2025-10-04","NYCT Paygo","2.9","posted","Transit","Car & Transport","false","","regular","Chase Sapphire Reserve (9234)","","",""
"2025-10-04","DoorDash","30.25","posted","Food Delivery","Food & Drink","false","","regular","Amex Gold (3012)","","",""
"2025-10-04","Blue Bottle Coffee","14.85","posted","Cafés","Food & Drink","false","","regular","Amex Gold (3012)","","",""
"2025-10-04","DoorDash","33.82","posted","Food Delivery","Food & Drink","false","","regular","Amex Gold (3012)","","",""
"2025-10-05","iCloud Storage","9.99","posted","Subscriptions","","false","","regular","Chase Checking (5567)","","",""
"2025-10-05","Caviar","15.96","posted","Food Delivery","Food & Drink","false","","regular","Amex Gold (3012)","","",""
"2025-10-05","Clover Club","22.32","posted","Bars","Food & Drink","false","","regular","Chase Sapphire Reserve (9234)","","",""
"2025-10-05","Nike","25.77","posted","General Shopping","Shopping","false","","regular","Chase Sapphire Reserve (9234)","","",""
"2025-10-06","Chase CC Payment - Sapphire Reserve","2222.93","posted","Credit Card Payment","","true","","internal transfer","Chase Checking (5567)","","",""
"2025-10-06","PATH Tapp Paygo","3.0","posted","Transit","Car & Transport","false","","regular","Chase Sapphire Reserve (9234)","","",""
"2025-10-06","NYCT Paygo","3.0","posted","Transit","Car & Transport","false","","regular","Chase Sapphire Reserve (9234)","","",""
"2025-10-06","DoorDash","14.47","posted","Food Delivery","Food & Drink","false","","regular","Amex Gold (3012)","","",""
"2025-10-07","DoorDash","64.63","posted","Food Delivery","Food & Drink","false","","regular","Amex Gold (3012)","","",""
"2025-10-07","MTA*NYCT Paygo","2.9","posted","Transit","Car & Transport","false","","regular","Chase Sapphire Reserve (9234)","","",""
"2025-10-07","PATH Tapp Paygo","2.9","posted","Transit","Car & Transport","false","","regular","Chase Sapphire Reserve (9234)","","",""
"2025-10-07","Devocion","4.01","posted","Cafés","Food & Drink","false","","regular","Amex Gold (3012)","","",""
"2025-10-07","Broadway/Telecharge","16.98","posted","Entertainment","","false","","regular","Chase Sapphire Reserve (9234)","","",""
"2025-10-08","Equinox+ - Refund","-269.26","posted","Gym Membership","","false","","regular","Chase Checking (5567)","","",""
"2025-10-08","DoorDash","9.73","posted","Food Delivery","Food & Drink","false","","regular","Amex Gold (3012)","","",""
"2025-10-08","ClassPass","14.99","posted","Subscriptions","","false","","regular","Chase Checking (5567)","","",""
"2025-10-08","Apple One","17.99","posted","Subscriptions","","false","","regular","Chase Checking (5567)","","",""
"2025-10-08","Netflix","15.49","posted","Subscriptions","","false","","regular","Chase Checking (5567)","","",""
"2025-10-08","NYCT Paygo","3.0","posted","Transit","Car & Transport","false","","regular","Chase Sapphire Reserve (9234)","","",""
"2025-10-08","PATH Tapp Paygo","2.75","posted","Transit","Car & Transport","false","","regular","Chase Sapphire Reserve (9234)","","",""
"2025-10-09","MTA*NYCT Paygo","2.75","posted","Transit","Car & Transport","false","","regular","Chase Sapphire Reserve (9234)","","",""
"2025-10-09","Uber Eats","94.42","posted","Food Delivery","Food & Drink","false","","regular","Amex Gold (3012)","","",""
"2025-10-09","Seamless","54.53","posted","Food Delivery","Food & Drink","false","","regular","Amex Gold (3012)","","",""
"2025-10-09","DoorDash","26.92","posted","Food Delivery","Food & Drink","false","","regular","Amex Gold (3012)","","",""
"2025-10-09","DoorDash","44.73","posted","Food Delivery","Food & Drink","false","","regular","Amex Gold (3012)","","",""
"2025-10-10","La Colombe","3.5","posted","Cafés","Food & Drink","false","","regular","Amex Gold (3012)","","",""
"2025-10-10","Devocion","6.1","posted","Cafés","Food & Drink","false","","regular","Amex Gold (3012)","","",""
"2025-10-10","Blue Bottle Coffee","12.27","posted","Cafés","Food & Drink","false","","regular","Amex Gold (3012)","","",""
"2025-10-10","MTA*NYCT Paygo","2.9","posted","Transit","Car & Transport","false","","regular","Chase Sapphire Reserve (9234)","","",""
"2025-10-10","Venmo - Drinks Split","34.51","posted","Venmo Social","","false","","regular","Venmo","","",""
"2025-10-10","Uber Eats","16.28","posted","Food Delivery","Food & Drink","false","","regular","Amex Gold (3012)","","",""
"2025-10-10","Uber Eats","29.67","posted","Food Delivery","Food & Drink","false","","regular","Amex Gold (3012)","","",""
"2025-10-11","Brooklyn Museum","13.82","posted","Entertainment","","false","","regular","Chase Sapphire Reserve (9234)","","",""
"2025-10-11","Trader Joe's","21.84","posted","Groceries","Food & Drink","false","","regular","Amex Gold (3012)","","",""
"2025-10-11","DoorDash","10.52","posted","Food Delivery","Food & Drink","false","","regular","Amex Gold (3012)","","",""
"2025-10-12","Everlane","47.83","posted","Clothing","Shopping","false","","regular","Amex Gold (3012)","","",""
"2025-10-12","Bodega","57.32","posted","Groceries","Food & Drink","false","","regular","Amex Gold (3012)","","",""
"2025-10-12","Peloton Studio","24.33","posted","Fitness Classes","","false","","regular","Chase Checking (5567)","","",""
"2025-10-13","Blue Bottle Coffee","3.29","posted","Cafés","Food & Drink","false","","regular","Amex Gold (3012)","","",""
"2025-10-13","Clover Club","37.8","posted","Bars","Food & Drink","false","","regular","Chase Sapphire Reserve (9234)","","",""
"2025-10-13","Blue Bottle Coffee","6.21","posted","Cafés","Food & Drink","false","","regular","Amex Gold (3012)","","",""
"2025-10-14","NYCT Paygo","2.9","posted","Transit","Car & Transport","false","","regular","Chase Sapphire Reserve (9234)","","",""
"2025-10-14","DoorDash","15.47","posted","Food Delivery","Food & Drink","false","","regular","Amex Gold (3012)","","",""
"2025-10-14","Gristedes","46.74","posted","Groceries","Food & Drink","false","","regular","Amex Gold (3012)","","",""
"2025-10-14","Birch Coffee","20.75","posted","Cafés","Food & Drink","false","","regular","Amex Gold (3012)","","",""
"2025-10-14","Chase CC Payment - Sapphire Reserve","2403.74","posted","Credit Card Payment","","true","","internal transfer","Chase Checking (5567)","","",""
"2025-10-14","NYCT Paygo","2.9","posted","Transit","Car & Transport","false","","regular","Chase Sapphire Reserve (9234)","","",""
"2025-10-15","Venmo - Uber Split","24.42","posted","Venmo Social","","false","","regular","Venmo","","",""
"2025-10-15","Caviar","17.69","posted","Food Delivery","Food & Drink","false","","regular","Amex Gold (3012)","","",""
"2025-10-15","Starbucks","7.27","posted","Cafés","Food & Drink","false","","regular","Amex Gold (3012)","","",""
"2025-10-15","Katana Kitten","16.7","posted","Bars","Food & Drink","false","","regular","Chase Sapphire Reserve (9234)","","",""
"2025-10-16","Starbucks","21.82","posted","Cafés","Food & Drink","false","","regular","Amex Gold (3012)","","",""
"2025-10-16","Birch Coffee","11.76","posted","Cafés","Food & Drink","false","","regular","Amex Gold (3012)","","",""
"2025-10-16","Starbucks","2.84","posted","Cafés","Food & Drink","false","","regular","Amex Gold (3012)","","",""
"2025-10-16","Uber Eats","43.02","posted","Food Delivery","Food & Drink","false","","regular","Amex Gold (3012)","","",""
"2025-10-17","Gregory's Coffee","6.06","posted","Cafés","Food & Drink","false","","regular","Amex Gold (3012)","","",""
"2025-10-17","ADP Payroll - Direct Deposit","-4815.67","posted","Income","","true","","income","Chase Checking (5567)","","",""
"2025-10-17","Transfer to Marcus Savings","1973.42","posted","Savings Transfer","","true","","internal transfer","Chase Checking (5567)","","",""
"2025-10-17","DoorDash","26.65","posted","Food Delivery","Food & Drink","false","","regular","Amex Gold (3012)","","",""
"2025-10-17","DoorDash","22.4","posted","Food Delivery","Food & Drink","false","","regular","Amex Gold (3012)","","",""
"2025-10-18","Bubby's","26.11","posted","Brunch","Food & Drink","false","","regular","Amex Gold (3012)","","",""
"2025-10-18","Seamless","19.0","posted","Food Delivery","Food & Drink","false","","regular","Amex Gold (3012)","","",""
"2025-10-18","Raines Law Room","29.01","posted","Bars","Food & Drink","false","","regular","Chase Sapphire Reserve (9234)","","",""
"2025-10-19","Le Crocodile","43.45","posted","Brunch","Food & Drink","false","","regular","Amex Gold (3012)","","",""
"2025-10-19","NYCT Paygo","2.9","posted","Transit","Car & Transport","false","","regular","Chase Sapphire Reserve (9234)","","",""
"2025-10-19","DoorDash","17.78","posted","Food Delivery","Food & Drink","false","","regular","Amex Gold (3012)","","",""
"2025-10-19","Glamsquad","54.45","posted","Personal Care","Personal Care","false","","regular","Amex Gold (3012)","","",""
"2025-10-19","DoorDash","32.69","posted","Food Delivery","Food & Drink","false","","regular","Amex Gold (3012)","","",""
"2025-10-19","Bemelmans Bar","33.17","posted","Bars","Food & Drink","false","","regular","Chase Sapphire Reserve (9234)","","",""
"2025-10-19","West Elm","22.01","posted","General Shopping","Shopping","false","","regular","Chase Sapphire Reserve (9234)","","",""
"2025-10-20","Starbucks","7.32","posted","Cafés","Food & Drink","false","","regular","Amex Gold (3012)","","",""
"2025-10-20","DoorDash","12.75","posted","Food Delivery","Food & Drink","false","","regular","Amex Gold (3012)","","",""
"2025-10-20","DoorDash","14.93","posted","Food Delivery","Food & Drink","false","","regular","Amex Gold (3012)","","",""
"2025-10-20","DoorDash","17.1","posted","Food Delivery","Food & Drink","false","","regular","Amex Gold (3012)","","",""
"2025-10-20","Grubhub","11.03","posted","Food Delivery","Food & Drink","false","","regular","Amex Gold (3012)","","",""
"2025-10-20","PATH Tapp Paygo","3.0","posted","Transit","Car & Transport","false","","regular","Chase Sapphire Reserve (9234)","","",""
"2025-10-20","Venmo - Friend Split","21.86","posted","Venmo Social","","false","","regular","Venmo","","",""
"2025-10-20","Uber","59.65","posted","Rideshare","Car & Transport","false","","regular","Chase Sapphire Reserve (9234)","","",""
"2025-10-21","MTA*NYCT Paygo","2.9","posted","Transit","Car & Transport","false","","regular","Chase Sapphire Reserve (9234)","","",""
"2025-10-21","Equinox","270.91","posted","Gym Membership","","false","","regular","Chase Checking (5567)","","",""
"2025-10-21","Abraço","3.98","posted","Cafés","Food & Drink","false","","regular","Amex Gold (3012)","","",""
"2025-10-21","DoorDash","25.21","posted","Food Delivery","Food & Drink","false","","regular","Amex Gold (3012)","","",""
"2025-10-21","Blue Bottle Coffee","4.65","posted","Cafés","Food & Drink","false","","regular","Amex Gold (3012)","","",""
"2025-10-21","Sugarfish","156.67","posted","Restaurants","Food & Drink","false","","regular","Chase Sapphire Reserve (9234)","","",""
"2025-10-21","Gramercy Tavern","62.01","posted","Restaurants","Food & Drink","false","","regular","Chase Sapphire Reserve (9234)","","",""
"2025-10-21","Lyft","24.79","posted","Rideshare","Car & Transport","false","","regular","Chase Sapphire Reserve (9234)","","",""
"2025-10-22","Cote Korean Steakhouse","46.68","posted","Restaurants","Food & Drink","false","","regular","Chase Sapphire Reserve (9234)","","",""
"2025-10-22","Amex Payment - Gold Card","3239.09","posted","Credit Card Payment","","true","","internal transfer","Chase Checking (5567)","","",""
"2025-10-22","Misi","54.43","posted","Restaurants","Food & Drink","false","","regular","Chase Sapphire Reserve (9234)","","",""
"2025-10-23","Starbucks","10.93","posted","Cafés","Food & Drink","false","","regular","Amex Gold (3012)","","",""
"2025-10-23","Venmo - Friend Split","63.87","posted","Venmo Social","","false","","regular","Venmo","","",""
"2025-10-23","PATH Tapp Paygo","2.75","posted","Transit","Car & Transport","false","","regular","Chase Sapphire Reserve (9234)","","",""
"2025-10-23","Venmo - Dinner Split","88.9","posted","Venmo Social","","false","","regular","Venmo","","",""
"2025-10-23","DoorDash","21.51","posted","Food Delivery","Food & Drink","false","","regular","Amex Gold (3012)","","",""
"2025-10-24","Amazon","45.31","posted","General Shopping","Shopping","false","","regular","Chase Sapphire Reserve (9234)","","",""
"2025-10-24","MTA*NYCT Paygo","2.9","posted","Transit","Car & Transport","false","","regular","Chase Sapphire Reserve (9234)","","",""
"2025-10-24","Joe Coffee","21.91","posted","Cafés","Food & Drink","false","","regular","Amex Gold (3012)","","",""
"2025-10-24","PATH Tapp Paygo","2.9","posted","Transit","Car & Transport","false","","regular","Chase Sapphire Reserve (9234)","","",""
"2025-10-24","Maison Premiere","24.19","posted","Bars","Food & Drink","false","","regular","Chase Sapphire Reserve (9234)","","",""
"2025-10-25","Reformation","133.69","posted","Clothing","Shopping","false","","regular","Amex Gold (3012)","","",""
"2025-10-25","NYCT Paygo","3.0","posted","Transit","Car & Transport","false","","regular","Chase Sapphire Reserve (9234)","","",""
"2025-10-25","Peloton Studio","12.8","posted","Fitness Classes","","false","","regular","Chase Checking (5567)","","",""
"2025-10-25","NYCT Paygo","2.75","posted","Transit","Car & Transport","false","","regular","Chase Sapphire Reserve (9234)","","",""
"2025-10-25","Existing Conditions","6.06","posted","Bars","Food & Drink","false","","regular","Chase Sapphire Reserve (9234)","","",""
"2025-10-25","Clinton St. Baking","44.17","posted","Brunch","Food & Drink","false","","regular","Amex Gold (3012)","","",""
"2025-10-25","Mace","43.47","posted","Bars","Food & Drink","false","","regular","Chase Sapphire Reserve (9234)","","",""
"2025-10-25","DoorDash","9.93","posted","Food Delivery","Food & Drink","false","","regular","Amex Gold (3012)","","",""
"2025-10-25","Uber Eats","17.66","posted","Food Delivery","Food & Drink","false","","regular","Amex Gold (3012)","","",""
"2025-10-25","Seamless","23.8","posted","Food Delivery","Food & Drink","false","","regular","Amex Gold (3012)","","",""
"2025-10-26","Dudley's","27.98","posted","Brunch","Food & Drink","false","","regular","Amex Gold (3012)","","",""
"2025-10-26","DoorDash","28.38","posted","Food Delivery","Food & Drink","false","","regular","Amex Gold (3012)","","",""
"2025-10-26","Caviar","37.97","posted","Food Delivery","Food & Drink","false","","regular","Amex Gold (3012)","","",""
"2025-10-27","Uber","21.51","posted","Rideshare","Car & Transport","false","","regular","Chase Sapphire Reserve (9234)","","",""
"2025-10-27","Katana Kitten - Refund","-16.7","posted","Bars","Food & Drink","false","","regular","Chase Sapphire Reserve (9234)","","",""
"2025-10-27","DoorDash","31.82","posted","Food Delivery","Food & Drink","false","","regular","Amex Gold (3012)","","",""
"2025-10-28","Trader Joe's","31.29","posted","Groceries","Food & Drink","false","","regular","Amex Gold (3012)","","",""
"2025-10-28","DoorDash","25.25","posted","Food Delivery","Food & Drink","false","","regular","Amex Gold (3012)","","",""
"2025-10-28","Marcus by Goldman Sachs - Interest","-65.61","posted","Interest Income","","true","","income","Marcus Savings (8841)","","",""
"2025-10-28","MTA*NYCT Paygo","2.9","posted","Transit","Car & Transport","false","","regular","Chase Sapphire Reserve (9234)","","",""
"2025-10-28","NYCT Paygo","2.9","posted","Transit","Car & Transport","false","","regular","Chase Sapphire Reserve (9234)","","",""
"2025-10-28","DoorDash","30.41","posted","Food Delivery","Food & Drink","false","","regular","Amex Gold (3012)","","",""
"2025-10-28","Seamless","24.04","posted","Food Delivery","Food & Drink","false","","regular","Amex Gold (3012)","","",""
"2025-10-29","Blank Street Coffee","4.68","posted","Cafés","Food & Drink","false","","regular","Amex Gold (3012)","","",""
"2025-10-29","Starbucks","4.06","posted","Cafés","Food & Drink","false","","regular","Amex Gold (3012)","","",""
"2025-10-29","Abraço","4.48","posted","Cafés","Food & Drink","false","","regular","Amex Gold (3012)","","",""
"2025-10-29","Venmo - Brunch Split","96.39","posted","Venmo Social","","false","","regular","Venmo","","",""
"2025-10-30","Solidcore","21.47","posted","Fitness Classes","","false","","regular","Chase Checking (5567)","","",""
"2025-10-30","Lyft","6.8","posted","Rideshare","Car & Transport","false","","regular","Chase Sapphire Reserve (9234)","","",""
"2025-10-30","MTA*NYCT Paygo","2.9","posted","Transit","Car & Transport","false","","regular","Chase Sapphire Reserve (9234)","","",""
"2025-10-30","NYCT Paygo","2.75","posted","Transit","Car & Transport","false","","regular","Chase Sapphire Reserve (9234)","","",""
"2025-10-30","MTA*NYCT Paygo","2.75","posted","Transit","Car & Transport","false","","regular","Chase Sapphire Reserve (9234)","","",""
"2025-10-30","Blank Street Coffee","5.38","posted","Cafés","Food & Drink","false","","regular","Amex Gold (3012)","","",""
"2025-10-31","Transfer to Marcus Savings","2190.63","posted","Savings Transfer","","true","","internal transfer","Chase Checking (5567)","","",""
"2025-10-31","MTA*NYCT Paygo","2.9","posted","Transit","Car & Transport","false","","regular","Chase Sapphire Reserve (9234)","","",""
"2025-10-31","DoorDash","14.7","posted","Food Delivery","Food & Drink","false","","regular","Amex Gold (3012)","","",""
"2025-10-31","ADP Payroll - Direct Deposit","-4858.84","posted","Income","","true","","income","Chase Checking (5567)","","",""
"2025-10-31","Rumble Boxing","23.39","posted","Fitness Classes","","false","","regular","Chase Checking (5567)","","",""
"2025-10-31","Seamless","11.86","posted","Food Delivery","Food & Drink","false","","regular","Amex Gold (3012)","","",""
"2025-10-31","Uber Eats","34.8","posted","Food Delivery","Food & Drink","false","","regular","Amex Gold (3012)","","",""
"2025-11-01","Zelle - Landlord","3312.5","posted","Rent","","false","","regular","Chase Checking (5567)","","",""
"2025-11-01","Uber Eats","68.99","posted","Food Delivery","Food & Drink","false","","regular","Amex Gold (3012)","","",""
"2025-11-01","DoorDash","21.28","posted","Food Delivery","Food & Drink","false","","regular","Amex Gold (3012)","","",""
"2025-11-01","Barry's Bootcamp","25.2","posted","Fitness Classes","","false","","regular","Chase Checking (5567)","","",""
"2025-11-01","Sadelle's","36.28","posted","Brunch","Food & Drink","false","","regular","Amex Gold (3012)","","",""
"2025-11-01","Netflix","15.49","posted","Subscriptions","","false","","regular","Chase Checking (5567)","","",""
"2025-11-01","Sephora","15.0","posted","General Shopping","Shopping","false","","regular","Chase Sapphire Reserve (9234)","","",""
"2025-11-02","Bubby's","74.37","posted","Brunch","Food & Drink","false","","regular","Amex Gold (3012)","","",""
"2025-11-02","Trader Joe's","21.56","posted","Groceries","Food & Drink","false","","regular","Amex Gold (3012)","","",""
"2025-11-02","Seamless","12.61","posted","Food Delivery","Food & Drink","false","","regular","Amex Gold (3012)","","",""
"2025-11-03","Abraço","4.76","posted","Cafés","Food & Drink","false","","regular","Amex Gold (3012)","","",""
"2025-11-03","DoorDash","22.44","posted","Food Delivery","Food & Drink","false","","regular","Amex Gold (3012)","","",""
"2025-11-03","DoorDash","48.03","posted","Food Delivery","Food & Drink","false","","regular","Amex Gold (3012)","","",""
"2025-11-03","Uber Eats","40.92","posted","Food Delivery","Food & Drink","false","","regular","Amex Gold (3012)","","",""
"2025-11-03","Spotify","12.99","posted","Subscriptions","","false","","regular","Chase Checking (5567)","","",""
"2025-11-03","iCloud Storage","9.99","posted","Subscriptions","","false","","regular","Chase Checking (5567)","","",""
"2025-11-03","Venmo - Dinner Split","28.28","posted","Venmo Social","","false","","regular","Venmo","","",""
"2025-11-03","NYCT Paygo","2.9","posted","Transit","Car & Transport","false","","regular","Chase Sapphire Reserve (9234)","","",""
"2025-11-04","MTA*NYCT Paygo","3.0","posted","Transit","Car & Transport","false","","regular","Chase Sapphire Reserve (9234)","","",""
"2025-11-04","MTA*NYCT Paygo","2.9","posted","Transit","Car & Transport","false","","regular","Chase Sapphire Reserve (9234)","","",""
"2025-11-04","DoorDash","38.75","posted","Food Delivery","Food & Drink","false","","regular","Amex Gold (3012)","","",""
"2025-11-04","Joe Coffee","17.97","posted","Cafés","Food & Drink","false","","regular","Amex Gold (3012)","","",""
"2025-11-04","Grubhub","32.71","posted","Food Delivery","Food & Drink","false","","regular","Amex Gold (3012)","","",""
"2025-11-04","Uber Eats","20.83","posted","Food Delivery","Food & Drink","false","","regular","Amex Gold (3012)","","",""
"2025-11-04","Venmo - Dinner Split","41.26","posted","Venmo Social","","false","","regular","Venmo","","",""
"2025-11-04","La Colombe","3.66","posted","Cafés","Food & Drink","false","","regular","Amex Gold (3012)","","",""
"2025-11-05","Jack's Wife & Freda","62.43","posted","Brunch","Food & Drink","false","","regular","Amex Gold (3012)","","",""
"2025-11-05","NYCT Paygo","2.9","posted","Transit","Car & Transport","false","","regular","Chase Sapphire Reserve (9234)","","",""
"2025-11-05","DoorDash","18.14","posted","Food Delivery","Food & Drink","false","","regular","Amex Gold (3012)","","",""
"2025-11-05","Starbucks","5.89","posted","Cafés","Food & Drink","false","","regular","Amex Gold (3012)","","",""
"2025-11-05","Nail Salon","73.86","posted","Personal Care","Personal Care","false","","regular","Amex Gold (3012)","","",""
"2025-11-05","Grubhub","26.05","posted","Food Delivery","Food & Drink","false","","regular","Amex Gold (3012)","","",""
"2025-11-05","Apple One","17.99","posted","Subscriptions","","false","","regular","Chase Checking (5567)","","",""
"2025-11-05","ClassPass","14.99","posted","Subscriptions","","false","","regular","Chase Checking (5567)","","",""
"2025-11-06","Gristedes","11.94","posted","Groceries","Food & Drink","false","","regular","Amex Gold (3012)","","",""
"2025-11-06","Abraço","17.56","posted","Cafés","Food & Drink","false","","regular","Amex Gold (3012)","","",""
"2025-11-07","Seamless","34.75","posted","Food Delivery","Food & Drink","false","","regular","Amex Gold (3012)","","",""
"2025-11-07","Uber","23.21","posted","Rideshare","Car & Transport","false","","regular","Chase Sapphire Reserve (9234)","","",""
"2025-11-07","Uber Eats","18.33","posted","Food Delivery","Food & Drink","false","","regular","Amex Gold (3012)","","",""
"2025-11-07","NYCT Paygo","2.9","posted","Transit","Car & Transport","false","","regular","Chase Sapphire Reserve (9234)","","",""
"2025-11-08","Aritzia","140.85","posted","Clothing","Shopping","false","","regular","Amex Gold (3012)","","",""
"2025-11-08","Honest Burgers","28.17","posted","London Expenses","","false","","regular","Chase Sapphire Reserve (9234)","","",""
"2025-11-09","Uber Eats","38.25","posted","Food Delivery","Food & Drink","false","","regular","Amex Gold (3012)","","",""
"2025-11-09","Grubhub","12.63","posted","Food Delivery","Food & Drink","false","","regular","Amex Gold (3012)","","",""
"2025-11-09","Bubby's","31.96","posted","Brunch","Food & Drink","false","","regular","Amex Gold (3012)","","",""
"2025-11-09","DoorDash","25.37","posted","Food Delivery","Food & Drink","false","","regular","Amex Gold (3012)","","",""
"2025-11-09","Peloton Studio","17.75","posted","Fitness Classes","","false","","regular","Chase Checking (5567)","","",""
"2025-11-09","Uber Eats","16.77","posted","Food Delivery","Food & Drink","false","","regular","Amex Gold (3012)","","",""
"2025-11-09","Trader Joe's","25.7","posted","Groceries","Food & Drink","false","","regular","Amex Gold (3012)","","",""
"2025-11-09","Sephora","16.42","posted","General Shopping","Shopping","false","","regular","Chase Sapphire Reserve (9234)","","",""
"2025-11-10","Aire Ancient Baths","66.1","posted","Personal Care","Personal Care","false","","regular","Amex Gold (3012)","","",""
"2025-11-10","Seamless","18.52","posted","Food Delivery","Food & Drink","false","","regular","Amex Gold (3012)","","",""
"2025-11-10","DoorDash","27.44","posted","Food Delivery","Food & Drink","false","","regular","Amex Gold (3012)","","",""
"2025-11-10","PATH Tapp Paygo","2.9","posted","Transit","Car & Transport","false","","regular","Chase Sapphire Reserve (9234)","","",""
"2025-11-10","Grubhub","52.39","posted","Food Delivery","Food & Drink","false","","regular","Amex Gold (3012)","","",""
"2025-11-10","Chase CC Payment - Sapphire Reserve","1871.15","posted","Credit Card Payment","","true","","internal transfer","Chase Checking (5567)","","",""
"2025-11-10","Trader Joe's","26.0","posted","Groceries","Food & Drink","false","","regular","Amex Gold (3012)","","",""
"2025-11-11","Seamless","42.58","posted","Food Delivery","Food & Drink","false","","regular","Amex Gold (3012)","","",""
"2025-11-11","Blue Bottle Coffee","4.16","posted","Cafés","Food & Drink","false","","regular","Amex Gold (3012)","","",""
"2025-11-11","Westside Market","28.28","posted","Groceries","Food & Drink","false","","regular","Amex Gold (3012)","","",""
"2025-11-12","MTA*NYCT Paygo","2.75","posted","Transit","Car & Transport","false","","regular","Chase Sapphire Reserve (9234)","","",""
"2025-11-12","DoorDash","37.77","posted","Food Delivery","Food & Drink","false","","regular","Amex Gold (3012)","","",""
"2025-11-12","Seamless","17.51","posted","Food Delivery","Food & Drink","false","","regular","Amex Gold (3012)","","",""
"2025-11-12","DoorDash","11.92","posted","Food Delivery","Food & Drink","false","","regular","Amex Gold (3012)","","",""
"2025-11-12","Unknown","3312.5","posted","Rent","","false","","regular","Chase Checking (5567)","","",""
"2025-11-14","Transfer to Marcus Savings","1571.06","posted","Savings Transfer","","true","","internal transfer","Chase Checking (5567)","","",""
"2025-11-14","Blue Bottle Coffee","5.6","posted","Cafés","Food & Drink","false","","regular","Amex Gold (3012)","","",""
"2025-11-14","Dishoom","81.63","posted","London Expenses","","false","","regular","Chase Sapphire Reserve (9234)","","",""
"2025-11-14","ADP Payroll - Direct Deposit","-4907.15","posted","Income","","true","","income","Chase Checking (5567)","","",""
"2025-11-15","Sadelle's","20.69","posted","Brunch","Food & Drink","false","","regular","Amex Gold (3012)","","",""
"2025-11-15","Two Hands","45.78","posted","Brunch","Food & Drink","false","","regular","Amex Gold (3012)","","",""
"2025-11-15","PATH Tapp Paygo","2.9","posted","Transit","Car & Transport","false","","regular","Chase Sapphire Reserve (9234)","","",""
"2025-11-15","Reformation","73.92","posted","Clothing","Shopping","false","","regular","Amex Gold (3012)","","",""
"2025-11-16","Lilia","36.03","posted","Restaurants","Food & Drink","false","","regular","Chase Sapphire Reserve (9234)","","",""
"2025-11-16","Dante","25.44","posted","Bars","Food & Drink","false","","regular","Chase Sapphire Reserve (9234)","","",""
"2025-11-16","Uber Eats","28.89","posted","Food Delivery","Food & Drink","false","","regular","Amex Gold (3012)","","",""
"2025-11-16","Venmo - Dinner Split","16.99","posted","Venmo Social","","false","","regular","Venmo","","",""
"2025-11-16","NYCT Paygo","2.9","posted","Transit","Car & Transport","false","","regular","Chase Sapphire Reserve (9234)","","",""
"2025-11-16","Amazon","40.89","posted","General Shopping","Shopping","false","","regular","Chase Sapphire Reserve (9234)","","",""
"2025-11-16","Via Carota","39.17","posted","Restaurants","Food & Drink","false","","regular","Chase Sapphire Reserve (9234)","","",""
"2025-11-16","DoorDash","20.31","posted","Food Delivery","Food & Drink","false","","regular","Amex Gold (3012)","","",""
"2025-11-16","Seamless","18.01","posted","Food Delivery","Food & Drink","false","","regular","Amex Gold (3012)","","",""
"2025-11-16","Caviar","43.9","posted","Food Delivery","Food & Drink","false","","regular","Amex Gold (3012)","","",""
"2025-11-16","Uber Eats","70.54","posted","Food Delivery","Food & Drink","false","","regular","Amex Gold (3012)","","",""
"2025-11-17","PATH Tapp Paygo","2.9","posted","Transit","Car & Transport","false","","regular","Chase Sapphire Reserve (9234)","","",""
"2025-11-17","NYCT Paygo","2.9","posted","Transit","Car & Transport","false","","regular","Chase Sapphire Reserve (9234)","","",""
"2025-11-17","Chase CC Payment - Sapphire Reserve","2780.52","posted","Credit Card Payment","","true","","internal transfer","Chase Checking (5567)","","",""
"2025-11-17","Grubhub","26.52","posted","Food Delivery","Food & Drink","false","","regular","Amex Gold (3012)","","",""
"2025-11-17","Joe Coffee","4.79","posted","Cafés","Food & Drink","false","","regular","Amex Gold (3012)","","",""
"2025-11-18","European Wax Center","109.47","posted","Personal Care","Personal Care","false","","regular","Amex Gold (3012)","","",""
"2025-11-18","PATH Tapp Paygo","3.0","posted","Transit","Car & Transport","false","","regular","Chase Sapphire Reserve (9234)","","",""
"2025-11-18","Lyft","24.12","posted","Rideshare","Car & Transport","false","","regular","Chase Sapphire Reserve (9234)","","",""
"2025-11-18","Uber Eats","21.06","posted","Food Delivery","Food & Drink","false","","regular","Amex Gold (3012)","","",""
"2025-11-19","NYCT Paygo","2.75","posted","Transit","Car & Transport","false","","regular","Chase Sapphire Reserve (9234)","","",""
"2025-11-19","Trader Joe's","44.89","posted","Groceries","Food & Drink","false","","regular","Amex Gold (3012)","","",""
"2025-11-19","& Other Stories","15.7","posted","Clothing","Shopping","false","","regular","Amex Gold (3012)","","",""
"2025-11-19","DoorDash","44.69","posted","Food Delivery","Food & Drink","false","","regular","Amex Gold (3012)","","",""
"2025-11-19","Uber","14.36","posted","Rideshare","Car & Transport","false","","regular","Chase Sapphire Reserve (9234)","","",""
"2025-11-19","PATH Tapp Paygo","2.75","posted","Transit","Car & Transport","false","","regular","Chase Sapphire Reserve (9234)","","",""
"2025-11-19","Aire Ancient Baths","47.4","posted","Personal Care","Personal Care","false","","regular","Amex Gold (3012)","","",""
"2025-11-19","One Medical","29.36","posted","Healthcare","","false","","regular","Chase Checking (5567)","","",""
"2025-11-19","Uber Eats","19.02","posted","Food Delivery","Food & Drink","false","","regular","Amex Gold (3012)","","",""
"2025-11-19","MTA*NYCT Paygo","3.0","posted","Transit","Car & Transport","false","","regular","Chase Sapphire Reserve (9234)","","",""
"2025-11-20","Grubhub","21.37","posted","Food Delivery","Food & Drink","false","","regular","Amex Gold (3012)","","",""
"2025-11-20","MTA*NYCT Paygo","3.0","posted","Transit","Car & Transport","false","","regular","Chase Sapphire Reserve (9234)","","",""
"2025-11-20","MTA*NYCT Paygo","2.9","posted","Transit","Car & Transport","false","","regular","Chase Sapphire Reserve (9234)","","",""
"2025-11-20","Dishoom","40.87","posted","London Expenses","","false","","regular","Chase Sapphire Reserve (9234)","","",""
"2025-11-21","Heyday Facial","58.12","posted","Personal Care","Personal Care","false","","regular","Amex Gold (3012)","","",""
"2025-11-21","Seamless","11.14","posted","Food Delivery","Food & Drink","false","","regular","Amex Gold (3012)","","",""
"2025-11-21","Rumble Boxing","26.01","posted","Fitness Classes","","false","","regular","Chase Checking (5567)","","",""
"2025-11-21","Seamless","18.01","posted","Food Delivery","Food & Drink","false","","regular","Amex Gold (3012)","","",""
"2025-11-21","DoorDash","16.35","posted","Food Delivery","Food & Drink","false","","regular","Amex Gold (3012)","","",""
"2025-11-21","Seamless","13.99","posted","Food Delivery","Food & Drink","false","","regular","Amex Gold (3012)","","",""
"2025-11-21","NYCT Paygo","2.75","posted","Transit","Car & Transport","false","","regular","Chase Sapphire Reserve (9234)","","",""
"2025-11-22","Uber","10.02","posted","Rideshare","Car & Transport","false","","regular","Chase Sapphire Reserve (9234)","","",""
"2025-11-22","Sephora","18.57","posted","General Shopping","Shopping","false","","regular","Chase Sapphire Reserve (9234)","","",""
"2025-11-22","Lyft","24.84","posted","Rideshare","Car & Transport","false","","regular","Chase Sapphire Reserve (9234)","","",""
"2025-11-22","DoorDash","36.36","posted","Food Delivery","Food & Drink","false","","regular","Amex Gold (3012)","","",""
"2025-11-22","Clinton St. Baking","41.7","posted","Brunch","Food & Drink","false","","regular","Amex Gold (3012)","","",""
"2025-11-22","Bar Goto","21.55","posted","Bars","Food & Drink","false","","regular","Chase Sapphire Reserve (9234)","","",""
"2025-11-22","Bar Goto","15.11","posted","Bars","Food & Drink","false","","regular","Chase Sapphire Reserve (9234)","","",""
"2025-11-22","Tatiana","51.08","posted","Restaurants","Food & Drink","false","","regular","Chase Sapphire Reserve (9234)","","",""
"2025-11-23","Seamless","26.61","posted","Food Delivery","Food & Drink","false","","regular","Amex Gold (3012)","","",""
"2025-11-23","Clinton St. Baking","48.68","posted","Brunch","Food & Drink","false","","regular","Amex Gold (3012)","","",""
"2025-11-23","DoorDash","34.06","posted","Food Delivery","Food & Drink","false","","regular","Amex Gold (3012)","","",""
"2025-11-24","Devocion","4.21","posted","Cafés","Food & Drink","false","","regular","Amex Gold (3012)","","",""
"2025-11-24","DoorDash","32.57","posted","Food Delivery","Food & Drink","false","","regular","Amex Gold (3012)","","",""
"2025-11-24","Devocion","5.13","posted","Cafés","Food & Drink","false","","regular","Amex Gold (3012)","","",""
"2025-11-24","Misi","76.55","posted","Restaurants","Food & Drink","false","","regular","Chase Sapphire Reserve (9234)","","",""
"2025-11-25","Sadelle's","25.11","posted","Brunch","Food & Drink","false","","regular","Amex Gold (3012)","","",""
"2025-11-25","Amex Payment - Gold Card","2830.19","posted","Credit Card Payment","","true","","internal transfer","Chase Checking (5567)","","",""
"2025-11-25","DoorDash","21.89","posted","Food Delivery","Food & Drink","false","","regular","Amex Gold (3012)","","",""
"2025-11-25","Tatiana","12.47","posted","Restaurants","Food & Drink","false","","regular","Chase Sapphire Reserve (9234)","","",""
"2025-11-25","MTA*NYCT Paygo","2.9","posted","Transit","Car & Transport","false","","regular","Chase Sapphire Reserve (9234)","","",""
"2025-11-25","DoorDash","20.95","posted","Food Delivery","Food & Drink","false","","regular","Amex Gold (3012)","","",""
"2025-11-26","PATH Tapp Paygo","2.9","posted","Transit","Car & Transport","false","","regular","Chase Sapphire Reserve (9234)","","",""
"2025-11-26","Blue Bottle Coffee","6.54","posted","Cafés","Food & Drink","false","","regular","Amex Gold (3012)","","",""
"2025-11-26","Two Hands","43.19","posted","Brunch","Food & Drink","false","","regular","Amex Gold (3012)","","",""
"2025-11-26","Caviar","70.02","posted","Food Delivery","Food & Drink","false","","regular","Amex Gold (3012)","","",""
"2025-11-26","Grubhub","13.98","posted","Food Delivery","Food & Drink","false","","regular","Amex Gold (3012)","","",""
"2025-11-27","Café Mogador","48.11","posted","Brunch","Food & Drink","false","","regular","Amex Gold (3012)","","",""
"2025-11-27","DoorDash","25.36","posted","Food Delivery","Food & Drink","false","","regular","Amex Gold (3012)","","",""
"2025-11-27","DoorDash","8.65","posted","Food Delivery","Food & Drink","false","","regular","Amex Gold (3012)","","",""
"2025-11-27","Gregory's Coffee","14.4","posted","Cafés","Food & Drink","false","","regular","Amex Gold (3012)","","",""
"2025-11-27","Sephora","69.23","posted","General Shopping","Shopping","false","","regular","Chase Sapphire Reserve (9234)","","",""
"2025-11-27","DoorDash","33.48","posted","Food Delivery","Food & Drink","false","","regular","Amex Gold (3012)","","",""
"2025-11-27","Bemelmans Bar","27.08","posted","Bars","Food & Drink","false","","regular","Chase Sapphire Reserve (9234)","","",""
"2025-11-27","Seamless","91.88","posted","Food Delivery","Food & Drink","false","","regular","Amex Gold (3012)","","",""
"2025-11-28","NYCT Paygo","2.75","posted","Transit","Car & Transport","false","","regular","Chase Sapphire Reserve (9234)","","",""
"2025-11-28","Blue Bottle Coffee","5.34","posted","Cafés","Food & Drink","false","","regular","Amex Gold (3012)","","",""
"2025-11-28","Blue Bottle Coffee","5.63","posted","Cafés","Food & Drink","false","","regular","Amex Gold (3012)","","",""
"2025-11-28","PATH Tapp Paygo","3.0","posted","Transit","Car & Transport","false","","regular","Chase Sapphire Reserve (9234)","","",""
"2025-11-28","Marcus by Goldman Sachs - Interest","-43.49","posted","Interest Income","","true","","income","Marcus Savings (8841)","","",""
"2025-11-28","Transfer to Marcus Savings","1911.03","posted","Savings Transfer","","true","","internal transfer","Chase Checking (5567)","","",""
"2025-11-28","ADP Payroll - Direct Deposit","-4906.42","posted","Income","","true","","income","Chase Checking (5567)","","",""
"2025-11-28","NYCT Paygo","2.9","posted","Transit","Car & Transport","false","","regular","Chase Sapphire Reserve (9234)","","",""
"2025-11-29","Everlane","36.29","posted","Clothing","Shopping","false","","regular","Amex Gold (3012)","","",""
"2025-11-30","Equinox","278.93","posted","Gym Membership","","false","","regular","Chase Checking (5567)","","",""
"2025-11-30","Dudley's","22.76","posted","Brunch","Food & Drink","false","","regular","Amex Gold (3012)","","",""
"2025-11-30","Whole Foods Market","17.01","posted","Groceries","Food & Drink","false","","regular","Amex Gold (3012)","","",""
"2025-11-30","DoorDash","30.2","posted","Food Delivery","Food & Drink","false","","regular","Amex Gold (3012)","","",""
"2025-12-01","DoorDash","50.4","posted","Food Delivery","Food & Drink","false","","regular","Amex Gold (3012)","","",""
"2025-12-01","Zelle - Landlord","3318.75","posted","Rent","","false","","regular","Chase Checking (5567)","","",""
"2025-12-01","MTA*NYCT Paygo","2.9","posted","Transit","Car & Transport","false","","regular","Chase Sapphire Reserve (9234)","","",""
"2025-12-01","Trader Joe's","24.03","posted","Groceries","Food & Drink","false","","regular","Amex Gold (3012)","","",""
"2025-12-01","MTA*NYCT Paygo","3.0","posted","Transit","Car & Transport","false","","regular","Chase Sapphire Reserve (9234)","","",""
"2025-12-01","British Airways","634.08","posted","Flights","","false","","regular","Chase Sapphire Reserve (9234)","","",""
"2025-12-01","NYCT Paygo","3.0","posted","Transit","Car & Transport","false","","regular","Chase Sapphire Reserve (9234)","","",""
"2025-12-02","MTA*NYCT Paygo","2.9","posted","Transit","Car & Transport","false","","regular","Chase Sapphire Reserve (9234)","","",""
"2025-12-02","Spotify","12.99","posted","Subscriptions","","false","","regular","Chase Checking (5567)","","",""
"2025-12-02","Apple One","17.99","posted","Subscriptions","","false","","regular","Chase Checking (5567)","","",""
"2025-12-02","iCloud Storage","9.99","posted","Subscriptions","","false","","regular","Chase Checking (5567)","","",""
"2025-12-02","MTA*NYCT Paygo","2.9","posted","Transit","Car & Transport","false","","regular","Chase Sapphire Reserve (9234)","","",""
"2025-12-02","Venmo - Brunch Split","34.62","posted","Venmo Social","","false","","regular","Venmo","","",""
"2025-12-02","Venmo - Drinks Split","26.57","posted","Venmo Social","","false","","regular","Venmo","","",""
"2025-12-02","Bubby's","36.0","posted","Brunch","Food & Drink","false","","regular","Amex Gold (3012)","","",""
"2025-12-02","ClassPass","14.99","posted","Subscriptions","","false","","regular","Chase Checking (5567)","","",""
"2025-12-02","Jack's Wife & Freda","21.51","posted","Brunch","Food & Drink","false","","regular","Amex Gold (3012)","","",""
"2025-12-02","Uber Eats","34.91","posted","Food Delivery","Food & Drink","false","","regular","Amex Gold (3012)","","",""
"2025-12-02","DoorDash","22.1","posted","Food Delivery","Food & Drink","false","","regular","Amex Gold (3012)","","",""
"2025-12-03","Unknown","3318.75","posted","Rent","","false","","regular","Chase Checking (5567)","","",""
"2025-12-04","Starbucks","8.95","posted","Cafés","Food & Drink","false","","regular","Amex Gold (3012)","","",""
"2025-12-04","PATH Tapp Paygo - Refund","-3.0","posted","Transit","Car & Transport","false","","regular","Chase Sapphire Reserve (9234)","","",""
"2025-12-04","NYCT Paygo","2.9","posted","Transit","Car & Transport","false","","regular","Chase Sapphire Reserve (9234)","","",""
"2025-12-04","MTA*NYCT Paygo","2.9","posted","Transit","Car & Transport","false","","regular","Chase Sapphire Reserve (9234)","","",""
"2025-12-04","Venmo - Brunch Split","39.44","posted","Venmo Social","","false","","regular","Venmo","","",""
"2025-12-04","DoorDash","23.74","posted","Food Delivery","Food & Drink","false","","regular","Amex Gold (3012)","","",""
"2025-12-04","MTA*NYCT Paygo","2.75","posted","Transit","Car & Transport","false","","regular","Chase Sapphire Reserve (9234)","","",""
"2025-12-04","Dishoom","15.48","posted","London Expenses","","false","","regular","Chase Sapphire Reserve (9234)","","",""
"2025-12-04","Bodega","16.25","posted","Groceries","Food & Drink","false","","regular","Amex Gold (3012)","","",""
"2025-12-04","Grubhub","26.33","posted","Food Delivery","Food & Drink","false","","regular","Amex Gold (3012)","","",""
"2025-12-04","Gristedes","22.87","posted","Groceries","Food & Drink","false","","regular","Amex Gold (3012)","","",""
"2025-12-04","DoorDash","43.57","posted","Food Delivery","Food & Drink","false","","regular","Amex Gold (3012)","","",""
"2025-12-04","Le Crocodile","33.8","posted","Brunch","Food & Drink","false","","regular","Amex Gold (3012)","","",""
"2025-12-04","Devocion","23.84","posted","Cafés","Food & Drink","false","","regular","Amex Gold (3012)","","",""
"2025-12-05","Seamless","20.57","posted","Food Delivery","Food & Drink","false","","regular","Amex Gold (3012)","","",""
"2025-12-05","Blue Bottle Coffee","19.77","posted","Cafés","Food & Drink","false","","regular","Amex Gold (3012)","","",""
"2025-12-05","NYCT Paygo","2.9","posted","Transit","Car & Transport","false","","regular","Chase Sapphire Reserve (9234)","","",""
"2025-12-05","DoorDash","27.15","posted","Food Delivery","Food & Drink","false","","regular","Amex Gold (3012)","","",""
"2025-12-05","Blue Bottle Coffee","3.27","posted","Cafés","Food & Drink","false","","regular","Amex Gold (3012)","","",""
"2025-12-05","Starbucks","9.83","posted","Cafés","Food & Drink","false","","regular","Amex Gold (3012)","","",""
"2025-12-06","PATH Tapp Paygo","2.9","posted","Transit","Car & Transport","false","","regular","Chase Sapphire Reserve (9234)","","",""
"2025-12-06","Via","10.71","posted","Rideshare","Car & Transport","false","","regular","Chase Sapphire Reserve (9234)","","",""
"2025-12-06","DoorDash","17.23","posted","Food Delivery","Food & Drink","false","","regular","Amex Gold (3012)","","",""
"2025-12-06","Reformation","45.03","posted","Clothing","Shopping","false","","regular","Amex Gold (3012)","","",""
"2025-12-06","DoorDash","36.21","posted","Food Delivery","Food & Drink","false","","regular","Amex Gold (3012)","","",""
"2025-12-06","Caviar","16.57","posted","Food Delivery","Food & Drink","false","","regular","Amex Gold (3012)","","",""
"2025-12-07","Nike","74.95","posted","General Shopping","Shopping","false","","regular","Chase Sapphire Reserve (9234)","","",""
"2025-12-08","Starbucks","6.31","posted","Cafés","Food & Drink","false","","regular","Amex Gold (3012)","","",""
"2025-12-08","Netflix","15.49","posted","Subscriptions","","false","","regular","Chase Checking (5567)","","",""
"2025-12-08","Seamless","11.34","posted","Food Delivery","Food & Drink","false","","regular","Amex Gold (3012)","","",""
"2025-12-08","Uber Eats","16.68","posted","Food Delivery","Food & Drink","false","","regular","Amex Gold (3012)","","",""
"2025-12-08","Venmo - Uber Split","9.04","posted","Venmo Social","","false","","regular","Venmo","","",""
"2025-12-09","PATH Tapp Paygo","2.9","posted","Transit","Car & Transport","false","","regular","Chase Sapphire Reserve (9234)","","",""
"2025-12-09","Uber Eats","14.77","posted","Food Delivery","Food & Drink","false","","regular","Amex Gold (3012)","","",""
"2025-12-09","La Colombe","8.69","posted","Cafés","Food & Drink","false","","regular","Amex Gold (3012)","","",""
"2025-12-09","DoorDash","15.73","posted","Food Delivery","Food & Drink","false","","regular","Amex Gold (3012)","","",""
"2025-12-09","Chase CC Payment - Sapphire Reserve","2092.62","posted","Credit Card Payment","","true","","internal transfer","Chase Checking (5567)","","",""
"2025-12-09","DoorDash","22.95","posted","Food Delivery","Food & Drink","false","","regular","Amex Gold (3012)","","",""
"2025-12-09","Devocion","2.57","posted","Cafés","Food & Drink","false","","regular","Amex Gold (3012)","","",""
"2025-12-09","Uber Eats","16.31","posted","Food Delivery","Food & Drink","false","","regular","Amex Gold (3012)","","",""
"2025-12-10","DoorDash","30.27","posted","Food Delivery","Food & Drink","false","","regular","Amex Gold (3012)","","",""
"2025-12-11","NYCT Paygo","3.0","posted","Transit","Car & Transport","false","","regular","Chase Sapphire Reserve (9234)","","",""
"2025-12-11","Chase CC Payment - Sapphire Reserve","1947.67","posted","Credit Card Payment","","true","","internal transfer","Chase Checking (5567)","","",""
"2025-12-11","Uber Eats","16.78","posted","Food Delivery","Food & Drink","false","","regular","Amex Gold (3012)","","",""
"2025-12-11","Joe Coffee","8.35","posted","Cafés","Food & Drink","false","","regular","Amex Gold (3012)","","",""
"2025-12-11","NYCT Paygo","2.9","posted","Transit","Car & Transport","false","","regular","Chase Sapphire Reserve (9234)","","",""
"2025-12-12","Transfer to Marcus Savings","1570.22","posted","Savings Transfer","","true","","internal transfer","Chase Checking (5567)","","",""
"2025-12-12","NYCT Paygo","2.9","posted","Transit","Car & Transport","false","","regular","Chase Sapphire Reserve (9234)","","",""
"2025-12-12","DoorDash","28.61","posted","Food Delivery","Food & Drink","false","","regular","Amex Gold (3012)","","",""
"2025-12-12","Bar Goto","15.62","posted","Bars","Food & Drink","false","","regular","Chase Sapphire Reserve (9234)","","",""
"2025-12-12","ADP Payroll - Direct Deposit","-4980.08","posted","Income","","true","","income","Chase Checking (5567)","","",""
"2025-12-12","Unknown","3318.75","posted","Rent","","false","","regular","Chase Checking (5567)","","",""
"2025-12-13","Two Hands","48.68","posted","Brunch","Food & Drink","false","","regular","Amex Gold (3012)","","",""
"2025-12-13","Balthazar","24.56","posted","Brunch","Food & Drink","false","","regular","Amex Gold (3012)","","",""
"2025-12-13","Aritzia","46.47","posted","Clothing","Shopping","false","","regular","Amex Gold (3012)","","",""
"2025-12-13","DoorDash","73.45","posted","Food Delivery","Food & Drink","false","","regular","Amex Gold (3012)","","",""
"2025-12-13","Amazon","10.37","posted","General Shopping","Shopping","false","","regular","Chase Sapphire Reserve (9234)","","",""
"2025-12-14","AMC Theatres","11.23","posted","Entertainment","","false","","regular","Chase Sapphire Reserve (9234)","","",""
"2025-12-14","Glossier","21.62","posted","General Shopping","Shopping","false","","regular","Chase Sapphire Reserve (9234)","","",""
"2025-12-14","Olmsted","40.94","posted","Restaurants","Food & Drink","false","","regular","Chase Sapphire Reserve (9234)","","",""
"2025-12-14","Dhamaka","50.23","posted","Restaurants","Food & Drink","false","","regular","Chase Sapphire Reserve (9234)","","",""
"2025-12-15","NYCT Paygo","2.9","posted","Transit","Car & Transport","false","","regular","Chase Sapphire Reserve (9234)","","",""
"2025-12-15","DoorDash","71.02","posted","Food Delivery","Food & Drink","false","","regular","Amex Gold (3012)","","",""
"2025-12-15","Grubhub","14.27","posted","Food Delivery","Food & Drink","false","","regular","Amex Gold (3012)","","",""
"2025-12-15","MTA*NYCT Paygo","2.9","posted","Transit","Car & Transport","false","","regular","Chase Sapphire Reserve (9234)","","",""
"2025-12-15","Abraço","16.66","posted","Cafés","Food & Drink","false","","regular","Amex Gold (3012)","","",""
"2025-12-15","MTA*NYCT Paygo","3.0","posted","Transit","Car & Transport","false","","regular","Chase Sapphire Reserve (9234)","","",""
"2025-12-15","Trader Joe's","10.83","posted","Groceries","Food & Drink","false","","regular","Amex Gold (3012)","","",""
"2025-12-16","Estela","22.81","posted","Restaurants","Food & Drink","false","","regular","Chase Sapphire Reserve (9234)","","",""
"2025-12-16","PATH Tapp Paygo","2.9","posted","Transit","Car & Transport","false","","regular","Chase Sapphire Reserve (9234)","","",""
"2025-12-16","Grubhub","17.12","posted","Food Delivery","Food & Drink","false","","regular","Amex Gold (3012)","","",""
"2025-12-16","Blue Bottle Coffee","4.6","posted","Cafés","Food & Drink","false","","regular","Amex Gold (3012)","","",""
"2025-12-17","DoorDash","18.73","posted","Food Delivery","Food & Drink","false","","regular","Amex Gold (3012)","","",""
"2025-12-17","MTA*NYCT Paygo","3.0","posted","Transit","Car & Transport","false","","regular","Chase Sapphire Reserve (9234)","","",""
"2025-12-18","MTA*NYCT Paygo","2.9","posted","Transit","Car & Transport","false","","regular","Chase Sapphire Reserve (9234)","","",""
"2025-12-18","Devocion","4.85","posted","Cafés","Food & Drink","false","","regular","Amex Gold (3012)","","",""
"2025-12-18","PATH Tapp Paygo","3.0","posted","Transit","Car & Transport","false","","regular","Chase Sapphire Reserve (9234)","","",""
"2025-12-19","Blank Street Coffee","8.44","posted","Cafés","Food & Drink","false","","regular","Amex Gold (3012)","","",""
"2025-12-19","Glamsquad","106.34","posted","Personal Care","Personal Care","false","","regular","Amex Gold (3012)","","",""
"2025-12-19","DoorDash","33.7","posted","Food Delivery","Food & Drink","false","","regular","Amex Gold (3012)","","",""
"2025-12-19","DoorDash","16.85","posted","Food Delivery","Food & Drink","false","","regular","Amex Gold (3012)","","",""
"2025-12-19","Starbucks","2.56","posted","Cafés","Food & Drink","false","","regular","Amex Gold (3012)","","",""
"2025-12-19","Abraço","6.46","posted","Cafés","Food & Drink","false","","regular","Amex Gold (3012)","","",""
"2025-12-20","Amex Payment - Gold Card","2845.0","posted","Credit Card Payment","","true","","internal transfer","Chase Checking (5567)","","",""
"2025-12-20","Lyft","2.23","posted","Rideshare","Car & Transport","false","","regular","Chase Sapphire Reserve (9234)","","",""
"2025-12-20","DoorDash","22.47","posted","Food Delivery","Food & Drink","false","","regular","Amex Gold (3012)","","",""
"2025-12-20","Devocion - Refund","-4.85","posted","Cafés","Food & Drink","false","","regular","Amex Gold (3012)","","",""
"2025-12-20","Lilia","30.26","posted","Restaurants","Food & Drink","false","","regular","Chase Sapphire Reserve (9234)","","",""
"2025-12-20","Glossier","20.99","posted","General Shopping","Shopping","false","","regular","Chase Sapphire Reserve (9234)","","",""
"2025-12-20","Dudley's","39.9","posted","Brunch","Food & Drink","false","","regular","Amex Gold (3012)","","",""
"2025-12-20","DoorDash","9.83","posted","Food Delivery","Food & Drink","false","","regular","Amex Gold (3012)","","",""
"2025-12-20","Maison Premiere","14.84","posted","Bars","Food & Drink","false","","regular","Chase Sapphire Reserve (9234)","","",""
"2025-12-21","Sephora","21.41","posted","General Shopping","Shopping","false","","regular","Chase Sapphire Reserve (9234)","","",""
"2025-12-21","Whole Foods Market","38.65","posted","Groceries","Food & Drink","false","","regular","Amex Gold (3012)","","",""
"2025-12-21","Seamless","54.31","posted","Food Delivery","Food & Drink","false","","regular","Amex Gold (3012)","","",""
"2025-12-21","Uber Eats","25.14","posted","Food Delivery","Food & Drink","false","","regular","Amex Gold (3012)","","",""
"2025-12-21","Uber","7.56","posted","Rideshare","Car & Transport","false","","regular","Chase Sapphire Reserve (9234)","","",""
"2025-12-21","Everlane","43.24","posted","Clothing","Shopping","false","","regular","Amex Gold (3012)","","",""
"2025-12-21","DoorDash","16.39","posted","Food Delivery","Food & Drink","false","","regular","Amex Gold (3012)","","",""
"2025-12-22","Venmo - Dinner Split","27.8","posted","Venmo Social","","false","","regular","Venmo","","",""
"2025-12-22","Unknown","3318.75","posted","Rent","","false","","regular","Chase Checking (5567)","","",""
"2025-12-22","DoorDash","17.19","posted","Food Delivery","Food & Drink","false","","regular","Amex Gold (3012)","","",""
"2025-12-22","Glamsquad","48.51","posted","Personal Care","Personal Care","false","","regular","Amex Gold (3012)","","",""
"2025-12-23","MTA*NYCT Paygo","2.9","posted","Transit","Car & Transport","false","","regular","Chase Sapphire Reserve (9234)","","",""
"2025-12-23","NYCT Paygo","2.75","posted","Transit","Car & Transport","false","","regular","Chase Sapphire Reserve (9234)","","",""
"2025-12-23","MTA*NYCT Paygo","3.0","posted","Transit","Car & Transport","false","","regular","Chase Sapphire Reserve (9234)","","",""
"2025-12-23","Uber Eats","25.26","posted","Food Delivery","Food & Drink","false","","regular","Amex Gold (3012)","","",""
"2025-12-23","MTA*NYCT Paygo","2.75","posted","Transit","Car & Transport","false","","regular","Chase Sapphire Reserve (9234)","","",""
"2025-12-23","Uber Eats","19.34","posted","Food Delivery","Food & Drink","false","","regular","Amex Gold (3012)","","",""
"2025-12-23","Grubhub","19.38","posted","Food Delivery","Food & Drink","false","","regular","Amex Gold (3012)","","",""
"2025-12-24","Chase CC Payment - Sapphire Reserve","1353.63","posted","Credit Card Payment","","true","","internal transfer","Chase Checking (5567)","","",""
"2025-12-24","DoorDash","14.37","posted","Food Delivery","Food & Drink","false","","regular","Amex Gold (3012)","","",""
"2025-12-24","Grubhub","12.89","posted","Food Delivery","Food & Drink","false","","regular","Amex Gold (3012)","","",""
"2025-12-25","Uber Eats","14.26","posted","Food Delivery","Food & Drink","false","","regular","Amex Gold (3012)","","",""
"2025-12-25","DoorDash","51.23","posted","Food Delivery","Food & Drink","false","","regular","Amex Gold (3012)","","",""
"2025-12-25","MTA*NYCT Paygo","3.0","posted","Transit","Car & Transport","false","","regular","Chase Sapphire Reserve (9234)","","",""
"2025-12-25","Sugarfish","11.16","posted","Restaurants","Food & Drink","false","","regular","Chase Sapphire Reserve (9234)","","",""
"2025-12-25","Uber Eats","34.03","posted","Food Delivery","Food & Drink","false","","regular","Amex Gold (3012)","","",""
"2025-12-26","Joe Coffee","8.03","posted","Cafés","Food & Drink","false","","regular","Amex Gold (3012)","","",""
"2025-12-26","NYCT Paygo","2.9","posted","Transit","Car & Transport","false","","regular","Chase Sapphire Reserve (9234)","","",""
"2025-12-26","Grubhub","34.32","posted","Food Delivery","Food & Drink","false","","regular","Amex Gold (3012)","","",""
"2025-12-26","Blue Bottle Coffee","5.99","posted","Cafés","Food & Drink","false","","regular","Amex Gold (3012)","","",""
"2025-12-26","Transfer to Marcus Savings","1528.93","posted","Savings Transfer","","true","","internal transfer","Chase Checking (5567)","","",""
"2025-12-26","ADP Payroll - Direct Deposit","-4892.9","posted","Income","","true","","income","Chase Checking (5567)","","",""
"2025-12-27","DoorDash","9.82","posted","Food Delivery","Food & Drink","false","","regular","Amex Gold (3012)","","",""
"2025-12-27","DoorDash","16.57","posted","Food Delivery","Food & Drink","false","","regular","Amex Gold (3012)","","",""
"2025-12-27","Mace","47.57","posted","Bars","Food & Drink","false","","regular","Chase Sapphire Reserve (9234)","","",""
"2025-12-27","Amazon","61.71","posted","General Shopping","Shopping","false","","regular","Chase Sapphire Reserve (9234)","","",""
"2025-12-27","Aritzia","26.13","posted","Clothing","Shopping","false","","regular","Amex Gold (3012)","","",""
"2025-12-27","Bemelmans Bar","31.76","posted","Bars","Food & Drink","false","","regular","Chase Sapphire Reserve (9234)","","",""
"2025-12-27","Honest Burgers","30.77","posted","London Expenses","","false","","regular","Chase Sapphire Reserve (9234)","","",""
"2025-12-27","Uber Eats - Refund","-25.14","posted","Food Delivery","Food & Drink","false","","regular","Amex Gold (3012)","","",""
"2025-12-28","Reformation","54.64","posted","Clothing","Shopping","false","","regular","Amex Gold (3012)","","",""
"2025-12-28","Bodega","16.76","posted","Groceries","Food & Drink","false","","regular","Amex Gold (3012)","","",""
"2025-12-28","Marcus by Goldman Sachs - Interest","-47.35","posted","Interest Income","","true","","income","Marcus Savings (8841)","","",""
"2025-12-28","MTA*NYCT Paygo","3.0","posted","Transit","Car & Transport","false","","regular","Chase Sapphire Reserve (9234)","","",""
"2025-12-28","DoorDash","14.28","posted","Food Delivery","Food & Drink","false","","regular","Amex Gold (3012)","","",""
"2025-12-28","Via Carota","20.92","posted","Restaurants","Food & Drink","false","","regular","Chase Sapphire Reserve (9234)","","",""
"2025-12-29","The Musket Room","120.12","posted","Restaurants","Food & Drink","false","","regular","Chase Sapphire Reserve (9234)","","",""
"2025-12-29","Uber","11.38","posted","Rideshare","Car & Transport","false","","regular","Chase Sapphire Reserve (9234)","","",""
"2025-12-29","European Wax Center","59.11","posted","Personal Care","Personal Care","false","","regular","Amex Gold (3012)","","",""
"2025-12-29","Ruby's Cafe","38.85","posted","Brunch","Food & Drink","false","","regular","Amex Gold (3012)","","",""
"2025-12-29","La Colombe","24.38","posted","Cafés","Food & Drink","false","","regular","Amex Gold (3012)","","",""
"2025-12-29","Devocion","5.08","posted","Cafés","Food & Drink","false","","regular","Amex Gold (3012)","","",""
"2025-12-30","Seamless","31.63","posted","Food Delivery","Food & Drink","false","","regular","Amex Gold (3012)","","",""
"2025-12-30","Lyft","29.85","posted","Rideshare","Car & Transport","false","","regular","Chase Sapphire Reserve (9234)","","",""
"2025-12-30","Grubhub","41.02","posted","Food Delivery","Food & Drink","false","","regular","Amex Gold (3012)","","",""
"2025-12-30","Sugarfish","87.22","posted","Restaurants","Food & Drink","false","","regular","Chase Sapphire Reserve (9234)","","",""
"2025-12-30","Grubhub","22.0","posted","Food Delivery","Food & Drink","false","","regular","Amex Gold (3012)","","",""
"2025-12-31","Grubhub","20.71","posted","Food Delivery","Food & Drink","false","","regular","Amex Gold (3012)","","",""
"2025-12-31","Gregory's Coffee","2.5","posted","Cafés","Food & Drink","false","","regular","Amex Gold (3012)","","",""
"2025-12-31","Uber","41.84","posted","Rideshare","Car & Transport","false","","regular","Chase Sapphire Reserve (9234)","","",""
"2025-12-31","NYCT Paygo","3.0","posted","Transit","Car & Transport","false","","regular","Chase Sapphire Reserve (9234)","","",""
"2026-01-01","PATH Tapp Paygo","3.0","posted","Transit","Car & Transport","false","","regular","Chase Sapphire Reserve (9234)","","",""
"2026-01-01","MTA*NYCT Paygo","3.0","posted","Transit","Car & Transport","false","","regular","Chase Sapphire Reserve (9234)","","",""
"2026-01-01","Y7 Studio","38.94","posted","Fitness Classes","","false","","regular","Chase Checking (5567)","","",""
"2026-01-01","Zelle - Landlord","3325.0","posted","Rent","","false","","regular","Chase Checking (5567)","","",""
"2026-01-01","DoorDash","27.5","posted","Food Delivery","Food & Drink","false","","regular","Amex Gold (3012)","","",""
"2026-01-01","Uber Eats","50.92","posted","Food Delivery","Food & Drink","false","","regular","Amex Gold (3012)","","",""
"2026-01-01","Netflix","15.49","posted","Subscriptions","","false","","regular","Chase Checking (5567)","","",""
"2026-01-01","Apple One","17.99","posted","Subscriptions","","false","","regular","Chase Checking (5567)","","",""
"2026-01-01","DoorDash","34.44","posted","Food Delivery","Food & Drink","false","","regular","Amex Gold (3012)","","",""
"2026-01-01","ClassPass","14.99","posted","Subscriptions","","false","","regular","Chase Checking (5567)","","",""
"2026-01-02","Spotify","12.99","posted","Subscriptions","","false","","regular","Chase Checking (5567)","","",""
"2026-01-02","Starbucks","2.65","posted","Cafés","Food & Drink","false","","regular","Amex Gold (3012)","","",""
"2026-01-02","Grubhub","10.64","posted","Food Delivery","Food & Drink","false","","regular","Amex Gold (3012)","","",""
"2026-01-03","Equinox+","286.89","posted","Gym Membership","","false","","regular","Chase Checking (5567)","","",""
"2026-01-03","iCloud Storage","9.99","posted","Subscriptions","","false","","regular","Chase Checking (5567)","","",""
"2026-01-04","DoorDash","46.63","posted","Food Delivery","Food & Drink","false","","regular","Amex Gold (3012)","","",""
"2026-01-04","Joe Coffee","22.02","posted","Cafés","Food & Drink","false","","regular","Amex Gold (3012)","","",""
"2026-01-04","Sephora","37.57","posted","General Shopping","Shopping","false","","regular","Chase Sapphire Reserve (9234)","","",""
"2026-01-04","Dudley's","20.67","posted","Brunch","Food & Drink","false","","regular","Amex Gold (3012)","","",""
"2026-01-05","DoorDash","11.48","posted","Food Delivery","Food & Drink","false","","regular","Amex Gold (3012)","","",""
"2026-01-05","DoorDash","26.29","posted","Food Delivery","Food & Drink","false","","regular","Amex Gold (3012)","","",""
"2026-01-05","NYCT Paygo","2.9","posted","Transit","Car & Transport","false","","regular","Chase Sapphire Reserve (9234)","","",""
"2026-01-06","MTA*NYCT Paygo","2.9","posted","Transit","Car & Transport","false","","regular","Chase Sapphire Reserve (9234)","","",""
"2026-01-06","Starbucks","4.07","posted","Cafés","Food & Drink","false","","regular","Amex Gold (3012)","","",""
"2026-01-06","DoorDash","15.38","posted","Food Delivery","Food & Drink","false","","regular","Amex Gold (3012)","","",""
"2026-01-06","Starbucks","9.41","posted","Cafés","Food & Drink","false","","regular","Amex Gold (3012)","","",""
"2026-01-06","Blank Street Coffee","5.13","posted","Cafés","Food & Drink","false","","regular","Amex Gold (3012)","","",""
"2026-01-06","Unknown","3325.0","posted","Rent","","false","","regular","Chase Checking (5567)","","",""
"2026-01-07","MTA*NYCT Paygo","2.9","posted","Transit","Car & Transport","false","","regular","Chase Sapphire Reserve (9234)","","",""
"2026-01-07","DoorDash","38.72","posted","Food Delivery","Food & Drink","false","","regular","Amex Gold (3012)","","",""
"2026-01-07","NYCT Paygo","2.9","posted","Transit","Car & Transport","false","","regular","Chase Sapphire Reserve (9234)","","",""
"2026-01-08","Starbucks","5.84","posted","Cafés","Food & Drink","false","","regular","Amex Gold (3012)","","",""
"2026-01-08","SoulCycle","30.39","posted","Fitness Classes","","false","","regular","Chase Checking (5567)","","",""
"2026-01-09","NYCT Paygo","2.9","posted","Transit","Car & Transport","false","","regular","Chase Sapphire Reserve (9234)","","",""
"2026-01-09","DoorDash","19.5","posted","Food Delivery","Food & Drink","false","","regular","Amex Gold (3012)","","",""
"2026-01-09","Starbucks","7.0","posted","Cafés","Food & Drink","false","","regular","Amex Gold (3012)","","",""
"2026-01-09","PATH Tapp Paygo","2.9","posted","Transit","Car & Transport","false","","regular","Chase Sapphire Reserve (9234)","","",""
"2026-01-09","Seamless","23.53","posted","Food Delivery","Food & Drink","false","","regular","Amex Gold (3012)","","",""
"2026-01-09","ADP Payroll - Direct Deposit","-4953.34","posted","Income","","true","","income","Chase Checking (5567)","","",""
"2026-01-09","Transfer to Marcus Savings","1843.96","posted","Savings Transfer","","true","","internal transfer","Chase Checking (5567)","","",""
"2026-01-09","Chase CC Payment - Sapphire Reserve","2682.9","posted","Credit Card Payment","","true","","internal transfer","Chase Checking (5567)","","",""
"2026-01-09","Birch Coffee","8.64","posted","Cafés","Food & Drink","false","","regular","Amex Gold (3012)","","",""
"2026-01-10","Via Carota","175.71","posted","Restaurants","Food & Drink","false","","regular","Chase Sapphire Reserve (9234)","","",""
"2026-01-10","Uber Eats","9.98","posted","Food Delivery","Food & Drink","false","","regular","Amex Gold (3012)","","",""
"2026-01-10","Caviar","25.41","posted","Food Delivery","Food & Drink","false","","regular","Amex Gold (3012)","","",""
"2026-01-11","DoorDash","14.88","posted","Food Delivery","Food & Drink","false","","regular","Amex Gold (3012)","","",""
"2026-01-11","West Elm","32.61","posted","General Shopping","Shopping","false","","regular","Chase Sapphire Reserve (9234)","","",""
"2026-01-11","DoorDash","16.46","posted","Food Delivery","Food & Drink","false","","regular","Amex Gold (3012)","","",""
"2026-01-11","Nike","36.59","posted","General Shopping","Shopping","false","","regular","Chase Sapphire Reserve (9234)","","",""
"2026-01-11","Bubby's","29.55","posted","Brunch","Food & Drink","false","","regular","Amex Gold (3012)","","",""
"2026-01-11","Uber","6.46","posted","Rideshare","Car & Transport","false","","regular","Chase Sapphire Reserve (9234)","","",""
"2026-01-11","DoorDash","45.25","posted","Food Delivery","Food & Drink","false","","regular","Amex Gold (3012)","","",""
"2026-01-12","MTA*NYCT Paygo","2.9","posted","Transit","Car & Transport","false","","regular","Chase Sapphire Reserve (9234)","","",""
"2026-01-12","DoorDash","29.02","posted","Food Delivery","Food & Drink","false","","regular","Amex Gold (3012)","","",""
"2026-01-12","PATH Tapp Paygo","2.9","posted","Transit","Car & Transport","false","","regular","Chase Sapphire Reserve (9234)","","",""
"2026-01-12","MTA*NYCT Paygo","3.0","posted","Transit","Car & Transport","false","","regular","Chase Sapphire Reserve (9234)","","",""
"2026-01-13","DoorDash","35.81","posted","Food Delivery","Food & Drink","false","","regular","Amex Gold (3012)","","",""
"2026-01-13","DoorDash","21.67","posted","Food Delivery","Food & Drink","false","","regular","Amex Gold (3012)","","",""
"2026-01-13","NYCT Paygo","2.9","posted","Transit","Car & Transport","false","","regular","Chase Sapphire Reserve (9234)","","",""
"2026-01-13","DoorDash","18.22","posted","Food Delivery","Food & Drink","false","","regular","Amex Gold (3012)","","",""
"2026-01-13","Uber Eats","48.51","posted","Food Delivery","Food & Drink","false","","regular","Amex Gold (3012)","","",""
"2026-01-13","Grubhub","68.88","posted","Food Delivery","Food & Drink","false","","regular","Amex Gold (3012)","","",""
"2026-01-14","NYCT Paygo","2.9","posted","Transit","Car & Transport","false","","regular","Chase Sapphire Reserve (9234)","","",""
"2026-01-14","NYCT Paygo","2.9","posted","Transit","Car & Transport","false","","regular","Chase Sapphire Reserve (9234)","","",""
"2026-01-15","Blank Street Coffee - Refund","-5.13","posted","Cafés","Food & Drink","false","","regular","Amex Gold (3012)","","",""
"2026-01-16","PATH Tapp Paygo","2.9","posted","Transit","Car & Transport","false","","regular","Chase Sapphire Reserve (9234)","","",""
"2026-01-16","Uber Eats","43.91","posted","Food Delivery","Food & Drink","false","","regular","Amex Gold (3012)","","",""
"2026-01-17","Caviar","25.01","posted","Food Delivery","Food & Drink","false","","regular","Amex Gold (3012)","","",""
"2026-01-17","Dudley's","32.3","posted","Brunch","Food & Drink","false","","regular","Amex Gold (3012)","","",""
"2026-01-17","NYCT Paygo","3.0","posted","Transit","Car & Transport","false","","regular","Chase Sapphire Reserve (9234)","","",""
"2026-01-17","Dudley's","16.72","posted","Brunch","Food & Drink","false","","regular","Amex Gold (3012)","","",""
"2026-01-17","Chase CC Payment - Sapphire Reserve","1199.97","posted","Credit Card Payment","","true","","internal transfer","Chase Checking (5567)","","",""
"2026-01-18","The Met","8.37","posted","Entertainment","","false","","regular","Chase Sapphire Reserve (9234)","","",""
"2026-01-18","DoorDash","17.59","posted","Food Delivery","Food & Drink","false","","regular","Amex Gold (3012)","","",""
"2026-01-18","Uber Eats","30.66","posted","Food Delivery","Food & Drink","false","","regular","Amex Gold (3012)","","",""
"2026-01-19","Misi","29.11","posted","Restaurants","Food & Drink","false","","regular","Chase Sapphire Reserve (9234)","","",""
"2026-01-19","Joe Coffee","16.06","posted","Cafés","Food & Drink","false","","regular","Amex Gold (3012)","","",""
"2026-01-19","Trader Joe's","32.57","posted","Groceries","Food & Drink","false","","regular","Amex Gold (3012)","","",""
"2026-01-19","DoorDash","40.25","posted","Food Delivery","Food & Drink","false","","regular","Amex Gold (3012)","","",""
"2026-01-19","DoorDash","26.82","posted","Food Delivery","Food & Drink","false","","regular","Amex Gold (3012)","","",""
"2026-01-19","Lyft","11.79","posted","Rideshare","Car & Transport","false","","regular","Chase Sapphire Reserve (9234)","","",""
"2026-01-20","Flat Iron","41.97","posted","London Expenses","","false","","regular","Chase Sapphire Reserve (9234)","","",""
"2026-01-20","DoorDash","23.69","posted","Food Delivery","Food & Drink","false","","regular","Amex Gold (3012)","","",""
"2026-01-20","NYCT Paygo","3.0","posted","Transit","Car & Transport","false","","regular","Chase Sapphire Reserve (9234)","","",""
"2026-01-21","NYCT Paygo","3.0","posted","Transit","Car & Transport","false","","regular","Chase Sapphire Reserve (9234)","","",""
"2026-01-21","DoorDash","22.22","posted","Food Delivery","Food & Drink","false","","regular","Amex Gold (3012)","","",""
"2026-01-21","Abraço","11.29","posted","Cafés","Food & Drink","false","","regular","Amex Gold (3012)","","",""
"2026-01-21","Seamless","25.52","posted","Food Delivery","Food & Drink","false","","regular","Amex Gold (3012)","","",""
"2026-01-22","Sugarfish","58.84","posted","Restaurants","Food & Drink","false","","regular","Chase Sapphire Reserve (9234)","","",""
"2026-01-22","DoorDash","18.86","posted","Food Delivery","Food & Drink","false","","regular","Amex Gold (3012)","","",""
"2026-01-22","Uber","21.38","posted","Rideshare","Car & Transport","false","","regular","Chase Sapphire Reserve (9234)","","",""
"2026-01-22","Starbucks","4.82","posted","Cafés","Food & Drink","false","","regular","Amex Gold (3012)","","",""
"2026-01-22","Rumble Boxing","12.85","posted","Fitness Classes","","false","","regular","Chase Checking (5567)","","",""
"2026-01-22","NYCT Paygo","3.0","posted","Transit","Car & Transport","false","","regular","Chase Sapphire Reserve (9234)","","",""
"2026-01-22","DoorDash","31.01","posted","Food Delivery","Food & Drink","false","","regular","Amex Gold (3012)","","",""
"2026-01-22","Via","13.76","posted","Rideshare","Car & Transport","false","","regular","Chase Sapphire Reserve (9234)","","",""
"2026-01-22","La Colombe","2.65","posted","Cafés","Food & Drink","false","","regular","Amex Gold (3012)","","",""
"2026-01-23","Transfer to Marcus Savings","1781.32","posted","Savings Transfer","","true","","internal transfer","Chase Checking (5567)","","",""
"2026-01-23","Uber Eats","36.85","posted","Food Delivery","Food & Drink","false","","regular","Amex Gold (3012)","","",""
"2026-01-23","Amex Payment - Gold Card","2105.5","posted","Credit Card Payment","","true","","internal transfer","Chase Checking (5567)","","",""
"2026-01-23","ADP Payroll - Direct Deposit","-4995.53","posted","Income","","true","","income","Chase Checking (5567)","","",""
"2026-01-23","Chase CC Payment - Sapphire Reserve","2552.31","posted","Credit Card Payment","","true","","internal transfer","Chase Checking (5567)","","",""
"2026-01-23","PATH Tapp Paygo","2.9","posted","Transit","Car & Transport","false","","regular","Chase Sapphire Reserve (9234)","","",""
"2026-01-23","Starbucks","17.28","posted","Cafés","Food & Drink","false","","regular","Amex Gold (3012)","","",""
"2026-01-24","Nike","47.46","posted","General Shopping","Shopping","false","","regular","Chase Sapphire Reserve (9234)","","",""
"2026-01-24","Trader Joe's","24.84","posted","Groceries","Food & Drink","false","","regular","Amex Gold (3012)","","",""
"2026-01-25","Ruby's Cafe","25.81","posted","Brunch","Food & Drink","false","","regular","Amex Gold (3012)","","",""
"2026-01-25","Uber Eats","32.26","posted","Food Delivery","Food & Drink","false","","regular","Amex Gold (3012)","","",""
"2026-01-26","DoorDash","11.33","posted","Food Delivery","Food & Drink","false","","regular","Amex Gold (3012)","","",""
"2026-01-27","PATH Tapp Paygo","3.0","posted","Transit","Car & Transport","false","","regular","Chase Sapphire Reserve (9234)","","",""
"2026-01-27","The Ivy","31.48","posted","London Expenses","","false","","regular","Chase Sapphire Reserve (9234)","","",""
"2026-01-28","MTA*NYCT Paygo","2.9","posted","Transit","Car & Transport","false","","regular","Chase Sapphire Reserve (9234)","","",""
"2026-01-28","Uber Eats","37.5","posted","Food Delivery","Food & Drink","false","","regular","Amex Gold (3012)","","",""
"2026-01-28","Marcus by Goldman Sachs - Interest","-43.3","posted","Interest Income","","true","","income","Marcus Savings (8841)","","",""
"2026-01-28","Grubhub","30.34","posted","Food Delivery","Food & Drink","false","","regular","Amex Gold (3012)","","",""
"2026-01-28","Starbucks","8.26","posted","Cafés","Food & Drink","false","","regular","Amex Gold (3012)","","",""
"2026-01-28","Russ & Daughters Cafe","28.66","posted","Brunch","Food & Drink","false","","regular","Amex Gold (3012)","","",""
"2026-01-29","Uber Eats","8.99","posted","Food Delivery","Food & Drink","false","","regular","Amex Gold (3012)","","",""
"2026-01-29","Uber Eats","15.55","posted","Food Delivery","Food & Drink","false","","regular","Amex Gold (3012)","","",""
"2026-01-29","Devocion","7.15","posted","Cafés","Food & Drink","false","","regular","Amex Gold (3012)","","",""
"2026-01-30","Caviar","6.11","posted","Food Delivery","Food & Drink","false","","regular","Amex Gold (3012)","","",""
"2026-01-30","NYCT Paygo - Refund","-3.0","posted","Transit","Car & Transport","false","","regular","Chase Sapphire Reserve (9234)","","",""
"2026-01-30","Abraço","5.46","posted","Cafés","Food & Drink","false","","regular","Amex Gold (3012)","","",""
"2026-01-30","Seamless","31.91","posted","Food Delivery","Food & Drink","false","","regular","Amex Gold (3012)","","",""
"2026-01-30","Grubhub","30.28","posted","Food Delivery","Food & Drink","false","","regular","Amex Gold (3012)","","",""
"2026-01-30","MTA*NYCT Paygo","2.9","posted","Transit","Car & Transport","false","","regular","Chase Sapphire Reserve (9234)","","",""
"2026-01-30","Gristedes","24.86","posted","Groceries","Food & Drink","false","","regular","Amex Gold (3012)","","",""
"2026-01-30","Laser Wolf","15.88","posted","Restaurants","Food & Drink","false","","regular","Chase Sapphire Reserve (9234)","","",""
"2026-01-30","Abraço","4.22","posted","Cafés","Food & Drink","false","","regular","Amex Gold (3012)","","",""
"2026-01-31","Venmo - Friend Split","42.09","posted","Venmo Social","","false","","regular","Venmo","","",""
"2026-01-31","Joe Coffee","7.73","posted","Cafés","Food & Drink","false","","regular","Amex Gold (3012)","","",""
"2026-01-31","Trader Joe's","11.52","posted","Groceries","Food & Drink","false","","regular","Amex Gold (3012)","","",""
"2026-01-31","Lyft","40.54","posted","Rideshare","Car & Transport","false","","regular","Chase Sapphire Reserve (9234)","","",""
"2026-02-01","PATH Tapp Paygo","3.0","posted","Transit","Car & Transport","false","","regular","Chase Sapphire Reserve (9234)","","",""
"2026-02-01","Sadelle's","36.82","posted","Brunch","Food & Drink","false","","regular","Amex Gold (3012)","","",""
"2026-02-01","Zelle - Landlord","3331.25","posted","Rent","","false","","regular","Chase Checking (5567)","","",""
"2026-02-01","DoorDash","33.03","posted","Food Delivery","Food & Drink","false","","regular","Amex Gold (3012)","","",""
"2026-02-01","Caviar","32.93","posted","Food Delivery","Food & Drink","false","","regular","Amex Gold (3012)","","",""
"2026-02-01","iCloud Storage","9.99","posted","Subscriptions","","false","","regular","Chase Checking (5567)","","",""
"2026-02-01","Apple One","17.99","posted","Subscriptions","","false","","regular","Chase Checking (5567)","","",""
"2026-02-01","DoorDash","39.69","posted","Food Delivery","Food & Drink","false","","regular","Amex Gold (3012)","","",""
"2026-02-01","ClassPass","14.99","posted","Subscriptions","","false","","regular","Chase Checking (5567)","","",""
"2026-02-01","DoorDash","28.44","posted","Food Delivery","Food & Drink","false","","regular","Amex Gold (3012)","","",""
"2026-02-02","DoorDash","36.11","posted","Food Delivery","Food & Drink","false","","regular","Amex Gold (3012)","","",""
"2026-02-02","Spotify","12.99","posted","Subscriptions","","false","","regular","Chase Checking (5567)","","",""
"2026-02-02","Netflix","15.49","posted","Subscriptions","","false","","regular","Chase Checking (5567)","","",""
"2026-02-02","DoorDash","16.53","posted","Food Delivery","Food & Drink","false","","regular","Amex Gold (3012)","","",""
"2026-02-02","Gristedes","33.74","posted","Groceries","Food & Drink","false","","regular","Amex Gold (3012)","","",""
"2026-02-02","NYCT Paygo","2.9","posted","Transit","Car & Transport","false","","regular","Chase Sapphire Reserve (9234)","","",""
"2026-02-02","Starbucks","7.27","posted","Cafés","Food & Drink","false","","regular","Amex Gold (3012)","","",""
"2026-02-02","La Colombe","13.84","posted","Cafés","Food & Drink","false","","regular","Amex Gold (3012)","","",""
"2026-02-03","Equinox+","270.76","posted","Gym Membership","","false","","regular","Chase Checking (5567)","","",""
"2026-02-03","PATH Tapp Paygo","2.9","posted","Transit","Car & Transport","false","","regular","Chase Sapphire Reserve (9234)","","",""
"2026-02-03","Devocion","3.14","posted","Cafés","Food & Drink","false","","regular","Amex Gold (3012)","","",""
"2026-02-03","Abraço","17.67","posted","Cafés","Food & Drink","false","","regular","Amex Gold (3012)","","",""
"2026-02-04","Venmo - Friend Split","26.69","posted","Venmo Social","","false","","regular","Venmo","","",""
"2026-02-04","Cote Korean Steakhouse","76.99","posted","Restaurants","Food & Drink","false","","regular","Chase Sapphire Reserve (9234)","","",""
"2026-02-04","Uber Eats","18.5","posted","Food Delivery","Food & Drink","false","","regular","Amex Gold (3012)","","",""
"2026-02-04","Uber","51.16","posted","Rideshare","Car & Transport","false","","regular","Chase Sapphire Reserve (9234)","","",""
"2026-02-05","Nail Salon","21.27","posted","Personal Care","Personal Care","false","","regular","Amex Gold (3012)","","",""
"2026-02-05","Uber Eats - Refund","-37.5","posted","Food Delivery","Food & Drink","false","","regular","Amex Gold (3012)","","",""
"2026-02-05","Chase CC Payment - Sapphire Reserve","1523.09","posted","Credit Card Payment","","true","","internal transfer","Chase Checking (5567)","","",""
"2026-02-05","Grubhub","10.69","posted","Food Delivery","Food & Drink","false","","regular","Amex Gold (3012)","","",""
"2026-02-05","DoorDash","33.64","posted","Food Delivery","Food & Drink","false","","regular","Amex Gold (3012)","","",""
"2026-02-06","Transfer to Marcus Savings","1911.67","posted","Savings Transfer","","true","","internal transfer","Chase Checking (5567)","","",""
"2026-02-06","DoorDash","16.81","posted","Food Delivery","Food & Drink","false","","regular","Amex Gold (3012)","","",""
"2026-02-06","ADP Payroll - Direct Deposit","-4908.15","posted","Income","","true","","income","Chase Checking (5567)","","",""
"2026-02-07","Starbucks","4.98","posted","Cafés","Food & Drink","false","","regular","Amex Gold (3012)","","",""
"2026-02-07","Aritzia","42.89","posted","Clothing","Shopping","false","","regular","Amex Gold (3012)","","",""
"2026-02-07","Katana Kitten","25.14","posted","Bars","Food & Drink","false","","regular","Chase Sapphire Reserve (9234)","","",""
"2026-02-08","Bubby's","20.43","posted","Brunch","Food & Drink","false","","regular","Amex Gold (3012)","","",""
"2026-02-08","Clover Club","51.51","posted","Bars","Food & Drink","false","","regular","Chase Sapphire Reserve (9234)","","",""
"2026-02-08","Lululemon","99.34","posted","General Shopping","Shopping","false","","regular","Chase Sapphire Reserve (9234)","","",""
"2026-02-08","COS","83.28","posted","Clothing","Shopping","false","","regular","Amex Gold (3012)","","",""
"2026-02-09","Uber Eats","41.69","posted","Food Delivery","Food & Drink","false","","regular","Amex Gold (3012)","","",""
"2026-02-09","Bodega","16.95","posted","Groceries","Food & Drink","false","","regular","Amex Gold (3012)","","",""
"2026-02-09","NYCT Paygo","2.9","posted","Transit","Car & Transport","false","","regular","Chase Sapphire Reserve (9234)","","",""
"2026-02-09","Starbucks","20.53","posted","Cafés","Food & Drink","false","","regular","Amex Gold (3012)","","",""
"2026-02-10","NYCT Paygo","3.0","posted","Transit","Car & Transport","false","","regular","Chase Sapphire Reserve (9234)","","",""
"2026-02-10","Devocion","18.31","posted","Cafés","Food & Drink","false","","regular","Amex Gold (3012)","","",""
"2026-02-10","Grubhub","8.99","posted","Food Delivery","Food & Drink","false","","regular","Amex Gold (3012)","","",""
"2026-02-10","NYCT Paygo","3.0","posted","Transit","Car & Transport","false","","regular","Chase Sapphire Reserve (9234)","","",""
"2026-02-10","Blank Street Coffee","5.42","posted","Cafés","Food & Drink","false","","regular","Amex Gold (3012)","","",""
"2026-02-10","Sugarfish","48.92","posted","Restaurants","Food & Drink","false","","regular","Chase Sapphire Reserve (9234)","","",""
"2026-02-10","PATH Tapp Paygo","2.9","posted","Transit","Car & Transport","false","","regular","Chase Sapphire Reserve (9234)","","",""
"2026-02-11","DoorDash","31.56","posted","Food Delivery","Food & Drink","false","","regular","Amex Gold (3012)","","",""
"2026-02-11","Seamless","25.71","posted","Food Delivery","Food & Drink","false","","regular","Amex Gold (3012)","","",""
"2026-02-11","Unknown","3331.25","posted","Rent","","false","","regular","Chase Checking (5567)","","",""
"2026-02-11","DoorDash","25.71","posted","Food Delivery","Food & Drink","false","","regular","Amex Gold (3012)","","",""
"2026-02-12","DoorDash","13.05","posted","Food Delivery","Food & Drink","false","","regular","Amex Gold (3012)","","",""
"2026-02-12","Joe Coffee","17.35","posted","Cafés","Food & Drink","false","","regular","Amex Gold (3012)","","",""
"2026-02-12","Zara","89.81","posted","Clothing","Shopping","false","","regular","Amex Gold (3012)","","",""
"2026-02-12","Venmo - Uber Split","39.43","posted","Venmo Social","","false","","regular","Venmo","","",""
"2026-02-13","DoorDash","40.9","posted","Food Delivery","Food & Drink","false","","regular","Amex Gold (3012)","","",""
"2026-02-13","Sadelle's","32.47","posted","Brunch","Food & Drink","false","","regular","Amex Gold (3012)","","",""
"2026-02-13","Blue Bottle Coffee","4.08","posted","Cafés","Food & Drink","false","","regular","Amex Gold (3012)","","",""
"2026-02-13","Starbucks","24.63","posted","Cafés","Food & Drink","false","","regular","Amex Gold (3012)","","",""
"2026-02-13","Chase CC Payment - Sapphire Reserve","3108.1","posted","Credit Card Payment","","true","","internal transfer","Chase Checking (5567)","","",""
"2026-02-13","NYCT Paygo","2.9","posted","Transit","Car & Transport","false","","regular","Chase Sapphire Reserve (9234)","","",""
"2026-02-14","Amazon","41.15","posted","General Shopping","Shopping","false","","regular","Chase Sapphire Reserve (9234)","","",""
"2026-02-14","Gristedes","10.97","posted","Groceries","Food & Drink","false","","regular","Amex Gold (3012)","","",""
"2026-02-14","Uber","6.13","posted","Rideshare","Car & Transport","false","","regular","Chase Sapphire Reserve (9234)","","",""
"2026-02-14","Two Hands","32.3","posted","Brunch","Food & Drink","false","","regular","Amex Gold (3012)","","",""
"2026-02-14","Maison Premiere","54.74","posted","Bars","Food & Drink","false","","regular","Chase Sapphire Reserve (9234)","","",""
"2026-02-14","Dudley's","29.11","posted","Brunch","Food & Drink","false","","regular","Amex Gold (3012)","","",""
"2026-02-14","Two Hands","50.57","posted","Brunch","Food & Drink","false","","regular","Amex Gold (3012)","","",""
"2026-02-15","DoorDash","26.74","posted","Food Delivery","Food & Drink","false","","regular","Amex Gold (3012)","","",""
"2026-02-15","Grubhub","40.7","posted","Food Delivery","Food & Drink","false","","regular","Amex Gold (3012)","","",""
"2026-02-15","Trader Joe's","30.33","posted","Groceries","Food & Drink","false","","regular","Amex Gold (3012)","","",""
"2026-02-15","Uber Eats","26.86","posted","Food Delivery","Food & Drink","false","","regular","Amex Gold (3012)","","",""
"2026-02-15","Whole Foods Market","32.52","posted","Groceries","Food & Drink","false","","regular","Amex Gold (3012)","","",""
"2026-02-15","ADP Payroll - Annual Bonus","-9320.52","posted","Income","","true","","income","Chase Checking (5567)","","",""
"2026-02-15","Via","27.62","posted","Rideshare","Car & Transport","false","","regular","Chase Sapphire Reserve (9234)","","",""
"2026-02-16","Estela","55.94","posted","Restaurants","Food & Drink","false","","regular","Chase Sapphire Reserve (9234)","","",""
"2026-02-16","Seamless","10.91","posted","Food Delivery","Food & Drink","false","","regular","Amex Gold (3012)","","",""
"2026-02-16","NYCT Paygo","3.0","posted","Transit","Car & Transport","false","","regular","Chase Sapphire Reserve (9234)","","",""
"2026-02-16","DoorDash","26.42","posted","Food Delivery","Food & Drink","false","","regular","Amex Gold (3012)","","",""
"2026-02-17","Lululemon","42.87","posted","General Shopping","Shopping","false","","regular","Chase Sapphire Reserve (9234)","","",""
"2026-02-17","NYCT Paygo","3.0","posted","Transit","Car & Transport","false","","regular","Chase Sapphire Reserve (9234)","","",""
"2026-02-17","PATH Tapp Paygo","2.9","posted","Transit","Car & Transport","false","","regular","Chase Sapphire Reserve (9234)","","",""
"2026-02-17","NYCT Paygo","2.9","posted","Transit","Car & Transport","false","","regular","Chase Sapphire Reserve (9234)","","",""
"2026-02-17","Flat Iron","53.77","posted","London Expenses","","false","","regular","Chase Sapphire Reserve (9234)","","",""
"2026-02-17","DoorDash","10.25","posted","Food Delivery","Food & Drink","false","","regular","Amex Gold (3012)","","",""
"2026-02-17","NYCT Paygo","3.0","posted","Transit","Car & Transport","false","","regular","Chase Sapphire Reserve (9234)","","",""
"2026-02-17","One Medical","16.55","posted","Healthcare","","false","","regular","Chase Checking (5567)","","",""
"2026-02-18","Caviar","73.78","posted","Food Delivery","Food & Drink","false","","regular","Amex Gold (3012)","","",""
"2026-02-18","DoorDash","22.97","posted","Food Delivery","Food & Drink","false","","regular","Amex Gold (3012)","","",""
"2026-02-18","NYCT Paygo","3.0","posted","Transit","Car & Transport","false","","regular","Chase Sapphire Reserve (9234)","","",""
"2026-02-18","DoorDash","25.96","posted","Food Delivery","Food & Drink","false","","regular","Amex Gold (3012)","","",""
"2026-02-18","NYCT Paygo","2.75","posted","Transit","Car & Transport","false","","regular","Chase Sapphire Reserve (9234)","","",""
"2026-02-18","NYCT Paygo","2.9","posted","Transit","Car & Transport","false","","regular","Chase Sapphire Reserve (9234)","","",""
"2026-02-18","Caviar","23.45","posted","Food Delivery","Food & Drink","false","","regular","Amex Gold (3012)","","",""
"2026-02-18","NYCT Paygo","2.9","posted","Transit","Car & Transport","false","","regular","Chase Sapphire Reserve (9234)","","",""
"2026-02-18","Caviar","49.62","posted","Food Delivery","Food & Drink","false","","regular","Amex Gold (3012)","","",""
"2026-02-19","SoulCycle","33.0","posted","Fitness Classes","","false","","regular","Chase Checking (5567)","","",""
"2026-02-19","La Colombe","5.17","posted","Cafés","Food & Drink","false","","regular","Amex Gold (3012)","","",""
"2026-02-19","Uber Eats","18.42","posted","Food Delivery","Food & Drink","false","","regular","Amex Gold (3012)","","",""
"2026-02-19","COS","56.76","posted","Clothing","Shopping","false","","regular","Amex Gold (3012)","","",""
"2026-02-20","ADP Payroll - Direct Deposit","-4831.74","posted","Income","","true","","income","Chase Checking (5567)","","",""
"2026-02-20","DoorDash","24.18","posted","Food Delivery","Food & Drink","false","","regular","Amex Gold (3012)","","",""
"2026-02-20","DoorDash","9.63","posted","Food Delivery","Food & Drink","false","","regular","Amex Gold (3012)","","",""
"2026-02-20","Tatiana","38.63","posted","Restaurants","Food & Drink","false","","regular","Chase Sapphire Reserve (9234)","","",""
"2026-02-20","Seamless","23.19","posted","Food Delivery","Food & Drink","false","","regular","Amex Gold (3012)","","",""
"2026-02-20","Amazon","53.61","posted","General Shopping","Shopping","false","","regular","Chase Sapphire Reserve (9234)","","",""
"2026-02-20","Transfer to Marcus Savings","2102.83","posted","Savings Transfer","","true","","internal transfer","Chase Checking (5567)","","",""
"2026-02-20","Joe Coffee","5.02","posted","Cafés","Food & Drink","false","","regular","Amex Gold (3012)","","",""
"2026-02-20","The Met","6.54","posted","Entertainment","","false","","regular","Chase Sapphire Reserve (9234)","","",""
"2026-02-20","Heyday Facial","41.48","posted","Personal Care","Personal Care","false","","regular","Amex Gold (3012)","","",""
"2026-02-21","Sugarfish","55.98","posted","Restaurants","Food & Drink","false","","regular","Chase Sapphire Reserve (9234)","","",""
"2026-02-21","Diamond Reef","16.99","posted","Bars","Food & Drink","false","","regular","Chase Sapphire Reserve (9234)","","",""
"2026-02-21","DoorDash","25.89","posted","Food Delivery","Food & Drink","false","","regular","Amex Gold (3012)","","",""
"2026-02-21","DoorDash","34.02","posted","Food Delivery","Food & Drink","false","","regular","Amex Gold (3012)","","",""
"2026-02-21","Dudley's","25.87","posted","Brunch","Food & Drink","false","","regular","Amex Gold (3012)","","",""
"2026-02-22","DoorDash","41.8","posted","Food Delivery","Food & Drink","false","","regular","Amex Gold (3012)","","",""
"2026-02-22","Bubby's","51.64","posted","Brunch","Food & Drink","false","","regular","Amex Gold (3012)","","",""
"2026-02-22","Amex Payment - Gold Card","2796.33","posted","Credit Card Payment","","true","","internal transfer","Chase Checking (5567)","","",""
"2026-02-22","DoorDash","13.69","posted","Food Delivery","Food & Drink","false","","regular","Amex Gold (3012)","","",""
"2026-02-22","Broadway/Telecharge","32.38","posted","Entertainment","","false","","regular","Chase Sapphire Reserve (9234)","","",""
"2026-02-22","PATH Tapp Paygo","3.0","posted","Transit","Car & Transport","false","","regular","Chase Sapphire Reserve (9234)","","",""
"2026-02-23","DoorDash","109.74","posted","Food Delivery","Food & Drink","false","","regular","Amex Gold (3012)","","",""
"2026-02-24","Uber","32.06","posted","Rideshare","Car & Transport","false","","regular","Chase Sapphire Reserve (9234)","","",""
"2026-02-24","DoorDash","19.8","posted","Food Delivery","Food & Drink","false","","regular","Amex Gold (3012)","","",""
"2026-02-24","Grubhub","20.82","posted","Food Delivery","Food & Drink","false","","regular","Amex Gold (3012)","","",""
"2026-02-24","NYCT Paygo","3.0","posted","Transit","Car & Transport","false","","regular","Chase Sapphire Reserve (9234)","","",""
"2026-02-24","NYCT Paygo","2.9","posted","Transit","Car & Transport","false","","regular","Chase Sapphire Reserve (9234)","","",""
"2026-02-24","Starbucks","7.15","posted","Cafés","Food & Drink","false","","regular","Amex Gold (3012)","","",""
"2026-02-25","NYCT Paygo","2.9","posted","Transit","Car & Transport","false","","regular","Chase Sapphire Reserve (9234)","","",""
"2026-02-25","Trader Joe's","20.84","posted","Groceries","Food & Drink","false","","regular","Amex Gold (3012)","","",""
"2026-02-25","Via Carota","21.31","posted","Restaurants","Food & Drink","false","","regular","Chase Sapphire Reserve (9234)","","",""
"2026-02-25","TJ Maxx","37.65","posted","General Shopping","Shopping","false","","regular","Chase Sapphire Reserve (9234)","","",""
"2026-02-26","Uber","8.26","posted","Rideshare","Car & Transport","false","","regular","Chase Sapphire Reserve (9234)","","",""
"2026-02-26","The Ivy","20.79","posted","London Expenses","","false","","regular","Chase Sapphire Reserve (9234)","","",""
"2026-02-26","DoorDash","22.85","posted","Food Delivery","Food & Drink","false","","regular","Amex Gold (3012)","","",""
"2026-02-26","DoorDash","41.53","posted","Food Delivery","Food & Drink","false","","regular","Amex Gold (3012)","","",""
"2026-02-27","Starbucks","5.11","posted","Cafés","Food & Drink","false","","regular","Amex Gold (3012)","","",""
"2026-02-27","Seamless","35.22","posted","Food Delivery","Food & Drink","false","","regular","Amex Gold (3012)","","",""
"2026-02-27","PATH Tapp Paygo","3.0","posted","Transit","Car & Transport","false","","regular","Chase Sapphire Reserve (9234)","","",""
"2026-02-27","Uber Eats","26.61","posted","Food Delivery","Food & Drink","false","","regular","Amex Gold (3012)","","",""
"2026-02-27","Venmo - Friend Split","17.6","posted","Venmo Social","","false","","regular","Venmo","","",""
"2026-02-27","PATH Tapp Paygo","2.9","posted","Transit","Car & Transport","false","","regular","Chase Sapphire Reserve (9234)","","",""
"2026-02-27","Uber Eats","30.5","posted","Food Delivery","Food & Drink","false","","regular","Amex Gold (3012)","","",""
"2026-02-27","Glamsquad","133.69","posted","Personal Care","Personal Care","false","","regular","Amex Gold (3012)","","",""
"2026-02-28","Marcus by Goldman Sachs - Interest","-74.81","posted","Interest Income","","true","","income","Marcus Savings (8841)","","",""
"2026-02-28","Bemelmans Bar","28.02","posted","Bars","Food & Drink","false","","regular","Chase Sapphire Reserve (9234)","","",""
"2026-02-28","Egg Shop","24.36","posted","Brunch","Food & Drink","false","","regular","Amex Gold (3012)","","",""
"2026-02-28","DoorDash","95.41","posted","Food Delivery","Food & Drink","false","","regular","Amex Gold (3012)","","",""
"2026-02-28","Tatiana","37.32","posted","Restaurants","Food & Drink","false","","regular","Chase Sapphire Reserve (9234)","","",""
"2026-03-01","DoorDash","20.49","posted","Food Delivery","Food & Drink","false","","regular","Amex Gold (3012)","","",""
"2026-03-01","Bemelmans Bar","20.9","posted","Bars","Food & Drink","false","","regular","Chase Sapphire Reserve (9234)","","",""
"2026-03-01","Trader Joe's","30.99","posted","Groceries","Food & Drink","false","","regular","Amex Gold (3012)","","",""
"2026-03-01","Grubhub","37.24","posted","Food Delivery","Food & Drink","false","","regular","Amex Gold (3012)","","",""
"2026-03-01","Rumble Boxing","18.58","posted","Fitness Classes","","false","","regular","Chase Checking (5567)","","",""
"2026-03-01","Apple One","17.99","posted","Subscriptions","","false","","regular","Chase Checking (5567)","","",""
"2026-03-01","Zelle - Landlord","3337.5","posted","Rent","","false","","regular","Chase Checking (5567)","","",""
"2026-03-02","Netflix","15.49","posted","Subscriptions","","false","","regular","Chase Checking (5567)","","",""
"2026-03-02","iCloud Storage","9.99","posted","Subscriptions","","false","","regular","Chase Checking (5567)","","",""
"2026-03-02","ClassPass","14.99","posted","Subscriptions","","false","","regular","Chase Checking (5567)","","",""
"2026-03-02","DoorDash","51.23","posted","Food Delivery","Food & Drink","false","","regular","Amex Gold (3012)","","",""
"2026-03-02","NYCT Paygo - Refund","-2.9","posted","Transit","Car & Transport","false","","regular","Chase Sapphire Reserve (9234)","","",""
"2026-03-03","Gristedes","59.29","posted","Groceries","Food & Drink","false","","regular","Amex Gold (3012)","","",""
"2026-03-03","Joe Coffee","7.48","posted","Cafés","Food & Drink","false","","regular","Amex Gold (3012)","","",""
"2026-03-03","DoorDash","31.3","posted","Food Delivery","Food & Drink","false","","regular","Amex Gold (3012)","","",""
"2026-03-03","DoorDash","16.44","posted","Food Delivery","Food & Drink","false","","regular","Amex Gold (3012)","","",""
"2026-03-03","Blank Street Coffee","5.76","posted","Cafés","Food & Drink","false","","regular","Amex Gold (3012)","","",""
"2026-03-03","PATH Tapp Paygo","2.9","posted","Transit","Car & Transport","false","","regular","Chase Sapphire Reserve (9234)","","",""
"2026-03-03","Grubhub","39.77","posted","Food Delivery","Food & Drink","false","","regular","Amex Gold (3012)","","",""
"2026-03-03","Estela","49.64","posted","Restaurants","Food & Drink","false","","regular","Chase Sapphire Reserve (9234)","","",""
"2026-03-04","MTA*NYCT Paygo","2.75","posted","Transit","Car & Transport","false","","regular","Chase Sapphire Reserve (9234)","","",""
"2026-03-04","Lyft","21.67","posted","Rideshare","Car & Transport","false","","regular","Chase Sapphire Reserve (9234)","","",""
"2026-03-05","Seamless","43.51","posted","Food Delivery","Food & Drink","false","","regular","Amex Gold (3012)","","",""
"2026-03-05","Blank Street Coffee","6.04","posted","Cafés","Food & Drink","false","","regular","Amex Gold (3012)","","",""
"2026-03-05","Devocion","3.18","posted","Cafés","Food & Drink","false","","regular","Amex Gold (3012)","","",""
"2026-03-05","NYCT Paygo","3.0","posted","Transit","Car & Transport","false","","regular","Chase Sapphire Reserve (9234)","","",""
"2026-03-05","Spotify","12.99","posted","Subscriptions","","false","","regular","Chase Checking (5567)","","",""
"2026-03-06","Grubhub","14.76","posted","Food Delivery","Food & Drink","false","","regular","Amex Gold (3012)","","",""
"2026-03-06","Bubby's - Refund","-51.64","posted","Brunch","Food & Drink","false","","regular","Amex Gold (3012)","","",""
"2026-03-06","Transfer to Marcus Savings","1676.96","posted","Savings Transfer","","true","","internal transfer","Chase Checking (5567)","","",""
"2026-03-06","Grubhub","21.22","posted","Food Delivery","Food & Drink","false","","regular","Amex Gold (3012)","","",""
"2026-03-06","Olmsted","51.64","posted","Restaurants","Food & Drink","false","","regular","Chase Sapphire Reserve (9234)","","",""
"2026-03-06","ADP Payroll - Direct Deposit","-4949.41","posted","Income","","true","","income","Chase Checking (5567)","","",""
"2026-03-06","Seamless","21.46","posted","Food Delivery","Food & Drink","false","","regular","Amex Gold (3012)","","",""
"2026-03-06","DoorDash","31.8","posted","Food Delivery","Food & Drink","false","","regular","Amex Gold (3012)","","",""
"2026-03-07","NYCT Paygo","2.9","posted","Transit","Car & Transport","false","","regular","Chase Sapphire Reserve (9234)","","",""
"2026-03-07","DoorDash","15.14","posted","Food Delivery","Food & Drink","false","","regular","Amex Gold (3012)","","",""
"2026-03-07","DoorDash","28.52","posted","Food Delivery","Food & Drink","false","","regular","Amex Gold (3012)","","",""
"2026-03-07","Amazon","53.28","posted","General Shopping","Shopping","false","","regular","Chase Sapphire Reserve (9234)","","",""
"2026-03-07","Dishoom","32.92","posted","London Expenses","","false","","regular","Chase Sapphire Reserve (9234)","","",""
"2026-03-07","DoorDash","24.36","posted","Food Delivery","Food & Drink","false","","regular","Amex Gold (3012)","","",""
"2026-03-07","Sugarfish","52.22","posted","Restaurants","Food & Drink","false","","regular","Chase Sapphire Reserve (9234)","","",""
"2026-03-07","Dudley's","44.18","posted","Brunch","Food & Drink","false","","regular","Amex Gold (3012)","","",""
"2026-03-08","NYCT Paygo","2.9","posted","Transit","Car & Transport","false","","regular","Chase Sapphire Reserve (9234)","","",""
"2026-03-08","Russ & Daughters Cafe","42.32","posted","Brunch","Food & Drink","false","","regular","Amex Gold (3012)","","",""
"2026-03-08","Le Crocodile","36.12","posted","Brunch","Food & Drink","false","","regular","Amex Gold (3012)","","",""
"2026-03-08","Katana Kitten","9.28","posted","Bars","Food & Drink","false","","regular","Chase Sapphire Reserve (9234)","","",""
"2026-03-08","Seamless","47.58","posted","Food Delivery","Food & Drink","false","","regular","Amex Gold (3012)","","",""
"2026-03-08","Trader Joe's","21.46","posted","Groceries","Food & Drink","false","","regular","Amex Gold (3012)","","",""
"2026-03-09","Seamless","18.24","posted","Food Delivery","Food & Drink","false","","regular","Amex Gold (3012)","","",""
"2026-03-09","Clover Club","17.14","posted","Bars","Food & Drink","false","","regular","Chase Sapphire Reserve (9234)","","",""
"2026-03-09","PATH Tapp Paygo","2.9","posted","Transit","Car & Transport","false","","regular","Chase Sapphire Reserve (9234)","","",""
"2026-03-09","DoorDash","16.02","posted","Food Delivery","Food & Drink","false","","regular","Amex Gold (3012)","","",""
"2026-03-10","Abraço","2.5","posted","Cafés","Food & Drink","false","","regular","Amex Gold (3012)","","",""
"2026-03-10","DoorDash","30.54","posted","Food Delivery","Food & Drink","false","","regular","Amex Gold (3012)","","",""
"2026-03-10","Chase CC Payment - Sapphire Reserve","1029.86","posted","Credit Card Payment","","true","","internal transfer","Chase Checking (5567)","","",""
"2026-03-10","Uber Eats","27.67","posted","Food Delivery","Food & Drink","false","","regular","Amex Gold (3012)","","",""
"2026-03-11","Blank Street Coffee","6.25","posted","Cafés","Food & Drink","false","","regular","Amex Gold (3012)","","",""
"2026-03-11","Gristedes","25.32","posted","Groceries","Food & Drink","false","","regular","Amex Gold (3012)","","",""
"2026-03-11","DoorDash","16.24","posted","Food Delivery","Food & Drink","false","","regular","Amex Gold (3012)","","",""
"2026-03-12","Whole Foods Market","35.9","posted","Groceries","Food & Drink","false","","regular","Amex Gold (3012)","","",""
"2026-03-12","NYCT Paygo","3.0","posted","Transit","Car & Transport","false","","regular","Chase Sapphire Reserve (9234)","","",""
"2026-03-12","Starbucks","3.97","posted","Cafés","Food & Drink","false","","regular","Amex Gold (3012)","","",""
"2026-03-12","Uber Eats","28.31","posted","Food Delivery","Food & Drink","false","","regular","Amex Gold (3012)","","",""
"2026-03-12","MTA*NYCT Paygo","2.9","posted","Transit","Car & Transport","false","","regular","Chase Sapphire Reserve (9234)","","",""
"2026-03-12","Blue Bottle Coffee","2.93","posted","Cafés","Food & Drink","false","","regular","Amex Gold (3012)","","",""
"2026-03-13","Chase CC Payment - Sapphire Reserve","2907.52","posted","Credit Card Payment","","true","","internal transfer","Chase Checking (5567)","","",""
"2026-03-13","DoorDash","21.62","posted","Food Delivery","Food & Drink","false","","regular","Amex Gold (3012)","","",""
"2026-03-13","NYCT Paygo","2.9","posted","Transit","Car & Transport","false","","regular","Chase Sapphire Reserve (9234)","","",""
"2026-03-14","DoorDash","10.05","posted","Food Delivery","Food & Drink","false","","regular","Amex Gold (3012)","","",""
"2026-03-14","Dante","12.69","posted","Bars","Food & Drink","false","","regular","Chase Sapphire Reserve (9234)","","",""
"2026-03-14","Sephora","31.62","posted","General Shopping","Shopping","false","","regular","Chase Sapphire Reserve (9234)","","",""
"2026-03-14","Uber Eats","101.29","posted","Food Delivery","Food & Drink","false","","regular","Amex Gold (3012)","","",""
"2026-03-14","Abercrombie & Fitch","22.11","posted","Clothing","Shopping","false","","regular","Amex Gold (3012)","","",""
"2026-03-14","Egg Shop","75.79","posted","Brunch","Food & Drink","false","","regular","Amex Gold (3012)","","",""
"2026-03-14","Glossier","28.03","posted","General Shopping","Shopping","false","","regular","Chase Sapphire Reserve (9234)","","",""
"2026-03-15","Y7 Studio","25.67","posted","Fitness Classes","","false","","regular","Chase Checking (5567)","","",""
"2026-03-15","Starbucks","12.72","posted","Cafés","Food & Drink","false","","regular","Amex Gold (3012)","","",""
"2026-03-15","Maman","42.97","posted","Brunch","Food & Drink","false","","regular","Amex Gold (3012)","","",""
"2026-03-15","DoorDash","37.52","posted","Food Delivery","Food & Drink","false","","regular","Amex Gold (3012)","","",""
"2026-03-16","DoorDash","20.62","posted","Food Delivery","Food & Drink","false","","regular","Amex Gold (3012)","","",""
"2026-03-16","Uber Eats","12.67","posted","Food Delivery","Food & Drink","false","","regular","Amex Gold (3012)","","",""
"2026-03-16","Uber Eats","63.38","posted","Food Delivery","Food & Drink","false","","regular","Amex Gold (3012)","","",""
"2026-03-16","Venmo - Friend Split","14.62","posted","Venmo Social","","false","","regular","Venmo","","",""
"2026-03-16","MTA*NYCT Paygo","2.9","posted","Transit","Car & Transport","false","","regular","Chase Sapphire Reserve (9234)","","",""
"2026-03-16","Misi","63.75","posted","Restaurants","Food & Drink","false","","regular","Chase Sapphire Reserve (9234)","","",""
"2026-03-16","Estela","92.3","posted","Restaurants","Food & Drink","false","","regular","Chase Sapphire Reserve (9234)","","",""
"2026-03-17","Blue Bottle Coffee","20.27","posted","Cafés","Food & Drink","false","","regular","Amex Gold (3012)","","",""
"2026-03-17","MTA*NYCT Paygo","2.9","posted","Transit","Car & Transport","false","","regular","Chase Sapphire Reserve (9234)","","",""
"2026-03-17","NYCT Paygo","2.9","posted","Transit","Car & Transport","false","","regular","Chase Sapphire Reserve (9234)","","",""
"2026-03-17","MTA*NYCT Paygo","2.75","posted","Transit","Car & Transport","false","","regular","Chase Sapphire Reserve (9234)","","",""
"2026-03-17","NYCT Paygo","2.9","posted","Transit","Car & Transport","false","","regular","Chase Sapphire Reserve (9234)","","",""
"2026-03-17","NYCT Paygo","2.75","posted","Transit","Car & Transport","false","","regular","Chase Sapphire Reserve (9234)","","",""
"2026-03-17","Whole Foods Market","27.12","posted","Groceries","Food & Drink","false","","regular","Amex Gold (3012)","","",""
"2026-03-18","Seamless","21.43","posted","Food Delivery","Food & Drink","false","","regular","Amex Gold (3012)","","",""
"2026-03-18","La Colombe","2.5","posted","Cafés","Food & Drink","false","","regular","Amex Gold (3012)","","",""
"2026-03-18","Altro Paradiso","57.7","posted","Restaurants","Food & Drink","false","","regular","Chase Sapphire Reserve (9234)","","",""
"2026-03-18","NYCT Paygo","2.9","posted","Transit","Car & Transport","false","","regular","Chase Sapphire Reserve (9234)","","",""
"2026-03-19","MTA*NYCT Paygo","3.0","posted","Transit","Car & Transport","false","","regular","Chase Sapphire Reserve (9234)","","",""
"2026-03-19","DoorDash","29.06","posted","Food Delivery","Food & Drink","false","","regular","Amex Gold (3012)","","",""
"2026-03-19","Jack's Wife & Freda","19.54","posted","Brunch","Food & Drink","false","","regular","Amex Gold (3012)","","",""
"2026-03-19","NYCT Paygo","2.9","posted","Transit","Car & Transport","false","","regular","Chase Sapphire Reserve (9234)","","",""
"2026-03-19","NYCT Paygo","3.0","posted","Transit","Car & Transport","false","","regular","Chase Sapphire Reserve (9234)","","",""
"2026-03-20","DoorDash","38.97","posted","Food Delivery","Food & Drink","false","","regular","Amex Gold (3012)","","",""
"2026-03-20","Caviar","35.91","posted","Food Delivery","Food & Drink","false","","regular","Amex Gold (3012)","","",""
"2026-03-20","ADP Payroll - Direct Deposit","-5074.65","posted","Income","","true","","income","Chase Checking (5567)","","",""
"2026-03-20","Grubhub","22.46","posted","Food Delivery","Food & Drink","false","","regular","Amex Gold (3012)","","",""
"2026-03-20","Grubhub","28.76","posted","Food Delivery","Food & Drink","false","","regular","Amex Gold (3012)","","",""
"2026-03-20","Transfer to Marcus Savings","2171.13","posted","Savings Transfer","","true","","internal transfer","Chase Checking (5567)","","",""
"2026-03-20","PATH Tapp Paygo","2.75","posted","Transit","Car & Transport","false","","regular","Chase Sapphire Reserve (9234)","","",""
"2026-03-20","One Medical","39.39","posted","Healthcare","","false","","regular","Chase Checking (5567)","","",""
"2026-03-20","Glossier","47.15","posted","General Shopping","Shopping","false","","regular","Chase Sapphire Reserve (9234)","","",""
"2026-03-21","Caviar","16.53","posted","Food Delivery","Food & Drink","false","","regular","Amex Gold (3012)","","",""
"2026-03-21","Lyft","15.8","posted","Rideshare","Car & Transport","false","","regular","Chase Sapphire Reserve (9234)","","",""
"2026-03-21","DoorDash","16.58","posted","Food Delivery","Food & Drink","false","","regular","Amex Gold (3012)","","",""
"2026-03-22","Two Hands","56.64","posted","Brunch","Food & Drink","false","","regular","Amex Gold (3012)","","",""
"2026-03-22","DoorDash","32.02","posted","Food Delivery","Food & Drink","false","","regular","Amex Gold (3012)","","",""
"2026-03-22","AMC Theatres","15.88","posted","Entertainment","","false","","regular","Chase Sapphire Reserve (9234)","","",""
"2026-03-22","Westside Market","59.35","posted","Groceries","Food & Drink","false","","regular","Amex Gold (3012)","","",""
"2026-03-23","MTA*NYCT Paygo","2.9","posted","Transit","Car & Transport","false","","regular","Chase Sapphire Reserve (9234)","","",""
"2026-03-23","NYCT Paygo","3.0","posted","Transit","Car & Transport","false","","regular","Chase Sapphire Reserve (9234)","","",""
"2026-03-23","MTA*NYCT Paygo","2.9","posted","Transit","Car & Transport","false","","regular","Chase Sapphire Reserve (9234)","","",""
"2026-03-23","DoorDash","27.78","posted","Food Delivery","Food & Drink","false","","regular","Amex Gold (3012)","","",""
"2026-03-23","DoorDash","57.43","posted","Food Delivery","Food & Drink","false","","regular","Amex Gold (3012)","","",""
"2026-03-23","Unknown","3337.5","posted","Rent","","false","","regular","Chase Checking (5567)","","",""
"2026-03-23","Heyday Facial","67.37","posted","Personal Care","Personal Care","false","","regular","Amex Gold (3012)","","",""
"2026-03-24","PATH Tapp Paygo","3.0","posted","Transit","Car & Transport","false","","regular","Chase Sapphire Reserve (9234)","","",""
"2026-03-24","Chase CC Payment - Sapphire Reserve","1851.74","posted","Credit Card Payment","","true","","internal transfer","Chase Checking (5567)","","",""
"2026-03-24","British Airways","692.42","posted","Flights","","false","","regular","Chase Sapphire Reserve (9234)","","",""
"2026-03-24","La Colombe","8.12","posted","Cafés","Food & Drink","false","","regular","Amex Gold (3012)","","",""
"2026-03-24","Altro Paradiso","44.72","posted","Restaurants","Food & Drink","false","","regular","Chase Sapphire Reserve (9234)","","",""
"2026-03-25","Via","18.76","posted","Rideshare","Car & Transport","false","","regular","Chase Sapphire Reserve (9234)","","",""
"2026-03-25","MTA*NYCT Paygo","2.9","posted","Transit","Car & Transport","false","","regular","Chase Sapphire Reserve (9234)","","",""
"2026-03-25","NYCT Paygo","3.0","posted","Transit","Car & Transport","false","","regular","Chase Sapphire Reserve (9234)","","",""
"2026-03-25","NYCT Paygo","3.0","posted","Transit","Car & Transport","false","","regular","Chase Sapphire Reserve (9234)","","",""
"2026-03-26","DoorDash","20.62","posted","Food Delivery","Food & Drink","false","","regular","Amex Gold (3012)","","",""
"2026-03-26","DoorDash","35.08","posted","Food Delivery","Food & Drink","false","","regular","Amex Gold (3012)","","",""
"2026-03-26","DoorDash","144.73","posted","Food Delivery","Food & Drink","false","","regular","Amex Gold (3012)","","",""
"2026-03-27","Raines Law Room","14.13","posted","Bars","Food & Drink","false","","regular","Chase Sapphire Reserve (9234)","","",""
"2026-03-27","DoorDash","33.95","posted","Food Delivery","Food & Drink","false","","regular","Amex Gold (3012)","","",""
"2026-03-27","Uber Eats","22.83","posted","Food Delivery","Food & Drink","false","","regular","Amex Gold (3012)","","",""
"2026-03-27","Blue Bottle Coffee","4.32","posted","Cafés","Food & Drink","false","","regular","Amex Gold (3012)","","",""
"2026-03-27","Uber Eats","30.94","posted","Food Delivery","Food & Drink","false","","regular","Amex Gold (3012)","","",""
"2026-03-27","Dante - Refund","-12.69","posted","Bars","Food & Drink","false","","regular","Chase Sapphire Reserve (9234)","","",""
"2026-03-28","Bar Goto","18.26","posted","Bars","Food & Drink","false","","regular","Chase Sapphire Reserve (9234)","","",""
"2026-03-28","Venmo - Brunch Split","14.84","posted","Venmo Social","","false","","regular","Venmo","","",""
"2026-03-28","Broadway/Telecharge","36.41","posted","Entertainment","","false","","regular","Chase Sapphire Reserve (9234)","","",""
"2026-03-28","NYCT Paygo","2.75","posted","Transit","Car & Transport","false","","regular","Chase Sapphire Reserve (9234)","","",""
"2026-03-28","Amex Payment - Gold Card","4464.11","posted","Credit Card Payment","","true","","internal transfer","Chase Checking (5567)","","",""
"2026-03-28","DoorDash","19.74","posted","Food Delivery","Food & Drink","false","","regular","Amex Gold (3012)","","",""
"2026-03-28","Marcus by Goldman Sachs - Interest","-51.16","posted","Interest Income","","true","","income","Marcus Savings (8841)","","",""
"2026-03-28","DoorDash","11.86","posted","Food Delivery","Food & Drink","false","","regular","Amex Gold (3012)","","",""
"2026-03-28","DoorDash","33.71","posted","Food Delivery","Food & Drink","false","","regular","Amex Gold (3012)","","",""
"2026-03-28","DoorDash","32.75","posted","Food Delivery","Food & Drink","false","","regular","Amex Gold (3012)","","",""
"2026-03-28","La Colombe","5.72","posted","Cafés","Food & Drink","false","","regular","Amex Gold (3012)","","",""
"2026-03-28","Nike","24.91","posted","General Shopping","Shopping","false","","regular","Chase Sapphire Reserve (9234)","","",""
"2026-03-29","Venmo - Dinner Split","47.08","posted","Venmo Social","","false","","regular","Venmo","","",""
"2026-03-29","Y7 Studio","20.13","posted","Fitness Classes","","false","","regular","Chase Checking (5567)","","",""
"2026-03-29","DoorDash","78.16","posted","Food Delivery","Food & Drink","false","","regular","Amex Gold (3012)","","",""
"2026-03-29","Seamless","43.24","posted","Food Delivery","Food & Drink","false","","regular","Amex Gold (3012)","","",""
"2026-03-29","The Ivy","32.03","posted","London Expenses","","false","","regular","Chase Sapphire Reserve (9234)","","",""
"2026-03-29","Gristedes","25.36","posted","Groceries","Food & Drink","false","","regular","Amex Gold (3012)","","",""
"2026-03-29","Uber Eats","61.89","posted","Food Delivery","Food & Drink","false","","regular","Amex Gold (3012)","","",""
"2026-03-29","European Wax Center","68.13","posted","Personal Care","Personal Care","false","","regular","Amex Gold (3012)","","",""
"2026-03-30","NYCT Paygo","2.9","posted","Transit","Car & Transport","false","","regular","Chase Sapphire Reserve (9234)","","",""
"2026-03-30","Uber Eats","21.84","posted","Food Delivery","Food & Drink","false","","regular","Amex Gold (3012)","","",""
"2026-03-30","Seamless","29.75","posted","Food Delivery","Food & Drink","false","","regular","Amex Gold (3012)","","",""
"2026-03-30","Tatiana","65.59","posted","Restaurants","Food & Drink","false","","regular","Chase Sapphire Reserve (9234)","","",""
"2026-03-30","DoorDash","24.83","posted","Food Delivery","Food & Drink","false","","regular","Amex Gold (3012)","","",""
"2026-03-31","Venmo - Friend Split","32.89","posted","Venmo Social","","false","","regular","Venmo","","",""
"2026-03-31","DoorDash","21.29","posted","Food Delivery","Food & Drink","false","","regular","Amex Gold (3012)","","",""
"2026-03-31","DoorDash","20.0","posted","Food Delivery","Food & Drink","false","","regular","Amex Gold (3012)","","",""
"2026-03-31","Uber Eats","59.18","posted","Food Delivery","Food & Drink","false","","regular","Amex Gold (3012)","","",""
"2026-03-31","Via","6.31","posted","Rideshare","Car & Transport","false","","regular","Chase Sapphire Reserve (9234)","","",""
"2026-03-31","Everlane","59.08","posted","Clothing","Shopping","false","","regular","Amex Gold (3012)","","",""
"2026-03-31","Blue Bottle Coffee","15.9","posted","Cafés","Food & Drink","false","","regular","Amex Gold (3012)","","",""
"2026-03-31","La Colombe","2.5","posted","Cafés","Food & Drink","false","","regular","Amex Gold (3012)","","",""
"2026-03-31","DoorDash","76.43","posted","Food Delivery","Food & Drink","false","","regular","Amex Gold (3012)","","",""
"2026-03-31","SoulCycle","22.04","posted","Fitness Classes","","false","","regular","Chase Checking (5567)","","",""
"2026-04-01","PATH Tapp Paygo","3.0","posted","Transit","Car & Transport","false","","regular","Chase Sapphire Reserve (9234)","","",""
"2026-04-01","Spotify","12.99","posted","Subscriptions","","false","","regular","Chase Checking (5567)","","",""
"2026-04-01","Blue Bottle Coffee","7.34","posted","Cafés","Food & Drink","false","","regular","Amex Gold (3012)","","",""
"2026-04-01","Zelle - Landlord","3343.75","posted","Rent","","false","","regular","Chase Checking (5567)","","",""
"2026-04-01","Netflix","15.49","posted","Subscriptions","","false","","regular","Chase Checking (5567)","","",""
"2026-04-01","ClassPass","14.99","posted","Subscriptions","","false","","regular","Chase Checking (5567)","","",""
"2026-04-02","Apple One","17.99","posted","Subscriptions","","false","","regular","Chase Checking (5567)","","",""
"2026-04-03","Blue Bottle Coffee","8.78","posted","Cafés","Food & Drink","false","","regular","Amex Gold (3012)","","",""
"2026-04-03","NYCT Paygo","2.9","posted","Transit","Car & Transport","false","","regular","Chase Sapphire Reserve (9234)","","",""
"2026-04-03","iCloud Storage","9.99","posted","Subscriptions","","false","","regular","Chase Checking (5567)","","",""
"2026-04-03","Transfer to Marcus Savings","1814.36","posted","Savings Transfer","","true","","internal transfer","Chase Checking (5567)","","",""
"2026-04-03","ADP Payroll - Direct Deposit","-5022.44","posted","Income","","true","","income","Chase Checking (5567)","","",""
"2026-04-03","DoorDash","27.3","posted","Food Delivery","Food & Drink","false","","regular","Amex Gold (3012)","","",""
"2026-04-03","Blue Bottle Coffee","4.73","posted","Cafés","Food & Drink","false","","regular","Amex Gold (3012)","","",""
"2026-04-03","Uber Eats","21.77","posted","Food Delivery","Food & Drink","false","","regular","Amex Gold (3012)","","",""
"2026-04-03","Bonnie's","16.23","posted","Restaurants","Food & Drink","false","","regular","Chase Sapphire Reserve (9234)","","",""
"2026-04-04","Maman","43.2","posted","Brunch","Food & Drink","false","","regular","Amex Gold (3012)","","",""
"2026-04-04","DoorDash","38.23","posted","Food Delivery","Food & Drink","false","","regular","Amex Gold (3012)","","",""
"2026-04-04","Starbucks","6.0","posted","Cafés","Food & Drink","false","","regular","Amex Gold (3012)","","",""
"2026-04-04","AMC Theatres","18.34","posted","Entertainment","","false","","regular","Chase Sapphire Reserve (9234)","","",""
"2026-04-05","TJ Maxx","32.57","posted","General Shopping","Shopping","false","","regular","Chase Sapphire Reserve (9234)","","",""
"2026-04-05","Grubhub","20.97","posted","Food Delivery","Food & Drink","false","","regular","Amex Gold (3012)","","",""
"2026-04-05","Abraço","5.62","posted","Cafés","Food & Drink","false","","regular","Amex Gold (3012)","","",""
"2026-04-05","NYCT Paygo","2.9","posted","Transit","Car & Transport","false","","regular","Chase Sapphire Reserve (9234)","","",""
"2026-04-06","DoorDash","41.76","posted","Food Delivery","Food & Drink","false","","regular","Amex Gold (3012)","","",""
"2026-04-06","Uber Eats","58.06","posted","Food Delivery","Food & Drink","false","","regular","Amex Gold (3012)","","",""
"2026-04-06","Blue Bottle Coffee","7.75","posted","Cafés","Food & Drink","false","","regular","Amex Gold (3012)","","",""
"2026-04-06","Lyft","51.11","posted","Rideshare","Car & Transport","false","","regular","Chase Sapphire Reserve (9234)","","",""
"2026-04-07","NYCT Paygo","2.9","posted","Transit","Car & Transport","false","","regular","Chase Sapphire Reserve (9234)","","",""
"2026-04-07","Seamless","39.24","posted","Food Delivery","Food & Drink","false","","regular","Amex Gold (3012)","","",""
"2026-04-07","Starbucks","4.55","posted","Cafés","Food & Drink","false","","regular","Amex Gold (3012)","","",""
"2026-04-07","NYCT Paygo","2.9","posted","Transit","Car & Transport","false","","regular","Chase Sapphire Reserve (9234)","","",""
"2026-04-07","Blue Bottle Coffee","7.27","posted","Cafés","Food & Drink","false","","regular","Amex Gold (3012)","","",""
"2026-04-07","PATH Tapp Paygo","3.0","posted","Transit","Car & Transport","false","","regular","Chase Sapphire Reserve (9234)","","",""
"2026-04-07","Dhamaka","66.86","posted","Restaurants","Food & Drink","false","","regular","Chase Sapphire Reserve (9234)","","",""
"2026-04-07","Broadway/Telecharge","61.01","posted","Entertainment","","false","","regular","Chase Sapphire Reserve (9234)","","",""
"2026-04-07","PATH Tapp Paygo","2.9","posted","Transit","Car & Transport","false","","regular","Chase Sapphire Reserve (9234)","","",""
"2026-04-08","Heyday Facial","43.03","posted","Personal Care","Personal Care","false","","regular","Amex Gold (3012)","","",""
"2026-04-08","DoorDash","26.86","posted","Food Delivery","Food & Drink","false","","regular","Amex Gold (3012)","","",""
"2026-04-08","DoorDash","21.22","posted","Food Delivery","Food & Drink","false","","regular","Amex Gold (3012)","","",""
"2026-04-09","DoorDash","21.49","posted","Food Delivery","Food & Drink","false","","regular","Amex Gold (3012)","","",""
"2026-04-09","Via","9.27","posted","Rideshare","Car & Transport","false","","regular","Chase Sapphire Reserve (9234)","","",""
"2026-04-09","Equinox","297.1","posted","Gym Membership","","false","","regular","Chase Checking (5567)","","",""
"2026-04-09","Grubhub","21.82","posted","Food Delivery","Food & Drink","false","","regular","Amex Gold (3012)","","",""
"2026-04-09","DoorDash","19.79","posted","Food Delivery","Food & Drink","false","","regular","Amex Gold (3012)","","",""
"2026-04-09","Blank Street Coffee","4.41","posted","Cafés","Food & Drink","false","","regular","Amex Gold (3012)","","",""
"2026-04-09","DoorDash","45.88","posted","Food Delivery","Food & Drink","false","","regular","Amex Gold (3012)","","",""
"2026-04-09","Venmo - Friend Split","6.7","posted","Venmo Social","","false","","regular","Venmo","","",""
"2026-04-10","PATH Tapp Paygo","3.0","posted","Transit","Car & Transport","false","","regular","Chase Sapphire Reserve (9234)","","",""
"2026-04-10","Gramercy Tavern","30.64","posted","Restaurants","Food & Drink","false","","regular","Chase Sapphire Reserve (9234)","","",""
"2026-04-11","Cote Korean Steakhouse","47.81","posted","Restaurants","Food & Drink","false","","regular","Chase Sapphire Reserve (9234)","","",""
"2026-04-12","Blue Bottle Coffee","3.36","posted","Cafés","Food & Drink","false","","regular","Amex Gold (3012)","","",""
"2026-04-12","NYCT Paygo","3.0","posted","Transit","Car & Transport","false","","regular","Chase Sapphire Reserve (9234)","","",""
"2026-04-12","Diamond Reef","24.06","posted","Bars","Food & Drink","false","","regular","Chase Sapphire Reserve (9234)","","",""
"2026-04-12","DoorDash","31.07","posted","Food Delivery","Food & Drink","false","","regular","Amex Gold (3012)","","",""
"2026-04-12","Grubhub","30.98","posted","Food Delivery","Food & Drink","false","","regular","Amex Gold (3012)","","",""
"2026-04-13","Starbucks","6.04","posted","Cafés","Food & Drink","false","","regular","Amex Gold (3012)","","",""
"2026-04-13","DoorDash","27.09","posted","Food Delivery","Food & Drink","false","","regular","Amex Gold (3012)","","",""
"2026-04-14","Uber Eats","13.2","posted","Food Delivery","Food & Drink","false","","regular","Amex Gold (3012)","","",""
"2026-04-15","Patent Pending","20.01","posted","Bars","Food & Drink","false","","regular","Chase Sapphire Reserve (9234)","","",""
"2026-04-15","Sephora","41.64","posted","General Shopping","Shopping","false","","regular","Chase Sapphire Reserve (9234)","","",""
"2026-04-15","Dhamaka","38.87","posted","Restaurants","Food & Drink","false","","regular","Chase Sapphire Reserve (9234)","","",""
"2026-04-15","Gregory's Coffee","6.59","posted","Cafés","Food & Drink","false","","regular","Amex Gold (3012)","","",""
"2026-04-16","Venmo - Brunch Split","18.98","posted","Venmo Social","","false","","regular","Venmo","","",""
"2026-04-16","Altro Paradiso","117.65","posted","Restaurants","Food & Drink","false","","regular","Chase Sapphire Reserve (9234)","","",""
"2026-04-17","Uber Eats","42.11","posted","Food Delivery","Food & Drink","false","","regular","Amex Gold (3012)","","",""
"2026-04-17","ADP Payroll - Direct Deposit","-4916.24","posted","Income","","true","","income","Chase Checking (5567)","","",""
"2026-04-17","Transfer to Marcus Savings","1690.75","posted","Savings Transfer","","true","","internal transfer","Chase Checking (5567)","","",""
"2026-04-17","Abraço","4.12","posted","Cafés","Food & Drink","false","","regular","Amex Gold (3012)","","",""
"2026-04-17","NYCT Paygo","2.75","posted","Transit","Car & Transport","false","","regular","Chase Sapphire Reserve (9234)","","",""
"2026-04-17","Abraço","6.85","posted","Cafés","Food & Drink","false","","regular","Amex Gold (3012)","","",""
"2026-04-17","Starbucks","19.5","posted","Cafés","Food & Drink","false","","regular","Amex Gold (3012)","","",""
"2026-04-17","DoorDash","20.67","posted","Food Delivery","Food & Drink","false","","regular","Amex Gold (3012)","","",""
"2026-04-17","Uber Eats","12.45","posted","Food Delivery","Food & Drink","false","","regular","Amex Gold (3012)","","",""
"2026-04-18","Uber","8.37","posted","Rideshare","Car & Transport","false","","regular","Chase Sapphire Reserve (9234)","","",""
"2026-04-18","Lyft","9.82","posted","Rideshare","Car & Transport","false","","regular","Chase Sapphire Reserve (9234)","","",""
"2026-04-18","Lyft","16.19","posted","Rideshare","Car & Transport","false","","regular","Chase Sapphire Reserve (9234)","","",""
"2026-04-19","Altro Paradiso - Refund","-117.65","posted","Restaurants","Food & Drink","false","","regular","Chase Sapphire Reserve (9234)","","",""
"2026-04-19","DoorDash","15.92","posted","Food Delivery","Food & Drink","false","","regular","Amex Gold (3012)","","",""
"2026-04-19","Venmo - Uber Split","8.12","posted","Venmo Social","","false","","regular","Venmo","","",""
"2026-04-19","NYCT Paygo","2.9","posted","Transit","Car & Transport","false","","regular","Chase Sapphire Reserve (9234)","","",""
"2026-04-19","CVS Pharmacy","25.14","posted","Healthcare","","false","","regular","Chase Checking (5567)","","",""
"2026-04-19","Rumble Boxing","21.08","posted","Fitness Classes","","false","","regular","Chase Checking (5567)","","",""
"2026-04-19","Grubhub","35.59","posted","Food Delivery","Food & Drink","false","","regular","Amex Gold (3012)","","",""
"2026-04-20","Gregory's Coffee","5.44","posted","Cafés","Food & Drink","false","","regular","Amex Gold (3012)","","",""
"2026-04-20","MTA*NYCT Paygo","2.75","posted","Transit","Car & Transport","false","","regular","Chase Sapphire Reserve (9234)","","",""
"2026-04-21","Grubhub","55.24","posted","Food Delivery","Food & Drink","false","","regular","Amex Gold (3012)","","",""
"2026-04-21","Blue Bottle Coffee","5.45","posted","Cafés","Food & Drink","false","","regular","Amex Gold (3012)","","",""
"2026-04-21","Blank Street Coffee","5.51","posted","Cafés","Food & Drink","false","","regular","Amex Gold (3012)","","",""
"2026-04-21","MTA*NYCT Paygo","2.9","posted","Transit","Car & Transport","false","","regular","Chase Sapphire Reserve (9234)","","",""
"2026-04-21","Uber Eats","40.66","posted","Food Delivery","Food & Drink","false","","regular","Amex Gold (3012)","","",""
"2026-04-22","Uber Eats","30.11","posted","Food Delivery","Food & Drink","false","","regular","Amex Gold (3012)","","",""
"2026-04-22","NYCT Paygo","3.0","posted","Transit","Car & Transport","false","","regular","Chase Sapphire Reserve (9234)","","",""
"2026-04-22","Lilia","73.2","posted","Restaurants","Food & Drink","false","","regular","Chase Sapphire Reserve (9234)","","",""
"2026-04-22","Starbucks","13.03","posted","Cafés","Food & Drink","false","","regular","Amex Gold (3012)","","",""
"2026-04-23","Seamless","23.34","posted","Food Delivery","Food & Drink","false","","regular","Amex Gold (3012)","","",""
"2026-04-23","Grubhub","27.81","posted","Food Delivery","Food & Drink","false","","regular","Amex Gold (3012)","","",""
"2026-04-23","DoorDash","32.43","posted","Food Delivery","Food & Drink","false","","regular","Amex Gold (3012)","","",""
"2026-04-24","Starbucks","4.1","posted","Cafés","Food & Drink","false","","regular","Amex Gold (3012)","","",""
"2026-04-24","MTA*NYCT Paygo","2.75","posted","Transit","Car & Transport","false","","regular","Chase Sapphire Reserve (9234)","","",""
"2026-04-24","MTA*NYCT Paygo","2.9","posted","Transit","Car & Transport","false","","regular","Chase Sapphire Reserve (9234)","","",""
"2026-04-24","Glamsquad","25.83","posted","Personal Care","Personal Care","false","","regular","Amex Gold (3012)","","",""
"2026-04-24","NYCT Paygo","2.75","posted","Transit","Car & Transport","false","","regular","Chase Sapphire Reserve (9234)","","",""
"2026-04-25","Nail Salon","94.68","posted","Personal Care","Personal Care","false","","regular","Amex Gold (3012)","","",""
"2026-04-25","Starbucks","5.76","posted","Cafés","Food & Drink","false","","regular","Amex Gold (3012)","","",""
"2026-04-25","Amex Payment - Gold Card","3578.45","posted","Credit Card Payment","","true","","internal transfer","Chase Checking (5567)","","",""
"2026-04-25","Flat Iron","13.47","posted","London Expenses","","false","","regular","Chase Sapphire Reserve (9234)","","",""
"2026-04-26","Dudley's","34.78","posted","Brunch","Food & Drink","false","","regular","Amex Gold (3012)","","",""
"2026-04-26","DoorDash","40.07","posted","Food Delivery","Food & Drink","false","","regular","Amex Gold (3012)","","",""
"2026-04-26","Nordstrom","51.59","posted","Clothing","Shopping","false","","regular","Amex Gold (3012)","","",""
"2026-04-27","Uber Eats","61.04","posted","Food Delivery","Food & Drink","false","","regular","Amex Gold (3012)","","",""
"2026-04-27","Caviar","15.44","posted","Food Delivery","Food & Drink","false","","regular","Amex Gold (3012)","","",""
"2026-04-27","DoorDash","28.5","posted","Food Delivery","Food & Drink","false","","regular","Amex Gold (3012)","","",""
"2026-04-27","DoorDash","18.59","posted","Food Delivery","Food & Drink","false","","regular","Amex Gold (3012)","","",""
"2026-04-27","NYCT Paygo","2.9","posted","Transit","Car & Transport","false","","regular","Chase Sapphire Reserve (9234)","","",""
"2026-04-27","DoorDash","23.31","posted","Food Delivery","Food & Drink","false","","regular","Amex Gold (3012)","","",""
"2026-04-28","MTA*NYCT Paygo","2.9","posted","Transit","Car & Transport","false","","regular","Chase Sapphire Reserve (9234)","","",""
"2026-04-28","Unknown","3343.75","posted","Rent","","false","","regular","Chase Checking (5567)","","",""
"2026-04-28","Chase CC Payment - Sapphire Reserve","1072.37","posted","Credit Card Payment","","true","","internal transfer","Chase Checking (5567)","","",""
"2026-04-28","Uber Eats","18.44","posted","Food Delivery","Food & Drink","false","","regular","Amex Gold (3012)","","",""
"2026-04-28","MTA*NYCT Paygo","2.75","posted","Transit","Car & Transport","false","","regular","Chase Sapphire Reserve (9234)","","",""
"2026-04-28","MTA*NYCT Paygo","3.0","posted","Transit","Car & Transport","false","","regular","Chase Sapphire Reserve (9234)","","",""
"2026-04-28","Marcus by Goldman Sachs - Interest","-73.0","posted","Interest Income","","true","","income","Marcus Savings (8841)","","",""
"2026-04-28","Bonnie's","81.32","posted","Restaurants","Food & Drink","false","","regular","Chase Sapphire Reserve (9234)","","",""
"2026-04-28","DoorDash","35.71","posted","Food Delivery","Food & Drink","false","","regular","Amex Gold (3012)","","",""
"2026-04-28","Chase CC Payment - Sapphire Reserve","1169.42","posted","Credit Card Payment","","true","","internal transfer","Chase Checking (5567)","","",""
"2026-04-29","Uber Eats","30.29","posted","Food Delivery","Food & Drink","false","","regular","Amex Gold (3012)","","",""
"2026-04-29","NYCT Paygo","2.9","posted","Transit","Car & Transport","false","","regular","Chase Sapphire Reserve (9234)","","",""
"2026-04-29","Barry's Bootcamp","27.9","posted","Fitness Classes","","false","","regular","Chase Checking (5567)","","",""
"2026-04-29","Uber Eats","18.0","posted","Food Delivery","Food & Drink","false","","regular","Amex Gold (3012)","","",""
"2026-04-30","DoorDash","59.08","posted","Food Delivery","Food & Drink","false","","regular","Amex Gold (3012)","","",""
"2026-04-30","DoorDash","39.73","posted","Food Delivery","Food & Drink","false","","regular","Amex Gold (3012)","","",""
"2026-04-30","Devocion","4.96","posted","Cafés","Food & Drink","false","","regular","Amex Gold (3012)","","",""
"2026-04-30","PATH Tapp Paygo","2.75","posted","Transit","Car & Transport","false","","regular","Chase Sapphire Reserve (9234)","","",""
"2026-04-30","NYCT Paygo","3.0","posted","Transit","Car & Transport","false","","regular","Chase Sapphire Reserve (9234)","","",""
"2026-04-30","DoorDash","14.56","posted","Food Delivery","Food & Drink","false","","regular","Amex Gold (3012)","","",""
"2026-04-30","NYCT Paygo","2.9","posted","Transit","Car & Transport","false","","regular","Chase Sapphire Reserve (9234)","","",""
"2026-04-30","DoorDash","47.61","posted","Food Delivery","Food & Drink","false","","regular","Amex Gold (3012)","","",""
"2026-04-30","Sugarfish","61.07","posted","Restaurants","Food & Drink","false","","regular","Chase Sapphire Reserve (9234)","","",""
"2026-05-01","Bodega","20.27","posted","Groceries","Food & Drink","false","","regular","Amex Gold (3012)","","",""
"2026-05-01","Transfer to Marcus Savings","1713.19","posted","Savings Transfer","","true","","internal transfer","Chase Checking (5567)","","",""
"2026-05-01","DoorDash","11.47","posted","Food Delivery","Food & Drink","false","","regular","Amex Gold (3012)","","",""
"2026-05-01","Apple One","17.99","posted","Subscriptions","","false","","regular","Chase Checking (5567)","","",""
"2026-05-01","Zelle - Landlord","3350.0","posted","Rent","","false","","regular","Chase Checking (5567)","","",""
"2026-05-01","Spotify","12.99","posted","Subscriptions","","false","","regular","Chase Checking (5567)","","",""
"2026-05-01","ADP Payroll - Direct Deposit","-5013.23","posted","Income","","true","","income","Chase Checking (5567)","","",""
"2026-05-01","Blue Bottle Coffee","8.16","posted","Cafés","Food & Drink","false","","regular","Amex Gold (3012)","","",""
"2026-05-01","Starbucks","5.82","posted","Cafés","Food & Drink","false","","regular","Amex Gold (3012)","","",""
"2026-05-01","Nail Salon","138.75","posted","Personal Care","Personal Care","false","","regular","Amex Gold (3012)","","",""
"2026-05-02","DoorDash","32.56","posted","Food Delivery","Food & Drink","false","","regular","Amex Gold (3012)","","",""
"2026-05-02","Cote Korean Steakhouse","49.07","posted","Restaurants","Food & Drink","false","","regular","Chase Sapphire Reserve (9234)","","",""
"2026-05-03","Dudley's","24.63","posted","Brunch","Food & Drink","false","","regular","Amex Gold (3012)","","",""
"2026-05-03","Equinox","255.45","posted","Gym Membership","","false","","regular","Chase Checking (5567)","","",""
"2026-05-03","iCloud Storage","9.99","posted","Subscriptions","","false","","regular","Chase Checking (5567)","","",""
"2026-05-03","MTA*NYCT Paygo","2.9","posted","Transit","Car & Transport","false","","regular","Chase Sapphire Reserve (9234)","","",""
"2026-05-04","NYCT Paygo","2.9","posted","Transit","Car & Transport","false","","regular","Chase Sapphire Reserve (9234)","","",""
"2026-05-04","PATH Tapp Paygo","3.0","posted","Transit","Car & Transport","false","","regular","Chase Sapphire Reserve (9234)","","",""
"2026-05-04","Abercrombie & Fitch","155.57","posted","Clothing","Shopping","false","","regular","Amex Gold (3012)","","",""
"2026-05-04","Birch Coffee","8.34","posted","Cafés","Food & Drink","false","","regular","Amex Gold (3012)","","",""
"2026-05-04","Uber","9.94","posted","Rideshare","Car & Transport","false","","regular","Chase Sapphire Reserve (9234)","","",""
"2026-05-04","DoorDash","57.63","posted","Food Delivery","Food & Drink","false","","regular","Amex Gold (3012)","","",""
"2026-05-04","DoorDash","16.85","posted","Food Delivery","Food & Drink","false","","regular","Amex Gold (3012)","","",""
"2026-05-05","Gristedes","25.07","posted","Groceries","Food & Drink","false","","regular","Amex Gold (3012)","","",""
"2026-05-05","Netflix","15.49","posted","Subscriptions","","false","","regular","Chase Checking (5567)","","",""
"2026-05-05","Starbucks","4.69","posted","Cafés","Food & Drink","false","","regular","Amex Gold (3012)","","",""
"2026-05-05","Sugarfish","18.55","posted","Restaurants","Food & Drink","false","","regular","Chase Sapphire Reserve (9234)","","",""
"2026-05-05","DoorDash","32.95","posted","Food Delivery","Food & Drink","false","","regular","Amex Gold (3012)","","",""
"2026-05-05","Blue Bottle Coffee","6.6","posted","Cafés","Food & Drink","false","","regular","Amex Gold (3012)","","",""
"2026-05-05","Starbucks","5.05","posted","Cafés","Food & Drink","false","","regular","Amex Gold (3012)","","",""
"2026-05-05","DoorDash","31.19","posted","Food Delivery","Food & Drink","false","","regular","Amex Gold (3012)","","",""
"2026-05-06","Abraço","3.62","posted","Cafés","Food & Drink","false","","regular","Amex Gold (3012)","","",""
"2026-05-07","Blank Street Coffee","8.52","posted","Cafés","Food & Drink","false","","regular","Amex Gold (3012)","","",""
"2026-05-07","Blue Bottle Coffee","5.34","posted","Cafés","Food & Drink","false","","regular","Amex Gold (3012)","","",""
"2026-05-07","Caviar","19.41","posted","Food Delivery","Food & Drink","false","","regular","Amex Gold (3012)","","",""
"2026-05-07","DoorDash","78.65","posted","Food Delivery","Food & Drink","false","","regular","Amex Gold (3012)","","",""
"2026-05-07","DoorDash","32.09","posted","Food Delivery","Food & Drink","false","","regular","Amex Gold (3012)","","",""
"2026-05-07","Devocion","18.31","posted","Cafés","Food & Drink","false","","regular","Amex Gold (3012)","","",""
"2026-05-08","Birch Coffee","6.37","posted","Cafés","Food & Drink","false","","regular","Amex Gold (3012)","","",""
"2026-05-08","MTA*NYCT Paygo","2.9","posted","Transit","Car & Transport","false","","regular","Chase Sapphire Reserve (9234)","","",""
"2026-05-08","NYCT Paygo","2.9","posted","Transit","Car & Transport","false","","regular","Chase Sapphire Reserve (9234)","","",""
"2026-05-08","Starbucks - Refund","-5.05","posted","Cafés","Food & Drink","false","","regular","Amex Gold (3012)","","",""
"2026-05-08","ClassPass","14.99","posted","Subscriptions","","false","","regular","Chase Checking (5567)","","",""
